path,hash_id,documentType
austria/Decisions,878b23452ea5388a93286c28857c6ddd,GDPR
austria/Decisions,ab4775893f0f9b4ca146af1722518864,GDPR
austria/Decisions,62cffc2391087a1c419ba3bdf0990ff0,GDPR
austria/Decisions,62a0d4043cf1a0989449f53269da581d,GDPR
austria/Decisions,0909283a008a7814d4814a19851a0fad,GDPR
austria/Decisions,49d6634d3a8608fead0126b795821b2d,GDPR
austria/Decisions,c4e56c865d09a7c00adb289e3dd09cbe,GDPR
austria/Decisions,3c3c335bad76590062cc13a4b838bc7b,GDPR
austria/Decisions,25c07d0c04f0cfb2c5711b904e7e9230,GDPR
austria/Decisions,a2f7004e7bb85118b48cb3e0090702fb,GDPR
austria/Decisions,0626b43d9cac941e34137e2334dc5d4b,GDPR
austria/Decisions,a4a2102b16ce459c8edf156a1e42713b,GDPR
austria/Decisions,92b2f0d3e9bc15ff2e64738fb71bf960,needProcess
austria/Decisions,21382ae12da61892c8d38ab7bcacad83,GDPR
austria/Decisions,047eb2831ade8fad73666feda6f88161,GDPR
austria/Decisions,a77b66c3b480ceb9738a7a45e95002f0,GDPR
austria/Decisions,c3d3f069ae006f761da639e6b12f3d76,GDPR
austria/Decisions,c8b51619e1d9349fac7adde48a718d47,GDPR
austria/Decisions,28cdd3135eebba2352a43223c3c41f8b,GDPR
austria/Decisions,8908ccfb2e35349a00a5a4ebaa980654,needProcess
austria/Decisions,7b4cbd7423510085bcb8249d9003386f,needProcess
austria/Decisions,7bb786e317101b65a0ea2f81c26a5837,GDPR
austria/Decisions,fc1e7411d3064806ee91c3e1bae5b0fd,GDPR
austria/Decisions,1e32a034c9e05181616590a76667f769,GDPR
austria/Decisions,99494450e38da7557ecb963ffa8c8884,GDPR
austria/Decisions,f5578f193545d4910d1be3698c930f74,GDPR
austria/Decisions,310b575eee952d18f93b2aaf471303f4,GDPR
austria/Decisions,b2ba497d3e6b4ce72b9ed095a4d19b1f,GDPR
austria/Decisions,294530245ef335f494c3871ab9934e87,GDPR
austria/Decisions,640a704a104e43015c8942915ae14257,GDPR
austria/Decisions,06d6ecc92dc7d7ad6d8f1b3a01894de1,GDPR
austria/Decisions,03b38820317ba4d6c0b876a46c334a55,GDPR
austria/Decisions,81574fcb97169e35192c16be21593d06,GDPR
austria/Decisions,a1f954335de9a045a8f7dc2639a28ebb,GDPR
austria/Decisions,8446c267693c7793ad6944a0169bf846,needProcess
austria/Decisions,4dc903d8b53d70f678dc6441476ee0f6,GDPR
austria/Decisions,d64d439930fce70e590cf541e699d6d4,GDPR
austria/Decisions,e6bdc9441952eabb28daa8221c29b991,GDPR
austria/Decisions,d7811ba04640359fc0891b02b416e10d,needProcess
austria/Decisions,5a4530ca34cf6935d88ee8ea02e90b13,GDPR
austria/Decisions,343844db1d42b6bf5c4a305e7c5ecff8,GDPR
austria/Decisions,86b003306153b043e567761d8b9c7923,GDPR
austria/Decisions,bf21cc084358ed6992fb74024e5eaf1f,GDPR
austria/Decisions,3a8ab811b7e8a1e19a3ab2cc8d6e15fe,GDPR
austria/Decisions,07a9d392eb30e0523af873daff1bd206,needProcess
austria/Decisions,de7399a73e4c0c3e9317964e0ccd5220,GDPR
austria/Decisions,0c3a993022a0aca8aba6915a4119bf44,needProcess
austria/Decisions,e7e994b777072c8290c156ca7be5d1c3,GDPR
austria/Decisions,fbff3dac679acde29f4c9f14d01c704d,GDPR
austria/Decisions,8ce0ea6c2345bb5c883820acb656a784,needProcess
austria/Decisions,c8617b925ee5b3031886366ba52afbbe,GDPR
austria/Decisions,a5b760279ad4f7b21b5cfeea081567b7,GDPR
austria/Decisions,cfdef42a22e7c1c0f1bbd91bdd8060dd,GDPR
austria/Decisions,c189f46882421f3a60e7aa72f0244671,GDPR
austria/Decisions,9b01dc64a9cf1abee7100a4292bb3d63,GDPR
austria/Decisions,694f1fb50bcccb4b67256950bc162cfb,GDPR
austria/Decisions,0f740dc978759362e41d168400ff8c73,needProcess
austria/Decisions,5a7eb31d88ce57804da5163564135765,GDPR
austria/Decisions,e3c31f9e6fb91e3a24db6b7835b7a6ff,GDPR
austria/Decisions,207d8557cfa21947518e725aaa94e9b5,GDPR
austria/Decisions,a2107dafb4aa3ac30c1f07ed4f75dc97,GDPR
austria/Decisions,94f70879ff9f98d5e22b1ba25e83f476,GDPR
austria/Decisions,73d9db43435e5a49a95ae12e72d09d2d,GDPR
austria/Decisions,e9aab28411b24ada4b1a4296d3f0efdd,GDPR
austria/Decisions,a55c58b1dfb7bd04bb1f1e2e81595cf4,GDPR
austria/Decisions,3261b7540051253b12c9941506f9f9ca,GDPR
austria/Decisions,122ea9f9d903d0850abb8da6abadecd3,GDPR
austria/Decisions,a63e94961ed0fb482ff334ffedc0b0cb,GDPR
austria/Decisions,266cc846c6e0be5c7bde217c4c423808,GDPR
austria/Decisions,f4b6ae96b14b80ba5161d28fdcc0166c,GDPR
austria/Decisions,0a98beb45f0ece806afe277c4da136e1,needProcess
austria/Decisions,724dc1e388c3fccfae6c2d54210318d6,GDPR
austria/Decisions,f7acd962d938f4620ec7954b02057998,GDPR
austria/Decisions,e959be9410e201c031e802e5812ad5f9,GDPR
austria/Decisions,1b1f404b9d01cf6aa1585b00890739a3,GDPR
austria/Decisions,03808e751afc493a091ac68447d37111,GDPR
austria/Decisions,47db100666587c0139fb762a76af28b6,GDPR
austria/Decisions,7e277640557028adafc650750793541e,GDPR
austria/Decisions,c3d4cd066ecf0d4ff73e3993bfab634b,GDPR
austria/Decisions,49d2c00e6cd417c3851c655f3c4d3a46,GDPR
austria/Decisions,d0682a866c0073e1b2c4d2864ddbc4c4,GDPR
austria/Decisions,41fa08b978f6f75e061dacb81d62c5db,GDPR
austria/Decisions,111b922298b7e98909793d8b19a63e48,GDPR
austria/Decisions,e152eb02c637a80ff6e1342f1414332c,GDPR
austria/Decisions,76356442b5a2f39ee428ac3981d916dd,needProcess
austria/Decisions,87f38cfbbee5ef02b742693b53cd8660,GDPR
austria/Decisions,f743c57461352ac359797acdbddc3bbf,needProcess
austria/Decisions,8e4cc27436fa730063edfb84259cdf5a,GDPR
austria/Decisions,b879b2fc6474c61b9cc0cf5c45f8b3ed,GDPR
austria/Decisions,2c49ef108d91d5ca2594c21b38058e79,GDPR
austria/Decisions,401194a6214ad990df0426018fc1f431,GDPR
austria/Decisions,1ca3908bab6df000d70d8305d394cc13,GDPR
austria/Decisions,5f984ee478a88108c09f3ca71a934837,GDPR
austria/Decisions,ea76511ff38fbe733fb0181e5f04bd1d,needProcess
austria/Decisions,e7a434be5633c3b9f15c7d320198fab2,GDPR
austria/Decisions,775ab432126d714c5b9702e30de26d04,needProcess
austria/Decisions,f84f406259f7f2e3b9633eb88ce7ac3c,GDPR
austria/Decisions,a47f66a0c773e8344f104cd486b77322,GDPR
austria/Decisions,c7a0d818c59362e9aa54914e27ba407a,needProcess
austria/Decisions,6577d1aa23a18b3f13318ae99d7adf33,GDPR
austria/Decisions,0967e22950fc35065f03f5e98388fd09,GDPR
austria/Decisions,6e747ce53e10256e680114d361330f03,GDPR
austria/Decisions,fb716f35a3e9313efb43f3d0768eaed0,GDPR
austria/Decisions,d99507c8708bce41874cd348361be19f,GDPR
austria/Decisions,32d6d6dd280ada7d294be3603567630e,GDPR
austria/Decisions,5623fb562f7803a36818403ff9efffff,GDPR
austria/Decisions,4a8d6870aeb63c005658ff457a50d70a,GDPR
austria/Decisions,4d03d87d4a3cb5acb32b3eb3fe8a7edf,GDPR
austria/Decisions,1ece7bc16ec6616660a87101a3f95ba2,GDPR
austria/Decisions,599b49a5764273e0965642bdb603772f,GDPR
austria/Decisions,7ddea06c3c7c6d06eebd947af64fe89c,GDPR
austria/Decisions,75227559a364c64653453b7368007077,GDPR
austria/Decisions,c8f6f31d70200b8c5f27edcac39b9c70,GDPR
austria/Decisions,fc13549cfde5de5b0903c14cac45fcbe,GDPR
austria/Decisions,d443d359251df85be33fdb09cb8e6039,GDPR
austria/Decisions,83250c8f38136735b327dd151dd5b173,GDPR
austria/Decisions,94f5061e80cf4374aa22715dfb697c3e,GDPR
austria/Decisions,9cd0ca59bcd62f7cd2475f46c6d30ab7,GDPR
austria/Decisions,f039df8fde71703a83f096a680d1b7b6,GDPR
austria/Decisions,a42e187bc5a1176f437452c9e18a363c,GDPR
austria/Decisions,9d2cf3aef5390bdc4eae33b2bfea01c4,GDPR
austria/Decisions,6e6e128db62589d7da714c599b1ac13e,GDPR
austria/Decisions,21a234aac5eba1746f7328cad2737117,GDPR
austria/Decisions,e5702edc88d067dc85a6265ceea60414,GDPR
austria/Decisions,f5c0d3a40f5695ef7cc1152d020c3424,GDPR
austria/Decisions,7c268eaa5274eff1a3de9cbf94484134,GDPR
austria/Decisions,7b0505982755fbe1197638b02b8f3219,GDPR
austria/Decisions,715fd822fd44eb85c64b51c328231e75,GDPR
austria/Decisions,65da15c3701cffee54629a4449119984,GDPR
austria/Decisions,be42e34b64179e31691afd60c37fc285,needProcess
austria/Decisions,23116db20aa769a9a6276ffc56d0eabe,needProcess
austria/Decisions,3b3f2a4c8ca271e6be24e6e1a464a68e,needProcess
austria/Decisions,863300fe88c0b777380eb3f3bfb215ea,GDPR
austria/Decisions,7db9c10fcf69af876a6693dbe3b319eb,needProcess
austria/Decisions,c083eb061fcc5081d1ae90bf41e41d52,GDPR
austria/Decisions,1718756f902c341c35bae6954a5c133d,GDPR
austria/Decisions,cbcfcf3a2ae26e01ddad098005eed51c,needProcess
austria/Decisions,2388e60c83b6cf55d2459fd3d224b482,GDPR
austria/Decisions,0f0543b2addfa2efbd8b17358a412e39,GDPR
austria/Decisions,fe9e6f9c87795e5f41d5940e77564cf7,GDPR
austria/Decisions,263436bcd848ca5c11620ef43f275e88,GDPR
austria/Decisions,aeb0c1eb077a921ec5bf16bf2bbc4856,GDPR
austria/Decisions,a57409d939e8e071a34315f18d1ca7af,GDPR
austria/Decisions,f92c4cf16a9a3ea0c140985f5f541ef3,GDPR
austria/Decisions,aaeace4504eb4985dbf6c97809caff16,GDPR
austria/Decisions,297c13098fbd20c19cdafb37bdaf011a,GDPR
austria/Decisions,84b433d4356fe2ec3d9ba8ec5af3948d,GDPR
austria/Decisions,2530a449bae0baf358d69bdd1715b864,GDPR
austria/Decisions,a6ebf8593eb88858cc8affbb48d553ed,GDPR
austria/Decisions,36a3ea5684c700cfdc9d44be971a1316,GDPR
austria/Decisions,7f68fb02fcd6fdba8555c2ccc9c5f7fe,GDPR
austria/Decisions,60850c8c7e62301829b6b3484584231f,needProcess
austria/Decisions,1850d80572f8d478f9022507048132de,GDPR
austria/Decisions,2e89f21bd003abc77de2508922517ef4,needProcess
austria/Decisions,99a042b7d0217511aff3b0b85845fa0f,GDPR
austria/Decisions,ebfad367c6eaf8e8efe12bd2a718b814,GDPR
austria/Decisions,943947411a6d23e0f1816050462ef856,GDPR
austria/Decisions,8d707d931588c5f352aa445a19564306,GDPR
austria/Decisions,cd56853f0e164e368370b4d575b48eaa,GDPR
austria/Decisions,f668e4c98db0d08d8d0b84bac37e8e98,GDPR
austria/Decisions,5d4887a3c6c081c7a70576269fb9ee11,needProcess
austria/Decisions,f37186ab746067c4826933c3031fc20d,GDPR
austria/Decisions,f229a8dee7c54ed2c037270302816cbf,GDPR
austria/Decisions,1a01f6d26293eb480c0144c4bfb39cba,GDPR
austria/Decisions,4d48cd840835e82f14145a657379a9db,GDPR
austria/Decisions,3c5c194f37702d7245c0af7392e79ef0,GDPR
austria/Decisions,7cb77a712a650f6c2ac0221c5c4e59ed,GDPR
austria/Decisions,9ba99e677523ebc2cf4faec1921ae96d,GDPR
austria/Decisions,650d7933a8531c0afe4d4e7f9fd75ba6,GDPR
austria/Decisions,ba673902ed97b561abe8165607383495,GDPR
austria/Decisions,1bb262de094aba76874c7703c0688cfb,GDPR
austria/Decisions,8c2152a5abf4d8246019b8e4e7cae829,GDPR
austria/Decisions,2d74f0c06bec68e1636c82865d3d5221,GDPR
austria/Decisions,ba8ba8462e85c3ab3ec6884054da336b,GDPR
austria/Decisions,b9c5f76c8ed12d94fc78996ef3fa69a1,GDPR
austria/Decisions,e9a1ee41ffa2bd220e1012f9082e7999,GDPR
austria/Decisions,17871db932914b1d7f0473231b8f7d0e,GDPR
austria/Decisions,65074bb7d7debf64ad95dccc51f03049,GDPR
austria/Decisions,a5f1441fc6f443d67abd6e6551991c4a,GDPR
austria/Decisions,562b3719f7da583b14168dfcfbddbde0,GDPR
austria/Decisions,4d06adfb184c31d7ce44ae23c404b05e,GDPR
austria/Decisions,950fc06b25768c60265eb741c5db42f6,GDPR
austria/Decisions,9aec73498095d8882226903a511a1e98,GDPR
austria/Decisions,7951a21ab04e945ffb549699aaf4e3b2,GDPR
austria/Decisions,ad2f701244f28c072e0ea63a282876c5,GDPR
austria/Decisions,7529d19b9a69187c058e13063776a53a,GDPR
austria/Decisions,a0f7fd44869ce3329e3ccf381fa69adb,GDPR
austria/Decisions,e1566a02e95a47caa67931a643e5cba1,GDPR
austria/Decisions,d3171a069b5cca1a4c10d45568804778,GDPR
austria/Decisions,2a31edc526bda033b0bc07ac7bdb1cdd,GDPR
austria/Decisions,1a25296d986e910c3172e61eafb1cb35,GDPR
austria/Decisions,cf670b3dd47a35692d36587d03b5d9c8,GDPR
austria/Decisions,ffdaf453d73c2dd7a57ff54597900874,needProcess
austria/Decisions,25e5586beeb94c528e01d6358d976ede,GDPR
austria/Decisions,023d538279432429c1901090ebe4749e,GDPR
austria/Decisions,6995d55653ab4f83460f45697d579c82,GDPR
austria/Decisions,738319529cb0843ffab252caf691604c,GDPR
austria/Decisions,79aa81d111caf9ab2d1cd317e28a9d62,GDPR
austria/Decisions,1829bbb23907ef2018f04fd9ae41e262,needProcess
austria/Decisions,d4aeadc4178ccc6f941b4e399a54de35,needProcess
austria/Decisions,223974b68c89a6667a05c535fce79e88,needProcess
austria/Decisions,7d1163f39b0dbbc56e70089dea4fb976,GDPR
austria/Decisions,bfb64dfef25e49ff8c275e01c349afa3,GDPR
austria/Decisions,5fbdb635a8991a0e33dec22d7f73982c,GDPR
belgium/Decisions,b9fbf54808114db5410d9769972359af,GDPR
belgium/Decisions,a14ee1292ffb671edef82a037a3e72b6,GDPR
belgium/Decisions,9822a673472e65c71c520aa354df1f3d,GDPR
belgium/Decisions,610a59aad03e55b925af36b2883be4a4,GDPR
belgium/Decisions,c21ffbed09c1cd6af3e3252914c2c7b9,GDPR
belgium/Decisions,cbd1f6a1a19aff8f9d555655aff4da37,GDPR
belgium/Decisions,47b710bf64b45fed31fa5af118ee2fe0,needProcess
belgium/Decisions,942471dbc0cbc66027c7458d2def56d6,GDPR
belgium/Decisions,d9d0f15a82450488a80a58edb30b5f24,GDPR
belgium/Decisions,2233f3fbe5baff7e455a19410908dee2,needProcess
belgium/Decisions,d9deb48e702da143ede8bdb5a24f459c,GDPR
belgium/Decisions,ad3820e1188485d4eddbed3c3cb8cff5,needProcess
belgium/Decisions,633feb6babc4285a5617f8aa512fe388,needProcess
belgium/Decisions,0f3c7368ea3c075a6258a4538ba591ff,needProcess
belgium/Decisions,157b69cf2affe96638a0d097985cf3d6,GDPR
belgium/Decisions,d0cc7780f32e3e8925a95c0f22abac9e,GDPR
belgium/Decisions,fed23f71e2ad14cf1aed3cc98fa842b7,GDPR
belgium/Decisions,b909452424218dd09b11d55d6479549e,needProcess
belgium/Decisions,ae4aced3530a7db22c1be530f3261ec2,needProcess
belgium/Decisions,d2c581797fec0517727fab9769d46787,GDPR
belgium/Decisions,9d70380d9790ad9d3bf1245d160b9c1f,GDPR
belgium/Decisions,d8b72ac9882b517760c5f9ef5b96636a,needProcess
belgium/Decisions,d8012162ed856fc95f4f8f2cbc518734,GDPR
belgium/Decisions,af5767ce66266314b06947d20f7817d4,GDPR
belgium/Decisions,a7a67fb9f529ecf18922784c57f63f7a,GDPR
belgium/Decisions,7ad863efa4db63f39f767e3a3404e124,GDPR
belgium/Decisions,d3529fe16be13d663222c74399e0a59f,GDPR
belgium/Decisions,0479132ff53924a65213416acecb549f,GDPR
belgium/Decisions,5dd4983196bd3524be85b72d262a1cc6,needProcess
belgium/Decisions,783255becbd12eb5973cb4e81676fe86,GDPR
belgium/Decisions,0b7e8ba2621cde6a7ed71ee3b602c7c1,GDPR
belgium/Decisions,cf78f7085d7e53c7a79d67fb45a46a07,needProcess
belgium/Decisions,de1900c2dc72547dfdabd166d0440e13,GDPR
belgium/Decisions,9a9c153dd66c0f63b84931ddb84bdd4b,needProcess
belgium/Decisions,dd5a5192279ce4aa548a63c62a3de12f,GDPR
belgium/Decisions,d65b09c20664f6c45f6c3d2947fb784a,GDPR
belgium/Decisions,4d5037fe19960e0b505810c9710d3dc4,needProcess
belgium/Decisions,b273dc6b1bfbe9fe74fa6c686426b3fb,needProcess
belgium/Decisions,c9ee0c86e1f49e43227d301879619867,needProcess
belgium/Decisions,676bdab964b1778a489a3da6ed2eb845,non-GDPR
belgium/Decisions,f0b1265648a339f176982783a1733048,GDPR
belgium/Decisions,e84493002495d0b7c833f4937955f9a9,needProcess
belgium/Decisions,c91d8f9fcccd0fecf81e6e36c94fbcb0,needProcess
belgium/Decisions,d99aca55b0784fbf1fc762db6fdfa365,GDPR
belgium/Decisions,bd8c968c738e12e43b23b33362b3facf,needProcess
belgium/Decisions,fbb61ad5789d97a7dc9ab60aa37a741a,GDPR
belgium/Decisions,21d6cdba59f2c7c105c0820de27637f3,GDPR
belgium/Decisions,fa7c189ddcc06efd4230d8f97761eb5f,needProcess
belgium/Decisions,33c3664453e0dacf1f030dcd64e82125,GDPR
belgium/Decisions,5b83dc831011088371b46e98126f6cd6,GDPR
belgium/Decisions,afd4aea3c9b39e4f658e8f5e57ddc31b,needProcess
belgium/Decisions,498a7a6654339f0d41905261b46fb297,GDPR
belgium/Decisions,9c58ecf411c1143ab423318e643ab544,GDPR
belgium/Decisions,c12c660d514a9a375a036408a25d514a,needProcess
belgium/Decisions,2c83b78db68595e4ea7fe8026d606eda,GDPR
belgium/Decisions,b7aa35ffb6c2c193e4b75588f6952b03,non-GDPR
belgium/Decisions,45a75fbb1145555bc1fecc1a56611a74,GDPR
belgium/Decisions,4815093b35b121968dbea0823a50dc7a,needProcess
belgium/Decisions,22494ad3e1be97d4c44a3fa0403db99e,needProcess
belgium/Decisions,9d3bcb721518c769743ea7cfe9229ba2,GDPR
belgium/Decisions,2d221e47fafc4dfb5aa681e2c029817e,needProcess
belgium/Decisions,8ecd38a93d48d3e96766bdd7c0022bcc,GDPR
belgium/Decisions,740443333ae72b0ae26e07fd5dedd980,GDPR
belgium/Decisions,c49261da80629a1296bd3625d2f5ab08,GDPR
belgium/Decisions,1f56731e0a4ececbff30e251479a8498,needProcess
belgium/Decisions,5d918dff31daef5967f87d7fa7e9defd,GDPR
belgium/Decisions,098435e8169bf938514ef5ab9e88e46f,GDPR
belgium/Decisions,29d0c4223ac7cc74b4e94d20553e82de,GDPR
belgium/Decisions,18492d42f6b45b0dae34151ec4122f79,non-GDPR
belgium/Decisions,328eedf69a63de9884c3ab3001f1e473,GDPR
belgium/Decisions,aa0a5411619c25a52ee9c0ee086e47dd,GDPR
belgium/Decisions,369047f85d3c93e4dd7ecf8bc7b4b466,GDPR
belgium/Decisions,184db5709982a70d342f21109481aac2,GDPR
belgium/Decisions,3c159384ec002349dc6a300c9425a68b,needProcess
belgium/Decisions,cc6094d52accb7a41c1314b7ef3991a8,needProcess
belgium/Decisions,af03c2f8fdc1d14b3b9b8f39338ceeb5,GDPR
belgium/Decisions,232f8d5b3bd7eb6c951bf94fcb65272a,GDPR
belgium/Decisions,10006a683bed855c9ba50854a236539d,needProcess
belgium/Decisions,c3cf31dea2c419c3e38d48b248393406,needProcess
belgium/Decisions,4a539bc7aaf8a2de8cba539a16bd22a9,needProcess
belgium/Decisions,3c947d5df9251eca73ec359128d1ead4,GDPR
belgium/Decisions,5df03a86280500bd4b823710dd6c9db6,GDPR
belgium/Decisions,b0de610a7b2a4fb516c8cc8beb7d3a04,needProcess
belgium/Decisions,97dce6559cb436a113cf4b2139a8889e,non-GDPR
belgium/Decisions,362495ba0418c570ea248754353b39e6,GDPR
belgium/Decisions,83f9b8d0f2dc0b9fe9a62f1360067f60,GDPR
belgium/Decisions,fd47aa07f3aaca60a729442dd4864c89,needProcess
belgium/Decisions,75f6048486bff2d533eb541e008d9294,GDPR
belgium/Decisions,3a6d1adef9aec7c26c64d227817a9217,needProcess
belgium/Decisions,9c3f747cfb0e65d25eb1be2bbb649465,GDPR
belgium/Decisions,17912b827c74b1c5be4b776aaa169581,needProcess
belgium/Decisions,d2fc442492f1c507207fca33ee95c6c3,GDPR
belgium/Decisions,2df2db70bbf57602cf77c85566116266,needProcess
belgium/Decisions,bddd1bceb8784d2ac8a07017f5631bc7,needProcess
belgium/Decisions,9cb281928b0741e9a6a31925a49dbb9a,needProcess
belgium/Decisions,f4b36cb760837c7d20685f9535111ca3,GDPR
belgium/Decisions,ac0d37039b110df00ffd0ffc5cdfbaae,GDPR
belgium/Decisions,b4f1beee9a7e34686560b4293fef6f43,GDPR
belgium/Decisions,b6f69f41b1f4ca3330b86e60e82dda53,GDPR
belgium/Decisions,88a9d746a7c14dc960ea8c572cac3733,GDPR
belgium/Decisions,aa38cfaf88e6f680c52e63b3dc0b1f21,needProcess
belgium/Decisions,a6ebe4c64cba246bc5e4146cd0bdbbb0,GDPR
belgium/Decisions,70adb697484861b30fba392a781ca783,GDPR
belgium/Decisions,8db4fe9ece10b65fa410f6b7f4d393fa,GDPR
belgium/Decisions,581554a52ab846f7e5cfaee0d5eefbb5,GDPR
belgium/Decisions,58ec17fd7501a3e05ab68ac170856e78,needProcess
belgium/Decisions,6c68afe3f0a6efd37dc106efdbc0feb3,needProcess
belgium/Decisions,a6687d560e676a81d2c0704ee6d3440e,GDPR
belgium/Decisions,18b98f9d24a354d4338512601db3bfd1,needProcess
belgium/Decisions,9e73659bdb13ea6efb16fb7b128c2ff6,needProcess
belgium/Decisions,ddf6f2b59435a3a1d6c7db9d7a189658,GDPR
belgium/Decisions,9fcd5ab9c80fb5fa3a5996648181651e,GDPR
belgium/Decisions,4132b13a33e7b44d3ada99157b08dc26,GDPR
belgium/Decisions,3b6e953d8cfa1f4a1dd4f57bad72d1ee,needProcess
belgium/Decisions,42dcaff533b0b0bc820e13adabe260e3,GDPR
belgium/Decisions,b65a566a54175064eb3a2a12307f64fe,GDPR
belgium/Decisions,6914e745a4dcc7361ba02e001fa106d4,needProcess
belgium/Decisions,fd637ee2682a866cc78da9796bc1fb00,non-GDPR
belgium/Decisions,9af96c9736bbdd3fc4677de0326fd419,GDPR
belgium/Decisions,bfa4a1bce6573fb961ec1defc659e58c,GDPR
belgium/Decisions,3e86732d25f8fdbb7ed4caef994b1fd7,needProcess
belgium/Decisions,1fd710b5e150aad3c66b9372b0f920b5,needProcess
belgium/Decisions,9675d6ed0785116d3d8f3e4225888dc6,GDPR
belgium/Decisions,b4cb05641c10161462c10abbfb0c84c6,non-GDPR
belgium/Decisions,68877fcad6e1849be2048d7d5bccafac,GDPR
belgium/Decisions,89a69f5f34ced42e2a502fb8c681a494,needProcess
belgium/Decisions,ffceee069537b07537d9af66f8e58a65,needProcess
belgium/Decisions,3f808532d2ad4e709abf73bde74d9931,needProcess
belgium/Decisions,8e8e7431300bea94ae258946e985f071,GDPR
belgium/Decisions,03b92416c1acf0c047c2660786854e9f,non-GDPR
belgium/Decisions,0749b014fd70ec584f984e84cd831e8f,GDPR
belgium/Decisions,d067b689a514fb31529125443ffe4b9d,needProcess
belgium/Decisions,91fb09acb333a4b1997546d2653ea648,GDPR
belgium/Decisions,b6b3ede184ff46094e401fcfbc966ac2,GDPR
belgium/Decisions,38ff96bb26b10b0588a5f8698b172330,needProcess
belgium/Decisions,9d9b6a0b8352febfc67ef2863745de52,GDPR
belgium/Decisions,5b4bbcd32449a11d52d3a9b83fe4a5fb,GDPR
belgium/Decisions,95b7ef1b4e352cff73fc912ea43d74ce,needProcess
belgium/Decisions,f36f9a3a42cca56bd520c96196d5ea89,GDPR
belgium/Decisions,f2dd4ff35314a7f8767bcae4b51781b1,GDPR
belgium/Decisions,7771fed41952dd294b10afc20cb2c6fe,non-GDPR
belgium/Decisions,767e6c720bfa1e6fff716cd9a9ba24da,needProcess
belgium/Decisions,06667ebf5a7ac4feb0ff64721f35ed9e,GDPR
belgium/Decisions,ac63db2fcfe8ac8a7b41945c6fe141df,needProcess
belgium/Decisions,518220cbfc4b706b31eb189460fe0674,GDPR
belgium/Decisions,4660a67efa39f6a6e8ebb17ab21a8c35,GDPR
belgium/Decisions,072aea00b2c63e353cd7d9c0b41c3789,GDPR
belgium/Decisions,9b9eaa97a6da6c089e4e224226c2f9bf,GDPR
belgium/Decisions,4f3e758a2325356efcb97c75f2d04901,GDPR
belgium/Decisions,0f9bd49ddaef17893da3fe48e44affda,GDPR
belgium/Decisions,c91c2d5b32721a90f218d31b149a3277,needProcess
belgium/Decisions,3d24792145ff7f0d382cafd0b2a51daf,needProcess
belgium/Decisions,585d86552300466e8edcfc9cd3f39a78,GDPR
belgium/Decisions,6ff6ad4b1a9dc5f742066c5836b3f01c,GDPR
belgium/Decisions,ab26db92c4c449f1bfc79c637a994291,GDPR
belgium/Decisions,dca391a0fe5c7517e5e70b70ad22b4f7,GDPR
belgium/Decisions,1796eeeb36f46b981034de19723eff29,non-GDPR
belgium/Decisions,b67da65060467ee4bd9039844424a1ee,needProcess
belgium/Decisions,aa1a0bfb39e3d810e4b1bc25b2096e73,GDPR
belgium/Decisions,695f700dd2808142b6329f1ead952cef,GDPR
belgium/Decisions,efec4d5643ff9b8b00f50f0b393a6aa1,needProcess
belgium/Decisions,e7c4b19f6f30b223b12e431624f1fe3c,GDPR
belgium/Decisions,dac322b0e41c27c9a4bba34c8ecd02da,GDPR
belgium/Decisions,84d103d421d6c37681bb584131aefef4,GDPR
belgium/Decisions,807a78c0ffb962dfe8ebc2c1b1b5acb0,needProcess
belgium/Decisions,7eb4418864cce48934746f698eabc23f,GDPR
belgium/Decisions,7dd08223ad8e79abe45d06439913f404,needProcess
belgium/Decisions,b65ac7ad8967634bb76d5f369d204349,GDPR
belgium/Decisions,8716ebbfaadddabe93d9972f2c225593,GDPR
belgium/Decisions,2881d36cd8da49866e94d78b406fbe4d,non-GDPR
belgium/Decisions,2e65cfde100e309cd9be0814a8ac338a,needProcess
belgium/Decisions,5832d70a42a1497eaa7ca4fff2e9843f,needProcess
belgium/Decisions,ba408b6d5358dd912dfedd4252d38fd5,GDPR
belgium/Decisions,d7f15b2923b66c9cd7be595f105a7707,GDPR
belgium/Decisions,e980c941e5d315ae90d0fa9f6e48a2ff,GDPR
belgium/Decisions,071515061e3fd5d6204780f4e1d65c69,needProcess
belgium/Decisions,d7e5029e11da77bc33b582191c61e062,GDPR
belgium/Decisions,c7a513e5f1a2fe8df6764d9668cbd3cf,GDPR
belgium/Decisions,b1a089f4540944c580a2a5b1e0d69040,GDPR
belgium/Decisions,9193418854c3473232a067e6999eee80,GDPR
belgium/Decisions,da325cda0407c3c1abe4a525679934e7,non-GDPR
belgium/Decisions,947a6c5a54af8e41021998de90a7a7ad,GDPR
belgium/Decisions,19a43461e2acf9ba3b7f9b76e9437066,needProcess
belgium/Decisions,034313623f41bb17638313ff1c179e28,GDPR
belgium/Decisions,d867b43f39774d0eab9914d332b9b323,needProcess
belgium/Decisions,2b0cb2ccb72ee34bc969b44efbe9b380,GDPR
belgium/Decisions,c10b0b0216ccb2b2b503fcc670efc2a2,GDPR
belgium/Decisions,6c488f6e0efa2b7a480f6651b9ddda39,needProcess
belgium/Decisions,348500b305b90cd00938ef5b7343889c,needProcess
belgium/Decisions,95a75cded3f1f60a62f73030ceba3463,needProcess
belgium/Decisions,9966406efc8af64d3a4bdaec88a71628,GDPR
belgium/Decisions,a575947081f9de8648cf0918246f983e,GDPR
belgium/Decisions,40d57d16762c2502653cce1d4b0b48cb,GDPR
belgium/Decisions,6369fd2ad04dc582b5c0a44ea5d7c458,GDPR
belgium/Decisions,4b7ec22ac6b3b7788526708af4fc6b92,needProcess
belgium/Decisions,1f18262fbbd21556ff0cd1acb576f299,GDPR
belgium/Decisions,1e448915758a53cf32e0f320e256ce76,non-GDPR
belgium/Decisions,d9870f3c56147f076f5a687b6b58ccad,needProcess
belgium/Decisions,dfbf7bcce3b1bfdf75d4d5a28bbbf30a,needProcess
belgium/Decisions,29d59d2af9b1dde0106abce8b86ceeb0,GDPR
belgium/Decisions,f483d070de03e60cfc1718acaab3facc,needProcess
belgium/Decisions,61ddc937352e65c49e7f47dc39c23913,GDPR
belgium/Decisions,e86332d1d0eca92c6bb293ee127b1a64,GDPR
belgium/Decisions,343b11de3b674dfa06c32aa02eaebdc7,GDPR
belgium/Decisions,51dfd1c6b26402a7d1b3cf833ff5c540,needProcess
belgium/Decisions,8fec7ef21c032bb9a9f8cd51f17978cf,GDPR
belgium/Decisions,b35234385035fc0b2c7de43a9d1b62ed,non-GDPR
belgium/Decisions,9d735780105092285c264530bf6dd5bc,GDPR
belgium/Decisions,fe3bf308a28728d0ec0c3cf2f8078852,needProcess
belgium/Decisions,d024cf71a0bc027f787883eac80028fe,needProcess
belgium/Decisions,3ae7b66187f9c80818f3d5d9c7f382cb,GDPR
belgium/Decisions,59fab433dc67efce21573c78d8363583,GDPR
belgium/Decisions,8a160c405769d0e10b75eb925e537538,needProcess
belgium/Decisions,39c41e707ef2bdbdbdb025c4c5726d7a,GDPR
belgium/Decisions,46e7eba98863b3880610acb91bb7a2bd,needProcess
belgium/Decisions,722750cdda97756ae0e36a4892c162ad,non-GDPR
belgium/Decisions,bf8bb765e691b87363229ae73b85ed93,GDPR
belgium/Decisions,5a1b8176ca557835b508b35e58cc00d4,GDPR
belgium/Decisions,9f0e0d8cad7f744a14dc30bf361332b7,non-GDPR
belgium/Decisions,0c16e85b99203e6bcb8d046d2792ff23,GDPR
belgium/Decisions,f68d24782fe6f8163b0885d0e109550a,needProcess
belgium/Decisions,3aaa5f29fef1d90e4c5f0210ae0649c4,needProcess
belgium/Decisions,8d7ae40299bff08d0f39d7f405e1459f,GDPR
belgium/Decisions,7b0b60ec193c62e83004dde6150e9453,GDPR
belgium/Decisions,01589fa7c3b6f7356f8960937266a3c2,needProcess
belgium/Decisions,69aa55ca7afa3fe5bb3eab10eb8cb591,GDPR
belgium/Decisions,7f8aa92a8d99b90bd947cc2f4d5587fe,GDPR
belgium/Decisions,390223739ed551882f4750cbc1931799,needProcess
belgium/Decisions,8e91c614cad9c0bd7761a22ada0d2bb4,GDPR
belgium/Decisions,fbd48afa7805c2b1b221cfaaa7652926,GDPR
belgium/Decisions,aae966b9ece5c3961c655f25d893b993,needProcess
belgium/Decisions,b75a23fd01941761418bd1c4934aa97e,needProcess
belgium/Decisions,d76002c665a0dca5f713047ec997341d,needProcess
belgium/Decisions,fac6e70e0601cafd7a8c513b55289710,GDPR
belgium/Decisions,5c85a48402b4f9a2213f497738cbe154,needProcess
belgium/Decisions,64a2d6753b4b0f6502459424ee1cf76f,needProcess
belgium/Decisions,4b13dc6f5576457f47517c036248038e,needProcess
belgium/Decisions,1519ac9fdbb861e67bd2e1b6fda5bd6a,non-GDPR
belgium/Decisions,5c5f7626b238b1e2a804741eb97d1187,needProcess
belgium/Decisions,2e25b429bf55412aa034dee3b9497071,GDPR
belgium/Decisions,d462d65ccf7979d39012ef7f5474c22a,needProcess
belgium/Decisions,a0e4a30afc86fac7216ef38e5645f7d1,GDPR
belgium/Decisions,341d450faf5470c99888ec3cbda032ac,needProcess
belgium/Decisions,0656123b18bb5107ec5af35315975888,needProcess
belgium/Decisions,e1402509486593400e927f89d3d9ea57,needProcess
belgium/Decisions,824fb1434908e71fd06757c5bf747844,non-GDPR
belgium/Decisions 2,00a4243046cd434722243f2eb4676865,non-GDPR
belgium/Decisions 2,1d76e2bd773c54f2acb323a094c7f588,non-GDPR
belgium/Decisions 2,615fffd7aab0905c83a9e9a9ddb061b3,non-GDPR
belgium/Decisions 2,3ce78715e968baaf167e9265a5d120da,non-GDPR
belgium/Decisions 2,aeaca7d01980ddaf75b0825f496d4dfb,non-GDPR
belgium/Decisions 2,4a8ec2af770228cd092db2ea49334cd5,non-GDPR
belgium/Decisions 2,75b04b6d21f33659a152e5bddc1b31cc,non-GDPR
belgium/Decisions 2,e41eab0d2dfdf281925b58a90f35aa8d,non-GDPR
belgium/Decisions 2,67eccce5ed905b4a7f26263bdd5a89af,non-GDPR
belgium/Decisions 2,6d1b7191607727bb24212ec39d501688,non-GDPR
belgium/Decisions 2,1078da15a6db262b41aa12a2acf0e92a,non-GDPR
belgium/Decisions 2,2b0d01106aa2be084d21ff1f52f897d2,non-GDPR
belgium/Decisions 2,971dfa1dc3b8a6253ec7e4185219dc0c,non-GDPR
belgium/Decisions 2,66a7790173ac1032787513c79ce73f30,non-GDPR
belgium/Decisions 2,f8e11379e868359ec2c5ab4eb8b846bd,non-GDPR
bulgaria/Courts Decisions,f7eb89cfdc0096786634a9f001903a20,non-GDPR
bulgaria/Courts Decisions,72bb60d969e87e9ca553152e81520e10,GDPR
bulgaria/Courts Decisions,f7bd9a064f6f8834e2ddad5a6c82abc5,GDPR
bulgaria/Courts Decisions,2aaa108bd65dd539f4d9c32abdcfce1c,GDPR
bulgaria/Courts Decisions,2ea580cecb8069b8718449a023ce3499,GDPR
bulgaria/Courts Decisions,e48981ae884398714eb96d38a9343f18,GDPR
bulgaria/Courts Decisions,a2f694d27db265d0572a01b683b5347e,GDPR
bulgaria/Courts Decisions,6eb1fcb84d73e2537a361b0e2f5fdfc8,GDPR
bulgaria/Courts Decisions,32f0de96566aaf00d7616512e3ca6d61,GDPR
bulgaria/Courts Decisions,bad4c90ca79b2c0005bbe27eec515684,non-GDPR
bulgaria/Courts Decisions,b28618b407525f223763f5ec4d21e106,GDPR
bulgaria/Courts Decisions,68b329da9893e34099c7d8ad5cb9c940,GDPR
bulgaria/Courts Decisions,864a20e97f6535b0c2b63a136535c6ae,non-GDPR
bulgaria/Courts Decisions,1a905da36f146ce4e57c55c4242bfd6c,non-GDPR
bulgaria/Courts Decisions,2622e9483c92a9ec85386febfa571cda,non-GDPR
bulgaria/Courts Decisions,830dfabbad495cc65d3ff843674ee067,GDPR
bulgaria/Courts Decisions,2909d4020f99dd68487bddc5701e23ee,GDPR
bulgaria/Courts Decisions,3ec3698fc66b411df7a0e87f2667d86c,GDPR
bulgaria/Courts Decisions,a42502b9c550c8444383fc89cf24fc38,GDPR
bulgaria/Courts Decisions,36edae5fa6430977b017736001bfbceb,GDPR
bulgaria/Courts Decisions,b45254e55468b881a6722c21c409366e,GDPR
bulgaria/CPDP Decisions or Opinion,b2b0e48d7b6fcba28974a0059474e86f,needProcess
bulgaria/CPDP Decisions or Opinion,447accf5f05bbc8c35dd16c96e4d8a51,GDPR
bulgaria/CPDP Decisions or Opinion,8382d446b9b40376e0d708e6ec3cf481,GDPR
bulgaria/CPDP Decisions or Opinion,6db3aa209430f7c69042249427f8721b,non-GDPR
bulgaria/CPDP Decisions or Opinion,3341db3b6efcd08ae2009c1ecd08a94a,non-GDPR
bulgaria/CPDP Decisions or Opinion,63c0b8efa6339abcb4b1fe97529e758b,GDPR
bulgaria/CPDP Decisions or Opinion,7ff96a93ce5018a2bd76b24493a732b2,non-GDPR
bulgaria/CPDP Decisions or Opinion,a9caf08819fd2b1de8f75d824666cc81,non-GDPR
bulgaria/CPDP Decisions or Opinion,f8f9617d29304740a4f09281e2a925c1,GDPR
bulgaria/CPDP Decisions or Opinion,bb161dedc273dc5e25c64e7000f25f8b,GDPR
bulgaria/CPDP Decisions or Opinion,b365303d2ad830fa2c6bccad0198a12e,non-GDPR
bulgaria/CPDP Decisions or Opinion,b110d7580f53dd33a7b7d15b689416d2,GDPR
bulgaria/CPDP Decisions or Opinion,5c4945625622602fd42268849f212b3e,GDPR
bulgaria/CPDP Decisions or Opinion,d686844d5401c771f175576422ce67cc,non-GDPR
bulgaria/CPDP Decisions or Opinion,4650937869ac48cc07966c38927992e4,GDPR
bulgaria/CPDP Decisions or Opinion,b0c8ae6fa8de0a9f268414ef12e9a215,non-GDPR
bulgaria/CPDP Decisions or Opinion,c732ca32f3cc9fe2a0d8dada7f33922d,needProcess
bulgaria/CPDP Decisions or Opinion,4e972e5817b67a8fb83b221c246f4601,GDPR
bulgaria/CPDP Decisions or Opinion,01a43a800473f686e7a170ce39a0c061,GDPR
bulgaria/CPDP Decisions or Opinion,183952923c0eec8fb9e59c11560c1f18,GDPR
bulgaria/CPDP Decisions or Opinion,20699142e1b7a969e0e1b73daf2a5e78,GDPR
bulgaria/CPDP Decisions or Opinion,f47132271bbd9135472592a9146b707d,GDPR
bulgaria/CPDP Decisions or Opinion,eae2519e1e65f67e7aa8fbab69c7c619,non-GDPR
bulgaria/CPDP Decisions or Opinion,3a5b3b17c4abba88511e715f7f643abe,GDPR
bulgaria/CPDP Decisions or Opinion,9dd502de369056226560c8c2dbc7e4b2,non-GDPR
bulgaria/CPDP Decisions or Opinion,3ef5c41f99c2a375730b916863282c43,non-GDPR
bulgaria/CPDP Decisions or Opinion,a0afab70bb07ef6a031bdf1e2402cea8,GDPR
bulgaria/CPDP Decisions or Opinion,4aaa81ff6b942d56d41ce848875c0979,GDPR
bulgaria/CPDP Decisions or Opinion,1cb145299cd0446c0ebd8097067ff5dc,non-GDPR
bulgaria/CPDP Decisions or Opinion,b585f8cd98df85e4164db284291e493e,GDPR
bulgaria/CPDP Decisions or Opinion,017b786cfb647ce73fc929ef76a5e21c,GDPR
bulgaria/CPDP Decisions or Opinion,d8946833b3ce013535401f6b78b6a8ab,GDPR
bulgaria/CPDP Decisions or Opinion,c22588275d5a17a5f5a5de48b8698965,non-GDPR
bulgaria/CPDP Decisions or Opinion,3b8c49f8e80ea47b133e25bd1b97ab4c,non-GDPR
bulgaria/CPDP Decisions or Opinion,ca60d771a9431de0f53afaa98badf02f,non-GDPR
bulgaria/CPDP Decisions or Opinion,aa984e8bfe192830ff33f09d2df41d5d,GDPR
bulgaria/CPDP Decisions or Opinion,daf899308d91af002167918df2b863fb,GDPR
bulgaria/CPDP Decisions or Opinion,ca12101343076bd7eb784d497fd68273,GDPR
bulgaria/CPDP Decisions or Opinion,1e5cf329fc4685a5cd84dc21b8099ac3,non-GDPR
bulgaria/CPDP Decisions or Opinion,9bb309ae1c9f1aa176c5092b3dc24cbb,non-GDPR
bulgaria/CPDP Decisions or Opinion,e1a3558b839019da884f402aa7314087,non-GDPR
bulgaria/CPDP Decisions or Opinion,ee28b7b1259e6fd3744b5e7965829421,GDPR
bulgaria/CPDP Decisions or Opinion,c402dbb208a65597500047c8a2cf746c,non-GDPR
bulgaria/CPDP Decisions or Opinion,b4ad2f948e0da2b844c0d970d419a279,non-GDPR
bulgaria/CPDP Decisions or Opinion,95d6d45856baa899c854950890cfb20e,non-GDPR
bulgaria/CPDP Decisions or Opinion,4640b401572074d01e7e53f3311afdf2,GDPR
bulgaria/CPDP Decisions or Opinion,a1cbfeef3d1f3831e8a2ee1e4d062de6,GDPR
bulgaria/CPDP Decisions or Opinion,7d6b2dd901f626efd0dc68b1ba2e307c,GDPR
bulgaria/CPDP Decisions or Opinion,3ee6ab205b954458983ebc0ab31f29af,non-GDPR
bulgaria/CPDP Decisions or Opinion,eec1d54ccaed4d99859786ac7642f010,GDPR
bulgaria/CPDP Decisions or Opinion,9829572ec5b609625705e5fed32e2f3d,non-GDPR
bulgaria/CPDP Decisions or Opinion,2f0ef2c7bf38922c90156555d371011b,GDPR
bulgaria/CPDP Decisions or Opinion,a0f0b07516370d49946380aaacfbcbec,GDPR
bulgaria/CPDP Decisions or Opinion,f2a23b94fd4a76320b8ae65e672e23df,non-GDPR
bulgaria/CPDP Decisions or Opinion,b0de84e0eeb38def527a73c31f62c8a5,GDPR
bulgaria/CPDP Decisions or Opinion,6bb8ce8c6818a8a6139c32f1968afbbb,GDPR
bulgaria/CPDP Decisions or Opinion,58e04962671c54b5648d54aafa0ed5f3,non-GDPR
bulgaria/CPDP Decisions or Opinion,5a5881e02d2e0b385f9a9412a8d7ed9b,GDPR
bulgaria/CPDP Decisions or Opinion,ffbdefba93e0bf610315e28f8bbcb875,non-GDPR
bulgaria/CPDP Decisions or Opinion,94a5ff3b361cb5c52c4f32f7499b23d8,needProcess
bulgaria/CPDP Decisions or Opinion,666ccca40d90d039309b8a6d8cc0ea3a,non-GDPR
bulgaria/CPDP Decisions or Opinion,9646c6c71d8413e70915075eca9d798c,GDPR
bulgaria/CPDP Decisions or Opinion,924af502f5791f3cf3dbbe48bae6d1a3,GDPR
bulgaria/CPDP Decisions or Opinion,20d1ce86e1110d88faf547917ef188b3,non-GDPR
bulgaria/CPDP Decisions or Opinion,e0eac04a07670853fa7b29b663ab281a,non-GDPR
bulgaria/CPDP Decisions or Opinion,795158a78f1b72eb08bcd4dea2580937,GDPR
bulgaria/CPDP Decisions or Opinion,cea04547ed33525fc179291a6a5e027a,needProcess
bulgaria/CPDP Decisions or Opinion,4f8e2b47d38338b0af6bdc0b79dabbb7,GDPR
bulgaria/CPDP Decisions or Opinion,e1f4c83ab150a6df373b40cae67fd416,non-GDPR
bulgaria/CPDP Decisions or Opinion,83e0de1cb70ce0041b85adc360701049,GDPR
bulgaria/CPDP Decisions or Opinion,1815f02fb735f4ec5c10a4a656ec0236,non-GDPR
bulgaria/CPDP Decisions or Opinion,2036468b4cf5ddd8462f2ce02e1b180b,GDPR
bulgaria/CPDP Decisions or Opinion,8f7a1de38267913dbcaed65d772efc25,GDPR
bulgaria/CPDP Decisions or Opinion,cf016f73eafe5769636316d5d9f43f75,GDPR
bulgaria/CPDP Decisions or Opinion,db57b483f9a63f219925d741e5bddcbd,needProcess
bulgaria/CPDP Decisions or Opinion,c124d7587fe71eca8087aa652e1f3308,needProcess
bulgaria/CPDP Decisions or Opinion,b319fcd81fdbaa6d70baf74cb2200bfa,non-GDPR
bulgaria/CPDP Decisions or Opinion,744a417e1e118fed513905a11334b3ff,non-GDPR
bulgaria/CPDP Decisions or Opinion,a8033573dc1bee8c97308ba360ea450d,needProcess
bulgaria/CPDP Decisions or Opinion,de22a897d351bb60e5c6e5d17a7e4d96,needProcess
bulgaria/CPDP Decisions or Opinion,b3bf3167771cd584bdf9a6e1935d173d,GDPR
bulgaria/CPDP Decisions or Opinion,ea20218347279d46d3bad5a20fd5f80a,GDPR
bulgaria/CPDP Decisions or Opinion,add7342f6e7192a4ddb989e17c9a685f,non-GDPR
bulgaria/CPDP Decisions or Opinion,cb0d9897f4a47f17fef1b3ed7d37a438,GDPR
bulgaria/CPDP Decisions or Opinion,ec497e4beb482442b7324c9a0aa6c0fb,non-GDPR
bulgaria/CPDP Decisions or Opinion,101a39900de2dd9f61e35133231892ca,non-GDPR
bulgaria/CPDP Decisions or Opinion,680a582248d88f5f91c1201452d19b6a,needProcess
bulgaria/CPDP Decisions or Opinion,3967033114dd2f1a0257aa79b7641f48,GDPR
bulgaria/CPDP Decisions or Opinion,4b1b99d7d52dff2eb12102a5f66e2c90,non-GDPR
bulgaria/CPDP Decisions or Opinion,ea3d6baec836b30313cf9a91d5e239be,non-GDPR
bulgaria/CPDP Decisions or Opinion,4ebae0bd45d4ebaa19ada7cc1389ce89,non-GDPR
bulgaria/CPDP Decisions or Opinion,4cac1c41735a80b668839e3aa39ffb87,GDPR
bulgaria/CPDP Decisions or Opinion,d9e7e3b20d854cca17dce33565df66ef,needProcess
bulgaria/CPDP Decisions or Opinion,d996bce811a1deaea548bea1a4766234,GDPR
bulgaria/CPDP Decisions or Opinion,be5003118b41138068c03127a8a9b89c,non-GDPR
bulgaria/CPDP Decisions or Opinion,f38ae6a66dae78b349d2a591ac0e9277,non-GDPR
bulgaria/CPDP Decisions or Opinion,8cb6c3f3b51556d4a27130b6eb006d84,GDPR
bulgaria/CPDP Decisions or Opinion,f1bb14cdb134c33684a4c1d942c451a4,GDPR
bulgaria/CPDP Decisions or Opinion,37278ecccb0bcd53f51ed1e7508b76b8,non-GDPR
bulgaria/CPDP Decisions or Opinion,5cf2c9166ff5b622f804c4f9740bf7b8,non-GDPR
bulgaria/CPDP Decisions or Opinion,ffbee8213f6aef29fa0257573d5b6185,non-GDPR
bulgaria/CPDP Decisions or Opinion,6631c2252c7e0928554180451ec6a5b3,non-GDPR
bulgaria/CPDP Decisions or Opinion,8b3b44a0d827c0d4b6d90781bf31179d,non-GDPR
bulgaria/CPDP Decisions or Opinion,551f2e0b1768bef191316e08ffcf706e,non-GDPR
bulgaria/CPDP Decisions or Opinion,3747ff3e04b99ce05ccd5836631d0f43,non-GDPR
bulgaria/CPDP Decisions or Opinion,ca8c3bce46438003768f4017754c50a9,needProcess
bulgaria/CPDP Decisions or Opinion,1e6397c4a7f94c5224c38be683e4f6a4,GDPR
bulgaria/CPDP Decisions or Opinion,53685841850a9a68863c1ff6af02935e,non-GDPR
bulgaria/CPDP Decisions or Opinion,10ff392478adf0c50b5215920d6c0c4b,needProcess
bulgaria/CPDP Decisions or Opinion,38030ec939d2d54b35c77d10f535ccc3,non-GDPR
bulgaria/CPDP Decisions or Opinion,a53cf25c68cccb08697b1dc3fe32cc72,non-GDPR
bulgaria/CPDP Decisions or Opinion,c8f3387becbc500f375c0f51cff2bbcf,non-GDPR
bulgaria/CPDP Decisions or Opinion,6afec45d95ed49feb7a7a1fb6c86476f,non-GDPR
bulgaria/CPDP Decisions or Opinion,ee8a727bbacee818a7140260a9b54f4f,non-GDPR
bulgaria/CPDP Decisions or Opinion,4f643365de7afbc9d6ed0ab18217d317,non-GDPR
bulgaria/CPDP Decisions or Opinion,63aa4975283718f4b0fa2181053d9c95,non-GDPR
bulgaria/CPDP Decisions or Opinion,fc8f325401f0ed365b37c42ea3905cce,non-GDPR
bulgaria/CPDP Decisions or Opinion,4f649d35a7bc202f8ca4c300b2a22e0b,GDPR
bulgaria/CPDP Decisions or Opinion,56cda725c2559eb683de58025648034b,GDPR
bulgaria/CPDP Decisions or Opinion,4345ecd6486c1361da8104317e26a76a,GDPR
bulgaria/CPDP Decisions or Opinion,69972fc17b6daa37ef1a2b393faf5ac4,non-GDPR
bulgaria/CPDP Decisions or Opinion,50b17d993a556597cc521396d0ddc093,non-GDPR
bulgaria/CPDP Decisions or Opinion,9b2cbee5d9acc4168a095d707435754e,GDPR
bulgaria/CPDP Decisions or Opinion,d8889486ed57927918936ea8360ea7ee,GDPR
bulgaria/CPDP Decisions or Opinion,fd919997d525649320396545dfca83e6,non-GDPR
bulgaria/CPDP Decisions or Opinion,53b04cb22de880f8d3aa9097509401f8,GDPR
bulgaria/CPDP Decisions or Opinion,ef795b6f908d2143c6bc041b5ed03d0a,non-GDPR
bulgaria/CPDP Decisions or Opinion,4975151a722dd700aa9e658a1ceb5c8e,needProcess
bulgaria/CPDP Decisions or Opinion,840679fb6a6ae5fc8388c7e62d37e767,non-GDPR
bulgaria/CPDP Decisions or Opinion,17c9d5155d35b81cb503645ae5fa427a,non-GDPR
bulgaria/CPDP Decisions or Opinion,6c817f83cd3b4aff869601d24a091691,non-GDPR
bulgaria/CPDP Decisions or Opinion,505fcd62dc633788e984daf5f80eedb8,GDPR
bulgaria/CPDP Decisions or Opinion,a739191c397671dce46f7707f7cd755b,GDPR
bulgaria/CPDP Decisions or Opinion,348b6081e9f19833caff8ca43fa261de,non-GDPR
bulgaria/CPDP Decisions or Opinion,6d01a0a29b0e24ced1b0767d502f629a,non-GDPR
bulgaria/CPDP Decisions or Opinion,76b58705beb2e65b1f585f514b791a45,non-GDPR
bulgaria/CPDP Decisions or Opinion,9f77b76bba3cf6fc81cb8e1ae26286e1,GDPR
bulgaria/CPDP Decisions or Opinion,04082cbfdaa3ae64db553b6b35236662,GDPR
bulgaria/CPDP Decisions or Opinion,00e494a108c01c884e7b5c8bbae5a50b,non-GDPR
bulgaria/CPDP Decisions or Opinion,f814ebb3540ef4f63d8f06e5ff6f3da4,GDPR
bulgaria/CPDP Decisions or Opinion,3808ae4ec22ab6f5ebdfd271ed5e304f,GDPR
bulgaria/CPDP Decisions or Opinion,677713f7b1f1f02695ee7cca34a9a6b7,GDPR
bulgaria/CPDP Decisions or Opinion,abdd91a1ba249b32268b805b49f1bdf3,non-GDPR
bulgaria/CPDP Decisions or Opinion,d4d97cf3a82a6ff4ec7064ecd1c6cfa4,non-GDPR
bulgaria/CPDP Decisions or Opinion,229a9147cec31ad5d065aa9483350bea,non-GDPR
bulgaria/CPDP Decisions or Opinion,40baa2c830bea3dcbc5534ee8902a962,non-GDPR
bulgaria/CPDP Decisions or Opinion,b59f4cb120c1e0a400b77c7d4a32bca9,non-GDPR
bulgaria/CPDP Decisions or Opinion,c613baff3b6d5475cf5d29c78867ebf4,non-GDPR
bulgaria/CPDP Decisions or Opinion,766a85947dacceaee287baea934871da,non-GDPR
bulgaria/CPDP Decisions or Opinion,f223d71189bce079a79693fbd5cae76c,non-GDPR
bulgaria/CPDP Decisions or Opinion,e0c4352643f952a72d039f74af87ddcc,non-GDPR
bulgaria/CPDP Decisions or Opinion,c08a68b52a1979e6a208891224c47249,non-GDPR
bulgaria/CPDP Decisions or Opinion,026a8bb5c10f1b904ce718967fa875fd,non-GDPR
bulgaria/CPDP Decisions or Opinion,654b63df796d340c2eb7ae68d3250ef9,non-GDPR
bulgaria/CPDP Decisions or Opinion,9347f209d74704bf6518d7583ac9e29d,non-GDPR
bulgaria/CPDP Decisions or Opinion,802ada34c8fa6f9ec0c556761cb02bde,needProcess
bulgaria/CPDP Decisions or Opinion,101a1f7380e9e490fe7889549e14de55,GDPR
bulgaria/CPDP Decisions or Opinion,1d8bcc039be4eb0ea14a51285a1ea3b2,non-GDPR
bulgaria/CPDP Decisions or Opinion,dd931f1750d74d4d43d4a3cdcbe73687,non-GDPR
bulgaria/CPDP Decisions or Opinion,f55a40fe81e3bc209374b054eecae777,GDPR
bulgaria/CPDP Decisions or Opinion,557b0281e9e223a970352697702f85a1,non-GDPR
bulgaria/CPDP Decisions or Opinion,557539e89314e30600e4aa40f6571ce5,non-GDPR
bulgaria/CPDP Decisions or Opinion,1116ce69e5a7aa8a6f968c7bd4f45ab7,non-GDPR
bulgaria/CPDP Decisions or Opinion,b5634f88dc6f41e97b6be6df274be913,non-GDPR
bulgaria/CPDP Decisions or Opinion,5acb399b19dc09d928cbdbba5010e524,non-GDPR
bulgaria/CPDP Decisions or Opinion,03c95921cabbde14a7e662ef0dbe5972,GDPR
bulgaria/CPDP Decisions or Opinion,b5f97dc6f2fcd7d61a5d55de6cc883c9,GDPR
bulgaria/CPDP Decisions or Opinion,1678798f36965acf601f0edf3f2132d8,non-GDPR
bulgaria/CPDP Decisions or Opinion,ab8f73e01bd177b94d83c6fd75f32dbf,non-GDPR
bulgaria/CPDP Decisions or Opinion,8ffeb3e8ed52bc7458c866d13b5f81cc,non-GDPR
bulgaria/CPDP Decisions or Opinion,c5692ab03e7a27720a6835441ce47176,GDPR
bulgaria/CPDP Decisions or Opinion,410d2c61514d87a7a540e5c8338bd850,GDPR
bulgaria/CPDP Decisions or Opinion,18765b92f613cd499ca4ebb532824660,GDPR
bulgaria/CPDP Decisions or Opinion,42241e967dea5d6da8d16c1257dde798,non-GDPR
bulgaria/CPDP Decisions or Opinion,8fbddec85b48797d26e498dd2217ac2b,needProcess
bulgaria/CPDP Decisions or Opinion,27d4dc713146368f50398ab925d9f8c8,non-GDPR
bulgaria/CPDP Decisions or Opinion,77ea92fdc9944cc54a30f158601a6469,non-GDPR
bulgaria/CPDP Decisions or Opinion,c2f81cf1bdc3e7247b94b00018b7bed1,non-GDPR
bulgaria/CPDP Decisions or Opinion,3e42d009b1d2485bc4fe440dcc554caf,non-GDPR
bulgaria/CPDP Decisions or Opinion,21bfa7ddd80d5615b626cf8d34753258,non-GDPR
bulgaria/CPDP Decisions or Opinion,379f082ff93931203e880cdda0ef3818,non-GDPR
bulgaria/CPDP Decisions or Opinion,b74e02d13d95b977730f9111a63dcdfa,needProcess
bulgaria/CPDP Decisions or Opinion,64e9a454d201ec19801a8e94c39de619,GDPR
bulgaria/CPDP Decisions or Opinion,181725d694b4c75008f088e2689ccef2,non-GDPR
bulgaria/CPDP Decisions or Opinion,f7abefb80126af15ba71ae712f11f16f,non-GDPR
bulgaria/CPDP Decisions or Opinion,7dbc29c8b39a7caedda857348dd4d761,non-GDPR
bulgaria/CPDP Decisions or Opinion,787d0971cc3787443e24157f315c3ce4,needProcess
bulgaria/CPDP Decisions or Opinion,97cea6c3a4eae119c0c46ffc1bdea635,non-GDPR
bulgaria/CPDP Decisions or Opinion,8f6bbf101e983305a78998a666ba181f,non-GDPR
bulgaria/CPDP Decisions or Opinion,83e0f7ce71d5a015b7c78b75c57f5efa,non-GDPR
bulgaria/CPDP Decisions or Opinion,c32816f6887cf9b5d73cb1f23fe15ead,non-GDPR
bulgaria/CPDP Decisions or Opinion,57d80c7aa7e8b3b7cdc12b54c4476c1c,non-GDPR
bulgaria/CPDP Decisions or Opinion,ec056f8324539aadc5afea7d8bd46a6b,non-GDPR
bulgaria/CPDP Decisions or Opinion,a0d3b4acba1fa6ceafe22b8b00555545,non-GDPR
bulgaria/CPDP Decisions or Opinion,64c97032cbf05f4c55f7a843134691bb,needProcess
bulgaria/CPDP Decisions or Opinion,f0a5f6dab269484674e67c21fe950e05,GDPR
bulgaria/CPDP Decisions or Opinion,0acd54b075d5ade948d72bac876672ba,GDPR
bulgaria/CPDP Decisions or Opinion,550fb127b837a750593e49ba144ad398,non-GDPR
bulgaria/CPDP Decisions or Opinion,c6f0a6bc6ea408d510bd221a6ab19946,GDPR
bulgaria/CPDP Decisions or Opinion,1efbb95841800bc53e9e7a77b9e65e76,needProcess
bulgaria/CPDP Decisions or Opinion,382ae71b4f5262fe7ecd3f15950c18ce,non-GDPR
bulgaria/CPDP Decisions or Opinion,5f0fb5c7dac2a07d76fd025442f975bd,GDPR
bulgaria/CPDP Decisions or Opinion,507db675f84d1c7334e178c74aab3e70,GDPR
bulgaria/CPDP Decisions or Opinion,92fbc7b697cd76107fbb35f721fc66da,GDPR
bulgaria/CPDP Decisions or Opinion,b0600ee828ae84c5f7efbf8115583aef,non-GDPR
bulgaria/CPDP Decisions or Opinion,23ff1a83ea39bddc9003a7a519c6ce3c,GDPR
bulgaria/CPDP Decisions or Opinion,e8e2ea1185946a49b644ba6bc95f8e53,needProcess
bulgaria/CPDP Decisions or Opinion,2cd28c54ce574b28e255934d27b41401,non-GDPR
bulgaria/CPDP Decisions or Opinion,d11c13033c68aa8b5121cbba146bcef9,non-GDPR
bulgaria/CPDP Decisions or Opinion,760cc88c75ca4d746bcb2d31b8c43cfc,GDPR
bulgaria/CPDP Decisions or Opinion,2fbec8e67413742a453715325ab9f77b,needProcess
bulgaria/CPDP Decisions or Opinion,a9fb88f194843b7800284b47a297f5ab,non-GDPR
bulgaria/CPDP Decisions or Opinion,b563b57d2cc2f4d5a51e3aaf392e2551,needProcess
bulgaria/CPDP Decisions or Opinion,bc2801ce6b8de9416050b307ee7083c8,GDPR
bulgaria/CPDP Decisions or Opinion,ceaeb582a9784ec35ddd01dfd6a7c769,GDPR
bulgaria/CPDP Decisions or Opinion,dff6d66478ca7710461187cc2dc06e88,GDPR
bulgaria/CPDP Decisions or Opinion,f578869cac81e0d6e3f260507565fa25,needProcess
bulgaria/CPDP Decisions or Opinion,1ea75b37c507ce6f43c5d95a3fbb842d,GDPR
bulgaria/CPDP Decisions or Opinion,6263cf4f4af1ad2fad793c54069a5f69,non-GDPR
bulgaria/CPDP Decisions or Opinion,fc7d26903a9487d0f412ab0fd81bfb44,non-GDPR
bulgaria/CPDP Decisions or Opinion,59f6663d50c0f337cf3fd16d9ffca78d,non-GDPR
bulgaria/CPDP Decisions or Opinion,053a402d18b9a33d145b8f2db89c5870,non-GDPR
bulgaria/CPDP Decisions or Opinion,a0bcb05353dfc3d5f2db9335b9cee1b5,non-GDPR
bulgaria/SCA Decisions,d45caa04854cbc6da0e2f6cd660180bb,non-GDPR
bulgaria/SCA Decisions,b6f3b62e0366659f886f4c1bdf0dcecd,GDPR
bulgaria/SCA Decisions,87f0d05bb7391fe3502bb5b9c59ab42c,non-GDPR
bulgaria/SCA Decisions,601ea0b75b2205acb6b8dd4c1f312881,non-GDPR
bulgaria/SCA Decisions,5526f21d49beb326ce43e03fa051ae43,GDPR
bulgaria/SCA Decisions,2edc5a60cdb7c244d4408a4a277163b0,GDPR
bulgaria/SCA Decisions,4c54385cc7b18db84a01258693924dbe,needProcess
bulgaria/SCA Decisions,bf96fe39e6d0635410386afaf5193a36,GDPR
bulgaria/SCA Decisions,111a8f344216c4ad612cbd7b407575d4,non-GDPR
bulgaria/SCA Decisions,adc4434a268ad6e439fcad5686f908ab,non-GDPR
bulgaria/SCA Decisions,04c85007f0956b8bbc6ac26b72d5d26b,non-GDPR
bulgaria/SCA Decisions,493fa604167404a11d37139f726d5a5f,non-GDPR
bulgaria/SCA Decisions,2e6f4a3b7c294d7302dbcd1b2ba67096,non-GDPR
bulgaria/SCA Decisions,cd2be0631bc5097cac1e4dd7742164a0,GDPR
bulgaria/SCA Decisions,20822d7069150f5b982d3f487531507d,GDPR
bulgaria/SCA Decisions,ea76fc940efae4ececf3441b352d38f3,non-GDPR
bulgaria/SCA Decisions,ad45b6b7ae1fd9f8a773ababd86f99f3,non-GDPR
bulgaria/SCA Decisions,498f7055149250a96f4c805174b170de,GDPR
bulgaria/SCA Decisions,cd0da53149439e643a024ea40ac4b984,GDPR
bulgaria/SCA Decisions,28b4646f95993a93e4bd461619311dc0,non-GDPR
bulgaria/SCA Decisions,d01c8c9d8ef4f62f18da9c7ccee04f66,non-GDPR
bulgaria/SCA Decisions,a2d2fede5b93c3aac2bc11ed4f0c7787,non-GDPR
bulgaria/SCA Decisions,f9e15c1f89abc027e229d7be71017b28,GDPR
bulgaria/SCA Decisions,23c48bd1d63ea63361524e95842b2084,GDPR
bulgaria/SCA Decisions,9cbd161f54d16756f121c8ae5ce6dd89,non-GDPR
bulgaria/SCA Decisions,ace2b52c2b4f2e18be984d9551429095,GDPR
bulgaria/SCA Decisions,593be4b80e8081a7397d13cfed54353e,non-GDPR
bulgaria/SCA Decisions,4abcf35e41c2b01c588aede8508dec40,needProcess
bulgaria/SCA Decisions,964f22456a4d5de162fe6aac6b5f3d1b,GDPR
bulgaria/SCA Decisions,82d022ca7ba5a488cc601a74ec31535f,GDPR
bulgaria/SCA Decisions,3dff0b1af76b715cf4178248bac02e1c,GDPR
bulgaria/SCA Decisions,ae4cb0514b00b270fa3d0d6babb8af48,GDPR
bulgaria/SCA Decisions,315828fc82390631a048a9c98ed745e2,non-GDPR
bulgaria/SCA Decisions,4f087f297373cc3d441a33192de7c8f1,non-GDPR
bulgaria/SCA Decisions,bd497e9e3a91c2d3c874679ea128d872,GDPR
bulgaria/SCA Decisions,d9ed7937e2f5364c8d278ed846e0938f,GDPR
croatia/Decisions,d157b164572fa0a1dab995a8b45b84a8,non-GDPR
croatia/Decisions,388d834c5f0d284bb5de5c1afd40020d,GDPR
croatia/Decisions,19cded52ec29838f70f6d0ce539feb86,needProcess
croatia/Decisions,db53dec2a877db7b91df7fc58869497a,non-GDPR
croatia/Decisions,8bd4baad00071660dd7d08d2354bce5d,non-GDPR
croatia/Decisions,785b16dc446e37ddc212a129000480a6,needProcess
croatia/Decisions,ffae810c5979bc37baf7d1c961deebf7,GDPR
croatia/Decisions,efb4551b2da641bf32fe9c5b568ad3d4,non-GDPR
croatia/Decisions,718df97bdc4a941652af88e571ed3678,needProcess
croatia/Decisions,3d188424f8848e5ff0397b04e5e109e3,needProcess
croatia/Decisions,f337df5071484edad3209c5c33c3f71a,needProcess
croatia/Decisions,90f1389c19bedb32ca763e8f7c02cc64,non-GDPR
croatia/Decisions,cae7720dbb1c27270fca3861bbd66563,needProcess
croatia/Decisions,1b78d34abd6d7dddc477c5bdfca8d9be,needProcess
croatia/Decisions,ea79a5f6127456f49432da9c89273b99,needProcess
croatia/Decisions,572609e97a75bc144b5d1c92f9c99733,needProcess
croatia/Decisions,46e899c3e0de402e5a8858a3db8ea219,non-GDPR
croatia/Decisions,e4676790364cf87d6f6f847a7224464c,needProcess
croatia/Decisions,5f43490045b2452c44294c5037d673fe,needProcess
croatia/Decisions,9f8138f55242a20f3b2f5681ae7d29e1,needProcess
croatia/Decisions,4aafe046d0b45bb3e97b38760bda926f,needProcess
croatia/Decisions,cdd01d41d9328b80d2a9029ea7cc9aba,GDPR
croatia/Decisions,5d808985fd05cd46b2c354f0f5fe3cc0,non-GDPR
croatia/Decisions,8f4e0848b4c1cb28a23b5188c96db673,needProcess
croatia/Decisions,227ebc4395e8f3ebdc68be5d63616fc7,needProcess
croatia/Decisions,034310a94ccb3f3db4c1bddf0d8861f7,non-GDPR
croatia/Decisions,f01f2a987b38c6110ce966f4171ca035,GDPR
croatia/Decisions,ed70faa02ed7d6138ac25a3aed759ecf,non-GDPR
croatia/Decisions,be15f8610da17012f67f859310a358a5,non-GDPR
croatia/Decisions,e1b2ee7d0626685332771cc8112b9ee3,non-GDPR
croatia/Decisions,6f72f33d9f177ef7498d146b1fd1d031,GDPR
croatia/Decisions,30d320cd10180832db8a2f7f60df9976,GDPR
croatia/Decisions,c09c0e386fcab6b72428d0ffecbcb4ab,needProcess
croatia/Decisions,6b27898740ee728d838b78142fa4cb3f,needProcess
croatia/Decisions,2ba78a5541ec7883c9556e6609056fc1,non-GDPR
croatia/Decisions,208fb4ca24a8591756a04645f51b7f0a,non-GDPR
croatia/Decisions,5d32e1244ad2ba41bf33c9f3f0db9a1b,non-GDPR
croatia/Decisions,028816b012879472f88767c0582a6672,non-GDPR
croatia/Decisions,c9ab49be5a73125f05f4f36209f34964,needProcess
croatia/Decisions,8be34c30707d799ab6ee21962b98d210,non-GDPR
croatia/Decisions,d90011b73817947bb9d8ddb9c8e11e25,needProcess
croatia/Decisions,eb5bc18fffb50aa5e06a4cf7f3678b88,needProcess
croatia/Decisions,e8cfc0b041d41ee8055d00a1fa82d241,non-GDPR
croatia/Decisions,d3e4034276203d08f8e0e2e5311f3ff9,non-GDPR
croatia/Decisions,c9c18900cb867f8a9aa92a6a2133ed79,GDPR
croatia/Decisions,baeb98587cfd2ea88abda98f110ebff7,GDPR
croatia/Decisions,5df350bf441eb46c94ae4bd2a2270af4,needProcess
croatia/Decisions,aa0a965fcf8247f3ee43659ec3252b92,needProcess
croatia/Decisions,ed41b1714314ba578d958c4e22447689,non-GDPR
croatia/Decisions,50350269b082991c1aa8120a0d05e7cc,needProcess
croatia/Decisions,3fb593c15600a6b0d185ce03f5c2f2d0,needProcess
croatia/Decisions,34baa7fbeea8fb168161c7327e63cab6,non-GDPR
croatia/Decisions,cf9223a4d661c891d8c64b03abe8ebd1,needProcess
croatia/Decisions,de478d3214be2081445cfe2eb33952a9,needProcess
croatia/Decisions,89b77854c3a1b90610b8865ea47676e2,non-GDPR
croatia/Decisions,24abb66c8ba762f61688e4c12b2e5be2,needProcess
croatia/Decisions,d2cf95c09c071e028d22777c192cfb7e,needProcess
croatia/Decisions,32492f9fffe09cbf65d2986b48da75f7,non-GDPR
croatia/Decisions,49c17f4013e13914943f3b5c5acff276,non-GDPR
croatia/Decisions,0ebc12fbd8f38795af22245e4a03c0e3,non-GDPR
croatia/Decisions,c34e0078e1b62bf760452045b2e8d4f1,non-GDPR
croatia/Decisions,25d300466a8c4d1d8246df7d0d241b23,non-GDPR
croatia/Decisions,8ddd0a710ebc63b6413f9c4b4290a14a,non-GDPR
croatia/Decisions,88f70897d01e035f8453901fef3a127f,needProcess
croatia/Decisions,49dc6762b68d930b4db3f1b7c48e6bab,needProcess
croatia/Decisions,f0e5a719016223205dc9b92f8f6804ec,needProcess
croatia/Decisions,775fd0d5ad0fcefd50c8fb13a596d60e,non-GDPR
croatia/Decisions,8a85a67f77923d96bcb6e5cf6b3ff064,non-GDPR
croatia/Decisions,a67cf96d3fdc6013a5bfb7948608f438,non-GDPR
croatia/Decisions,6fe925852e0f1d3817c9aa9f13f0af9a,non-GDPR
croatia/Decisions,5eead4ff71342243b4b5992478b107b7,non-GDPR
croatia/Decisions,ccf15d497e92521f0bd9f2c26ad6c489,non-GDPR
croatia/Decisions,771b7f0456f282461258ca9762d076df,needProcess
croatia/Decisions,138a464e7ed9f818c22d8c4a0eb7a2c1,non-GDPR
croatia/Decisions,63d262cf1da4d4a1a5bc071cc4652232,needProcess
croatia/Decisions,a1ab0e412a768a79f8944b6ec44ca6e0,needProcess
croatia/Decisions,2c118f70f048bd72c2ba81afafd65958,needProcess
croatia/Decisions,b18c1c9ad8ada4afd92d39adb84ade9a,needProcess
croatia/Decisions,dcd23fc3bb085f10cd1e787bb4c5e97c,non-GDPR
croatia/Decisions,9332380526b293e9fc3206a15b2b65ae,needProcess
croatia/Decisions,1b5b5d90d4fb5de7fba0590eb1821870,needProcess
croatia/Decisions,0a14f619a2ecb70f91c2cf8bcb522fdc,needProcess
croatia/Decisions,3ea023c72d9f871738c9e88f6d5e0c6b,non-GDPR
croatia/Decisions,ac857fdd5ff6d33b037586640be737b2,needProcess
croatia/Decisions,d6bcae9de29d60c07a0664f97a36c8f1,needProcess
croatia/Decisions,065e637df981d346cb3fb31a7c15ab35,non-GDPR
croatia/Decisions,006808dcdf3c5c38c66eb167be68e78a,non-GDPR
croatia/Decisions,8090118a8305e820637ec0d86212cd7f,non-GDPR
croatia/Decisions,e94e521cceaa21c4bc33da97cf876905,non-GDPR
croatia/Decisions,18bb78a5bf983d3824c4cbfee5d4bc8c,non-GDPR
croatia/Decisions,e9daa6b8a719133b1a6f6d92f0b62cef,non-GDPR
croatia/Decisions,b62e15c762251533fe6fed84857f44ae,non-GDPR
croatia/Decisions,5bd409c70eef8ce2c4160434318ac012,needProcess
croatia/Decisions,964dae78d6a26efee5928e2bfff43006,non-GDPR
croatia/Decisions,cc673427e08c27a861bf81bb30001cf4,needProcess
croatia/Decisions,b07033ae3b522bc484ba2c553b73067e,needProcess
croatia/Decisions,6d7b1d5de2fc9b2628359a9a006338f8,non-GDPR
croatia/Decisions,559bcf5425d01bbe55b8e2d0bf87f7d3,non-GDPR
croatia/Decisions,0b055f50fd4123977ec615891a8f0d9b,needProcess
croatia/Decisions,c486e1db46863c2c877f2cc3e045a629,needProcess
croatia/Decisions,3c3b60e23589eec9cee7194c2c77b26e,non-GDPR
croatia/Decisions,0545b29f8b36bd5d79370e24e59f28de,needProcess
croatia/Decisions,f3031c05ade64eff1463eb519fdc5ce6,needProcess
croatia/Decisions,7fcc34d6557b8dea2d73f445a4ee2e5c,needProcess
croatia/Decisions,aba3d2b449cd99c7460ee4f2cc917793,needProcess
croatia/Decisions,2d2c4b6be2c1e0653eef915ead5f4a7e,needProcess
croatia/Decisions,167a5bb3d5f4af2a68e38b8207335129,needProcess
croatia/Decisions,50e344410c50f228b4690a1756d12a53,needProcess
croatia/Decisions,1fd5ff0e7d0f6f9a223f467088bf635b,non-GDPR
croatia/Decisions,2b0c166f2edc4dbd253ae1ec775738a8,needProcess
croatia/Decisions,cc2804a576cfc7fd25306573e131c227,needProcess
croatia/Decisions,d598d7a6d36178e1b898ea532c86b81d,GDPR
croatia/Decisions,90ce51fd49766caa8f4f9ac153a7548a,GDPR
croatia/Decisions,e3435850538d8ff94b1c2fed39004b81,non-GDPR
croatia/Decisions,cd7e35c91ddfe3f9d7ae4c28b33b6a59,needProcess
croatia/Decisions,58e434e25ef90e84555394aeec72e135,needProcess
croatia/Decisions,2018db3842ef7ae1a87bfafcec6d839a,non-GDPR
croatia/Decisions,4b5d7f95a0fa7323177bf181d2fab200,needProcess
croatia/Decisions,b8b4ff621be96045e61824711b4a51db,needProcess
croatia/Decisions,111568a8f26683313780b2b7c386f725,non-GDPR
croatia/Decisions,8a2356630f5677f5b74fcb838c7dfe80,non-GDPR
croatia/Decisions,ce1fb9575945ec7bd9b2c97746608553,non-GDPR
croatia/Decisions,910cd0c348d863958d0262861dcb8624,non-GDPR
croatia/Decisions,b72619f64a1c42f705e901ed27f3de2c,needProcess
croatia/Decisions,978f20b36fd59753ea5af77a2d5e1d94,non-GDPR
croatia/Decisions,42551063e924804f845fba04c1eb4879,non-GDPR
croatia/Decisions,e66d5f69940682624ea5a9c41aece346,non-GDPR
croatia/Decisions,11fa1276ab1ea19db00a157f1243aaf5,needProcess
croatia/Decisions,1150e749b2bbe2002ab29d4a158d6957,needProcess
croatia/Decisions,2284b471c46f2f0fda89634e6b4f6454,non-GDPR
croatia/Decisions,1843d5eb6722a80a9fe85824b59d4036,needProcess
croatia/Decisions,04c0f0328e00bd191286f0f84580d381,non-GDPR
croatia/Decisions,58d6e1ff1b349520b8e27255dba7fec5,needProcess
croatia/Decisions,909af021f826c968ce7895b9effb3e92,needProcess
croatia/Decisions,89db3d9e90f2e2bf3615b3b7683decc7,needProcess
croatia/Decisions,fdda81f7e3036df271aceec9f357a85a,non-GDPR
croatia/Decisions,d95a0d81f5de84db9f51aa0b11dd616a,needProcess
croatia/Decisions,f3add199efa3f806f1c00327eed120c6,needProcess
croatia/Decisions,ff01d2c39e58c8565a2d4199b7f8c464,non-GDPR
croatia/Decisions,6eb5fb12ad56c9b3bb05fdd6c4a3bf1a,needProcess
croatia/Decisions,72ce94745a9e868018bceea2d9d68b19,needProcess
croatia/Decisions,ffa541f8b50daefb922abfc367ad9d25,needProcess
croatia/Decisions,e31dc0807f35f80d1077665abd0a853c,non-GDPR
croatia/Decisions,f039f5b4f1b832881e78a1b69d66a78e,non-GDPR
croatia/Decisions,a035096eb676310b2ba4ef9e457c37f8,non-GDPR
croatia/Decisions,936484c6a788cbad27cb1be240e2716e,needProcess
croatia/Decisions,c8479dfc179086712a6a2b7cd48dd88f,needProcess
croatia/Decisions,c7c828a222997e2a886887176d17f2df,non-GDPR
croatia/Decisions,105a6944f30fa3a0de0cc6790a29ccb2,non-GDPR
croatia/Decisions,f5e16f9aec9a4fd298ae2e88290ba8cb,non-GDPR
croatia/Decisions,09832599c51631d818e310fcbba55fb7,GDPR
croatia/Decisions,ceb7434d1435f812e88a76857707f2c2,needProcess
croatia/Decisions,0d7dc71f669dbf2155290f864093b976,needProcess
croatia/Decisions,3829447fc297bdffbeeda98c5429dfa7,needProcess
croatia/Decisions,5bfcf9da31e0609a533e89f97ff75bef,non-GDPR
croatia/Decisions,7506055df782d28bc0ddfa5bd96315fc,non-GDPR
croatia/Decisions,059b6a4de8775f5247e0f9fa5aee990e,needProcess
croatia/Decisions,e95e22d0700915bbd5e7ec50d03845c1,non-GDPR
croatia/Decisions,4f0315fb48a3b5b3f7e57950428bc93e,non-GDPR
croatia/Decisions,7be2a528d959766e4d1acadc7ed7234e,non-GDPR
croatia/Decisions,a47dce6401952487fc1e8f7b3e3f2717,non-GDPR
croatia/Decisions,5923f8296d7d2a6e6f98250a1fdb9b4e,needProcess
croatia/Decisions,ca85775930d85b37de4112eddc9c0e78,non-GDPR
croatia/Decisions,21533b9ff3ca7b8f915bb0ab415a134f,needProcess
croatia/Decisions,4d3efb562a2bc3510b720381170d29fe,needProcess
croatia/Decisions,0c05e5fe2242915c6f65572ea8cb0c6c,non-GDPR
croatia/Decisions,aa5edcfa62234b2ce43debdd60942b6b,needProcess
croatia/Decisions,0f450f7138c63ed9f9902d60ccfdaae8,needProcess
croatia/Decisions,5b09fdf5ad65e9c17fe859503ac0dfe8,non-GDPR
croatia/Decisions,31500e6736e239de89d3d08433a30de0,needProcess
croatia/Decisions,979ae4ee78c6272b2236a414166c6185,needProcess
croatia/Decisions,b85b6218d46913649d7df30da662aa8d,needProcess
croatia/Decisions,6ba1ff11cf8232004043e98eab804e0a,non-GDPR
croatia/Decisions,34bbbfdc0326ddd7f6cf6aa13b327b86,needProcess
croatia/Decisions,094d1554e682dafccb69dad2b99ccc30,non-GDPR
croatia/Decisions,70cb1b8293f5f1429d259c96683b69c3,needProcess
croatia/Decisions,20eee2b91c3e83aa2f352df6c9971cc3,non-GDPR
croatia/Decisions,c9ba2009cbef7f35c3784169d47304d1,needProcess
croatia/Decisions,b71d371d975ea94020bfde447d64883d,non-GDPR
croatia/Decisions,9b950bcb362dc68b60c43108c3784946,needProcess
croatia/Decisions,b9236e7524e59cbea84b564b3d19b10d,non-GDPR
croatia/Decisions,0e88be78a824dd37c176ef463ea3e015,non-GDPR
croatia/Decisions,103cba16a8c9849a529025621f016788,needProcess
croatia/Decisions,ef6b8cf1304fa5e0acd0429e85703fd5,non-GDPR
croatia/Decisions,3bcce35876076a6d90b1479c7ee9c9ff,non-GDPR
croatia/Decisions,4315066a42cf18da7c87ef0221863095,needProcess
croatia/Decisions,433f6cfc636e25b626f7a882d866cbaf,non-GDPR
croatia/Decisions,9514377ed0ef7b457ae56c4246210189,non-GDPR
croatia/Decisions,659e2803ec61fe6d3cfeea3bd52785dd,needProcess
croatia/Decisions,ffb90a0134f98029e0ab67f7e9569b4b,needProcess
croatia/Decisions,d7ea64d1c27f3abc0f5a3db63407748d,non-GDPR
croatia/Decisions,6fd48c20c071c39236b2b18151eb8104,non-GDPR
croatia/Decisions,ed196a36240dfc8908fb44b775d4c9f5,needProcess
croatia/Decisions,d800b7ffab732eb51e64282e019f6917,needProcess
croatia/Decisions,9cad240f7e60d3ff901a2e95e0a1daea,non-GDPR
croatia/Decisions,ce8d86524ceeb47e2b2ace570bbea7e0,non-GDPR
croatia/Decisions,92480e1118a3378cecc85c8b6bc9a605,non-GDPR
croatia/Decisions,3933405309a818cd203f12601817e0a0,non-GDPR
croatia/Decisions,a48c0b0dff3b580c2aae69e8c4dbe8b7,needProcess
croatia/Decisions,50d894dbec37538d11958fdcf5f4f905,needProcess
croatia/Decisions,0f2ddaaa588c9e584c52ba45b7eb392e,needProcess
croatia/Decisions,31396665a9b848fbc4d7f23ba06eb8f4,non-GDPR
croatia/Decisions,a9799de1eff72f968f7c699ecd1ead52,needProcess
croatia/Decisions,a141aee37c0c4abf66cf7e3033b40206,needProcess
croatia/Decisions,736f966c3b511aa6ad2f87bbfca835a3,needProcess
croatia/Decisions,5e4e595894a620afff56c356bb4368a3,non-GDPR
croatia/Decisions,98c51f62ca7d7bd25014a0b08422dd80,needProcess
croatia/Decisions,c9baeb51f308607025ec54d756bbb53f,needProcess
croatia/Decisions,cacb717df299a055c3ac2d904d4d4ed7,non-GDPR
croatia/Decisions,b2430ddf1015e121eadbd91cf0e9684c,needProcess
croatia/Decisions,2986cafff05c66aae4c6a49dc64754c9,non-GDPR
croatia/Decisions,232dae85deb0518e2acf477f32662a3c,non-GDPR
croatia/Decisions,3ccd567c784de7bc0414dad9609e3b1f,needProcess
croatia/Decisions,83f4c9b7fe8d5b63bba1a6df35a7eda2,non-GDPR
croatia/Decisions,0a21dda07bf05678a41fc75b287d6a89,needProcess
croatia/Decisions,4113bfc8055a413e5ed30f6912a7cd42,non-GDPR
croatia/Decisions,c4b54cb659d55e096d2a067fae5f995d,needProcess
croatia/Decisions,7910b06e0ba48234dc33f9149cdd6c91,non-GDPR
croatia/Decisions,cdb46abd0c6b8fe9310ab861ca95669c,non-GDPR
croatia/Decisions,77d3658034608dd98af88c5acf556c34,non-GDPR
croatia/Decisions,7f94c778fbc33126931bde61ff2235d9,needProcess
croatia/Decisions,ad7052523de97c2d079d9b1e6a52e17e,non-GDPR
croatia/Decisions,560d14fd4bea4ff47624bf3a50b039cb,needProcess
croatia/Decisions,dcb7902f5ab66b6dcd9ed093d758784a,needProcess
croatia/Decisions,7abd811146620c81e3fa7a8ba1564eb9,non-GDPR
croatia/Decisions,c8080ce4ac248ccee21e96d2459e35e9,needProcess
croatia/Decisions,01a4828a46baa45397b5f6412ba9ea0c,needProcess
croatia/Decisions,db8f58ae4dd1343a74ce92ca676a2ddb,needProcess
croatia/Decisions,0900227eaef56366991884651966431e,needProcess
croatia/Decisions,093684fd88aef56f62d79a2cf7ca55ad,non-GDPR
croatia/Decisions,fe93bd25af40f8fc742ed8f5f42642a3,needProcess
croatia/Decisions,c079166bc7a95af9b298f4de464083e9,needProcess
croatia/Decisions,96ea4faa46e9c8ea8906fb11243e7246,non-GDPR
croatia/Decisions,e01d409a067980ec8ce7a60bc513df89,needProcess
croatia/Decisions,662440544d2054d05784732ddf86e684,non-GDPR
croatia/Decisions,b4805b7e382b7d27cab0e6fb5a432404,needProcess
croatia/Decisions,189e92b99cb5528b3abb034ad7852d1e,needProcess
croatia/Decisions,480822bec7fc5497ce49c9e7febcd2e5,non-GDPR
croatia/Decisions,8e575a12dfe17fd750393e84cfd17efc,needProcess
croatia/Decisions,73830bb265fc81cf7b8e8d1998b5896e,needProcess
croatia/Decisions,f624377092997ddf54ce568d59f39537,needProcess
croatia/Decisions,a21dd65e3197bff70bee77424966b984,needProcess
croatia/Decisions,9eee0be6cef68ff9747d7009be598994,needProcess
croatia/Decisions,85dcf7de22f58cfee8be0031a673b6de,needProcess
croatia/Decisions,f831fa147d86f68d007cdd96d15f1256,non-GDPR
croatia/Decisions,f305e3fa32c37241e4a460dcdb11daef,needProcess
croatia/Decisions,86c11d0dabdb1142c988c3de3e68b50a,needProcess
croatia/Decisions,2886119f88a757f9169d5a2ff958a3cd,needProcess
croatia/Decisions,2ffe857d3c8ab2a715fe905ca61e0725,needProcess
croatia/Decisions,71b1015c0acaa53f1056789fdb15357b,needProcess
croatia/Decisions,cf397d1226c87a3dd543467e6736aef3,needProcess
croatia/Decisions,4cb94e663e38acc175f3712f1435b1f9,non-GDPR
croatia/Decisions,6fe18062d694ebbbde4e19934d9abbe4,needProcess
croatia/Decisions,df6bda26bb9200b6efa010f6186ff466,non-GDPR
croatia/Decisions,d8d52e064bbe1226f9a7dc4ca1be3ab1,needProcess
croatia/Decisions,5c579b3fa7a96a814f4acccf0a1115df,non-GDPR
croatia/Decisions,ed736f0b718be196d81d6ef4e887a7e0,needProcess
croatia/Decisions,bd1bb856462c72279ca3641113ec42af,needProcess
croatia/Decisions,a75056b50f4d48b9ae6ee363ca663138,non-GDPR
croatia/Decisions,d9fc3c47414e8f92aa075264205abbf2,needProcess
croatia/Decisions,bbf43a637d5724f52b540e1c5c3f08e7,needProcess
croatia/Decisions,ff822a1182f804031e2a95473256edc1,non-GDPR
croatia/Decisions,8d440249b0e430ca65fc449d6eb7f248,needProcess
croatia/Decisions,a59a16713501f4801bf3297e199a4fec,non-GDPR
croatia/Decisions,d449f6c80838400931a5267cb66a39ae,needProcess
croatia/Decisions,5a211dbdbd5c36c1d79920106f792998,needProcess
croatia/Decisions,cd4b46e237e816ebd1b1efb5bb6f0ead,non-GDPR
croatia/Decisions,76252a6ef8e008a0022aab9bdac3172c,non-GDPR
croatia/Decisions,f979e0d1bf6c7ce9b09f0bba2cc5c19a,needProcess
croatia/Decisions,bfb228723c11e39467990efb233e058c,needProcess
croatia/Decisions,f4df6935930af9f7c50567939888b9f2,needProcess
croatia/Decisions,043b19e3c0cd07d13727612a225e611d,non-GDPR
croatia/Decisions,e848a88d46e7f1ff59b9cc15f46a595f,non-GDPR
croatia/Decisions,bf0b1c48193c43bc17a4d43e6bff4099,non-GDPR
croatia/Decisions,f3719f358e9c61c4f27e34d6a82f4f24,needProcess
croatia/Decisions,74999cad06a6f64359d7d9b7f0efad6c,non-GDPR
croatia/Decisions,1b694fdb87b50924b7d6eba3ca738c9e,needProcess
croatia/Decisions,d9d99c8dcc4e1bc2b27d6fa444a82ae1,needProcess
croatia/Decisions,12f9512f63eb77f2665a9ce4251f3893,non-GDPR
croatia/Decisions,55bd8f78c77bd8efa280a3237b2bca9c,needProcess
croatia/Decisions,672e49186261523cacad9c1eef5d6061,non-GDPR
croatia/Decisions,3f6fcff2f0e661e5f20f233ed13234b3,non-GDPR
croatia/Decisions,f44b9b7ec2acb25ab743cab5b9e7169a,needProcess
croatia/Decisions,fefcaf83b806383a414ecfdc2294e21a,non-GDPR
croatia/Decisions,80dc0e7ad4bafd9855a158cc94f7132b,non-GDPR
croatia/Decisions,e382085f15961d8a586dd1864f677ccf,non-GDPR
croatia/Decisions,2c85ac99e0bf814190696ec949e1427b,non-GDPR
croatia/Decisions,9b1d2eebf9cba039ac6318b8730316d0,non-GDPR
croatia/Decisions,f3ffc8054efb3408a5526e9bcd3a8563,non-GDPR
croatia/Decisions,578c3181f1f28c0d0b0000c5bbda69fb,non-GDPR
croatia/Decisions,5e3425aecaa7dda4a551475c8ef30116,non-GDPR
croatia/Decisions,ba8675f240b61ff2bda637bfd8bd0f3b,needProcess
croatia/Decisions,6ded69c97d9da9801c87a9a596c1cdc4,needProcess
croatia/Decisions,baeab483d8568e5d920f3297fb1d78c8,non-GDPR
croatia/Decisions,da869ff577e6414b10d5164c5ed20d51,needProcess
croatia/Decisions,2c58c9ccd81859ff928353d419eeb979,needProcess
croatia/Decisions,f2b82fe9223159ba6ae36459cb37e694,non-GDPR
croatia/Decisions,82f8daf9ec991b2c015b4d5165dc5a98,non-GDPR
croatia/Decisions,7613a6b7e5b19c84b2f899a43e2f01fa,GDPR
croatia/Decisions,837ec634966e7c263afe269fe670e31b,non-GDPR
croatia/Decisions,109edae875b5edd21b857de040d10cfe,needProcess
croatia/Decisions,da9ea273036f980beb50783b65b058dd,non-GDPR
croatia/Decisions,31b378913ff5d734b5855d6b3705bc5f,needProcess
croatia/Decisions,dc07f1749e6257c5e47ee1a7b8d819c4,non-GDPR
croatia/Decisions,40e054629eb92e9c0b73c747eb59bf47,non-GDPR
croatia/Decisions,e3bf4f7e4a3d89e9dc8bcfec609905e9,non-GDPR
croatia/Decisions,8e690b3d546efd7615c3c5d8a3ca5184,non-GDPR
croatia/Decisions,05e6af8474eb36a99dd541848aa6e449,non-GDPR
croatia/Decisions,a71148b8b7f7adc2861a9daf2fe18612,non-GDPR
croatia/Decisions,bad2142d896b89aa1c2d72524e1d6b31,non-GDPR
croatia/Decisions,0b10cb5f5b99ec2201fbb6f23413e758,non-GDPR
croatia/Decisions,8a08b9693dd4fe2dc86463c536ca2b9e,needProcess
croatia/Decisions,f09a22eff6a8d12e345c276ae0779e3f,non-GDPR
croatia/Decisions,cbce51f5b31b35fee6717e13e9d11169,non-GDPR
croatia/Decisions,314ec9d72fecc7a4585fca122c82d554,non-GDPR
croatia/Decisions,dcb29898157197dc4af8840bc57ef3e1,non-GDPR
croatia/Decisions,8ac98da1b3543ddeccf68025d19e2acc,non-GDPR
croatia/Decisions,6131c79c444daa42d851228904a5dc6b,non-GDPR
croatia/Decisions,6dfe290f1ed5c78b0051aac35306d31a,non-GDPR
croatia/Decisions,e19f2b7185d919a281a40ea25e3c03e0,needProcess
croatia/Decisions,f0178f2e6aa9bc488c7d739aeb697883,non-GDPR
croatia/Decisions,19670957dd7ab17d99c1dc35f40cbeb9,non-GDPR
croatia/Decisions,f77e68c907bb6eca0199bf42a081f1b6,non-GDPR
croatia/Decisions,1fb073741676e3f0ffa3dcde614a2d3f,non-GDPR
croatia/Decisions,4ef2164f0e07b0ea4a6c565eed7ee928,needProcess
croatia/Decisions,83b7e5b487c85651ba00ee5c0571c405,needProcess
croatia/Decisions,f2c1697f7a301911efbb66124fe39a5e,needProcess
croatia/Decisions,3232a17eed30dc5a68deb0f13c7f3cf5,needProcess
croatia/Decisions,d0e255a30005dd2986f1f9baadda5975,needProcess
croatia/Decisions,b2bf86576e6a1eb7e4a45d651b4ab6ae,non-GDPR
croatia/Decisions,e04c35fde680358474e09ec806a8071f,needProcess
croatia/Decisions,e60b43f600ce806819c93244e7723f47,GDPR
croatia/Decisions,e7e867ee0bfac4c542e805a5ba0be098,non-GDPR
croatia/Decisions,0682c8695657536ec43183054789c9ca,non-GDPR
croatia/Decisions,b625bfbc7384a489776c3d831e3bccd7,needProcess
croatia/Decisions,675f42e1da593ea097e4657cae80b919,needProcess
croatia/Decisions,f84f955f0394ec58261693ea11478c44,non-GDPR
croatia/Decisions,9dc36b701e965a5442f606d64fc8abd7,non-GDPR
croatia/Decisions,d4b6deeaa0dae5570ef8fe73c6cccdb9,non-GDPR
croatia/Decisions,28f36c86e4f38e1e79d8fd35d52cbef8,needProcess
croatia/Decisions,d79de8905cc87e3007fbd1f32d22e9da,non-GDPR
croatia/Decisions,be2bbb70d08af42873e7a4564d040750,non-GDPR
croatia/Decisions,5ac2146d8989b2502b2af72d7ce3ac86,GDPR
croatia/Decisions,e5e31e09e3ab0e203b3f4612ad7966d6,needProcess
croatia/Decisions,1eb838b5b17ba1f402e92abd5af80b11,GDPR
croatia/Decisions,e646806ed6393960a11765563225d1dc,non-GDPR
croatia/Decisions,ba0e8d8b59360c16f29e5a58de4a8e76,non-GDPR
croatia/Decisions,4d2853464b8567bdb99656ca3f07a57d,non-GDPR
croatia/Decisions,2d09dda7119ea1801c38940665d0abdd,non-GDPR
croatia/Decisions,260a14e1c95b890a180b5735e66e071e,needProcess
croatia/Decisions,04042738139473eff7b9037637c4b34a,needProcess
croatia/Decisions,861632ac1b96fb79d9898986570663d2,needProcess
croatia/Decisions,dc0aed847867bf69ad4a2dcca04c410e,non-GDPR
croatia/Decisions,66a725a26cb1f6181c2217d96beae6f9,needProcess
croatia/Decisions,b5a357a08713e816015a08149d73f079,non-GDPR
croatia/Decisions,c08d4c2b14c94aad26e35f17c3a8087e,needProcess
croatia/Decisions,c8a04e582dae11fe087a5b71bab94ea3,needProcess
croatia/Decisions,2deda23a0831f93a1f872c01a2280115,needProcess
croatia/Decisions,20552d821d2959d58bb0415bcbc2f362,needProcess
croatia/Decisions,e05b24a445c30c37315f37da9036094d,needProcess
croatia/Decisions,799180adbca7f574480b698e5c27d12f,non-GDPR
croatia/Decisions,65004f93eb91e790d7bcad2fa6178517,non-GDPR
croatia/Decisions,97f65e919dd4ae09aebd945b64e678df,non-GDPR
croatia/Decisions,c826ed8111f441c2114caa8ce21b208d,non-GDPR
croatia/Decisions,6788215f377082e95dcb661de0548424,non-GDPR
croatia/Decisions,3d6e97b91127ec41ee462f50a68a8c9a,needProcess
croatia/Decisions,1ccc4c79c52a4b77237e99524d1ec6d5,non-GDPR
croatia/Decisions,ad162861a958fd8b306049b47fe49ba9,needProcess
croatia/Decisions,9f1853dcd157607fe6890b17c75dd5d1,needProcess
croatia/Decisions,4581fa8b04f451231e002b8dc26e5727,non-GDPR
croatia/Decisions,9df05acd27502894a61062f8fbef7198,needProcess
croatia/Decisions,2eb86c7425a97a1b04a3458f8a10b215,needProcess
croatia/Decisions,0912e6a2e43d5c1a6c8ee90cf67b7d99,non-GDPR
croatia/Decisions,ef93670c5cf5217fffd88f6c397e1a33,non-GDPR
croatia/Decisions,843033a713cc65aac6b20f3fafb51628,needProcess
croatia/Decisions,fc0cda5c2777b89693ed2dc7db772e69,needProcess
croatia/Decisions,f438282fa29f5c6588e49f9f239c0b01,non-GDPR
croatia/Decisions,c6587be751403f217b1b920b4b5ae99b,needProcess
croatia/Decisions,7b524ece000cc0cfbc0538d6e133e3c0,needProcess
croatia/Decisions,9f19d98126cecb0a0e3122bb9248ea0f,non-GDPR
croatia/Decisions,62fbc672f5fb9298af1a70fc7fee1471,needProcess
croatia/Decisions,426bb1bfdc787d433bffaaa6b8da31aa,needProcess
croatia/Decisions,b466b88fff8a96809f3346e0152943dd,non-GDPR
croatia/Decisions,b30ec0ee7ab777e1133ce4c1e1a64afb,needProcess
croatia/Decisions,d70515efb0ce2e1967c10ccd69e82d3a,non-GDPR
croatia/Decisions,d663c4dac6dd749c70c74b709e83adfe,non-GDPR
croatia/Decisions,52c92a885967876b0ec6612fc209be1e,non-GDPR
croatia/Decisions,893b18110d53902f94ccdb422195b5f7,non-GDPR
croatia/Decisions,0a9c423a2fd68c9c41a96fc5f5e57c76,non-GDPR
croatia/Decisions,81faa9efe647ddffcfaf8c6ea2b2395c,non-GDPR
croatia/Decisions,3cae8f044ba5aaad7422c7756ffc0635,needProcess
croatia/Decisions,496029d0839e06de6e6657a8e6db027e,needProcess
croatia/Decisions,3fe58ac0f1dc5cb093ef9e3a7b4b75e6,needProcess
croatia/Decisions,927f97da9a463b28e48128a12e4eee3a,needProcess
croatia/Decisions,aa562c3f8399520299a4b0714de39eb3,needProcess
croatia/Decisions,4a52d703157ef6c6e4f9ebf6627e8a7c,needProcess
croatia/Decisions,0a9939b5b10d319ff8eac2b91bed8b04,needProcess
croatia/Decisions,b529011ec06bb3d297699962252443fe,needProcess
croatia/Decisions,75728fd5547af963f4b719e280e074f8,non-GDPR
croatia/Decisions,e0683c6f271587f3270cc674dfc4dfe3,needProcess
croatia/Decisions,078f9e2c932c46dc87346f8ca7b7c128,non-GDPR
croatia/Decisions,f9d38393ca7113919397f5a01f1fb830,needProcess
croatia/Decisions,f89d905ae6bdf6edaff0e647f4c3917e,GDPR
croatia/Decisions,770a28346df8958fcfca272ae5564f6b,needProcess
croatia/Decisions,8e1318b4829701f59f167d0afcb2b03f,GDPR
croatia/Decisions,4af76c662ea5ae156ccebefc3c26a963,non-GDPR
croatia/Decisions,ec16db95ea1f9470af752da2d1a6a2f9,needProcess
croatia/Decisions,9c6203e19c096f9fbdb4ebd4aecb1cb0,non-GDPR
croatia/Decisions,ed7818d084d992bfd7b6b030e6fd4f5b,needProcess
croatia/Decisions,c12377551d4684bc906b548fc755759f,non-GDPR
croatia/Decisions,e83cd3f8930f7c5c0a9ee873a3263701,non-GDPR
croatia/Decisions,5468a59e7e30988787c04c2cc17141da,non-GDPR
croatia/Decisions,96fae83136f3f8c22f908ec2cc300f9a,needProcess
croatia/Decisions,f3356dbe63b4788db2bd107199a11a43,needProcess
croatia/Decisions,2f673bd004b458230b280992819b30c2,needProcess
croatia/Decisions,d8ccfc87a2c49f4bcd952c659ceb8ccc,non-GDPR
croatia/Decisions,c2e7d925c0eb3008dd36fa1cf2765e93,non-GDPR
croatia/Decisions,3a1cc4c88df79c6b0aaac10f92aaa1d8,non-GDPR
croatia/Decisions,753319d7d178fd9458d2dbe486dd9ad8,needProcess
croatia/Decisions,e8815076132c9c2c0cad1116006616b0,non-GDPR
croatia/Decisions,38f34c357563bbfd74332e10812a4824,non-GDPR
croatia/Decisions,e7e368872fc98c2265abbbe507130718,needProcess
croatia/Decisions,601733e6477b774ce922a1c5f83fa5f3,non-GDPR
croatia/Decisions,19e2fbdd68d5fb2de4fced480593295f,needProcess
croatia/Decisions,7d41d8151accb2f2a37de6c29e1d3d7b,non-GDPR
croatia/Decisions,63cd3b48e22e6709032c304353fe2a2a,non-GDPR
croatia/Decisions,cb31468b5253ab38cccbefd8016e5969,needProcess
croatia/Decisions,ad97da4b9dbc501d9e102a2e425b68a0,needProcess
croatia/Decisions,acaff24dd243237a2b511460578be40b,needProcess
croatia/Decisions,5faa3b164ff12d77c01b97cc2e2b1389,needProcess
croatia/Decisions,2333f16d0335dfdb72c54a46b4d5d599,needProcess
croatia/Decisions,bae2051dd5b6895347dd85f5f2b96ce4,needProcess
croatia/Decisions,9322f843b942d8a740e11d1e2c9055c3,non-GDPR
croatia/Decisions,0d6482bc0a08db760de5581f54e7442a,non-GDPR
croatia/Decisions,6c7cfa2bf1c1ddfc98b37fd25129d1d9,needProcess
croatia/Decisions,d0eb5d1782a17932ee2421a183415d18,non-GDPR
croatia/Decisions,02e9ce8e714d9958ca52e783e845e87f,non-GDPR
croatia/Decisions,1416fa9b25763725929768ea76dcc7ba,non-GDPR
croatia/Decisions,41dfadea40e55eaf7737969590b270bc,non-GDPR
croatia/Decisions,83cf6813f0516861019cd7f0de1276e4,needProcess
croatia/Decisions,c9428bd1e117a6acb700e44dcc41f053,non-GDPR
croatia/Decisions,323fdfaae2ad7a50840555aaf984315b,non-GDPR
croatia/Decisions,72a2c610980696f40a5212be57b4cb8b,non-GDPR
croatia/Decisions,b9205121d8b963df43cf0d4f3a10dbd3,needProcess
croatia/Decisions,27565d7cc163fbe7f27d0ca3cd9e51d1,non-GDPR
croatia/Decisions,77c30b4d48f1262fbd8b3418c9ffc0a3,needProcess
croatia/Decisions,bd56f6fb500ed34eb41452744d2e36c3,non-GDPR
croatia/Decisions,1a9541fe1ec49e258940bb2cd62037b1,non-GDPR
croatia/Decisions,e04dc0e459cf8b1f19bd3f9b50bcb70b,non-GDPR
croatia/Decisions,926a469ef1ee87a0aab4b7b3808b1e75,non-GDPR
croatia/Decisions,b52dcdfa4c68897312f0278aba7218a9,needProcess
croatia/Decisions,9f744903a6b561892fbeae5f3bb10cce,needProcess
croatia/Decisions,15943cc81c8d20642b0641c8dad367df,non-GDPR
croatia/Decisions,ec67b86cc38aa254e795943bfb538025,non-GDPR
croatia/Decisions,d07e65e12883ae3b690b6b395312f578,needProcess
cyprus/Decisions,3383ce39ae04f2c14ee8c339df95abba,needProcess
cyprus/Decisions,abda584ff41533eb788fea0d2bc100c4,needProcess
cyprus/Decisions,8d05b0b7b4cc042bf8f3cc7153d6ea9f,needProcess
cyprus/Decisions,885d62bbadd43316fcebc3bb5f08eb51,GDPR
cyprus/Decisions,58162adebd1d37ce30d54ac7ab2f9fef,GDPR
cyprus/Decisions,f38e3ede11508a31e0b8e6f1765cab70,GDPR
cyprus/Decisions,990592fcf73c274b5199902b42f83f67,GDPR
cyprus/Decisions,30ebf3505075f97edf0d714af530d484,needProcess
cyprus/Decisions,a6c66ca795d4a242e34500d9ab45f06a,GDPR
cyprus/Decisions,231caf9a189b844ef8ec1cb2cb074d8c,needProcess
cyprus/Decisions,9925729712c410d6a8ef82529e96ac1b,needProcess
cyprus/Decisions,103d151d7064bbefee17363750b34974,non-GDPR
cyprus/Decisions,9ac67eb05645a134773a7ac4dcce96ec,needProcess
cyprus/Decisions,05cf341809a2239add2dca198361c8d4,non-GDPR
cyprus/Decisions,54926ce34345b1bbc327d1dfd19b13e2,GDPR
cyprus/Decisions,e273fd5ece69ab2548d135eb4db58b3a,GDPR
cyprus/Decisions,4fec45e7cd9fc9003de796dae95a3f4b,GDPR
cyprus/Decisions,27a2c8e69d55cdca8164d6373d3c0437,GDPR
cyprus/Decisions,03d46a8fb9d1d9a2309d915b1b1e623e,GDPR
cyprus/Decisions,e41520340fd7f7ce876d7f806b17b906,GDPR
cyprus/Decisions,b572cc55e5d4be6dc2cddcb402837673,needProcess
cyprus/Decisions,88b6eb9947f1ee70d6abce905035cc6a,needProcess
cyprus/Decisions,e893f8239ec57acc6e5d0db98b0e053e,GDPR
cyprus/Decisions,f764ee58e776cbb81a7cfd48b3ac1838,GDPR
cyprus/Decisions,4fd21e69e1f09677fa24d04a17ce0b6d,GDPR
cyprus/Decisions,316374e69bebc006a850d4978f0962bf,GDPR
cyprus/Decisions,af51132c2d23d89b9f54c0908657cd4e,GDPR
cyprus/Decisions,5a00679091e6a0bff34cdb8ab5dd62a1,needProcess
cyprus/Decisions,84759ba09171942635457f68bdc26e24,GDPR
cyprus/Decisions,29ca24f9aedade2bdc286f917c8301dd,GDPR
cyprus/Decisions,85a3a778bfec48d222b454e119486c01,GDPR
cyprus/Decisions,3bda903c29236f422dc1f3bec0f48ab3,GDPR
cyprus/Decisions,1343a31b5a1fdd302961f282a17247f8,needProcess
cyprus/Decisions,ce8080385096b9e4fd057d6c56f51863,GDPR
cyprus/Decisions,2f58ffed276b0ac91ce249b5df2c0588,GDPR
cyprus/Decisions,08ab096df1d65a9e00e7b236670dc7f5,GDPR
cyprus/Decisions,576c44069f619f21633e7168fe8d519d,needProcess
cyprus/Decisions,32ca2690eb8d9d6d5dea3c399cd039be,needProcess
cyprus/Decisions,261beb6ccdf1295e815124ef08b911aa,GDPR
cyprus/Decisions,5b745fe748081499c9dcbb5388b9b569,needProcess
cyprus/Decisions,c96c7f6b4c10f60055b687f0ca60f4fa,GDPR
cyprus/Decisions,a014e52d477bc09322b0ed8bb6733911,GDPR
cyprus/Decisions,2a600a3132154fe32f1475d6311a4dce,GDPR
cyprus/Decisions,78763ebb88a3b5e7346529b44c2c5afb,needProcess
cyprus/Decisions,697f5f6ed6ce72d1714484b7b34aa437,non-GDPR
cyprus/Decisions,e0408732366683148627ee3c23f278f6,GDPR
cyprus/Decisions,f4368337f5fffd8f30aaa5fba0c796fe,GDPR
cyprus/Decisions,08b07bcced2cd4a2be195774887782e7,GDPR
cyprus/Decisions,18a433b545a012113b48bfb9427e6f60,GDPR
cyprus/Decisions,9961da709f1c7debc69d8c542815c8d3,needProcess
cyprus/Decisions,1359d6ac2c9c41113d2b1b0301aa60dd,GDPR
cyprus/Decisions,abe0e805ff0db4ca97db71ce4f610855,GDPR
cyprus/Decisions,459226db9bcd1acbe278964f52dca755,needProcess
cyprus/Decisions,34a71be8abb764cda1eef006d15ac803,needProcess
cyprus/Decisions,a25af42a0d3d30a50669bca287b8f054,GDPR
cyprus/Decisions,93e86be9f53d1dbe8b60e0939b9367d7,needProcess
cyprus/Decisions,cd613ad8e5d4f200a02815118e0fda4f,needProcess
cyprus/Decisions,71692486fbe19a0964d95b9fa4f772a5,needProcess
cyprus/Decisions,44298255c7d192cf3615f2ff2baabbf2,GDPR
cyprus/Decisions,10ab71a253815ae89255aea598aad75f,GDPR
cyprus/Decisions,5937f94fc26d827ab588323d0155687f,GDPR
cyprus/Decisions,c41ae25fe1f9cbd919c9c32d00a451bb,GDPR
cyprus/Decisions,d284fd429c6bd4f76b5de02f49a7119a,needProcess
cyprus/Decisions,6d683835e41ad561c84d5ae5d33e89fe,GDPR
cyprus/Decisions,0e8b665ab9478d22ad0754d8551934d3,GDPR
cyprus/Decisions,13335352be1a889f0ed278d980c33aee,GDPR
cyprus/Decisions,5c49fde8b6fd4e4a3f64545957dc0c61,GDPR
cyprus/Decisions,1141e91ad3f5d3138c354503f3da2bf2,GDPR
cyprus/Decisions,668ab0f45d9ef97489d6df67920e35b0,GDPR
cyprus/Decisions,52229be0b4f5e04d3ae2b0b94c6542a5,GDPR
cyprus/Decisions,5a0e46f628a6dca8ea099526ed23c53c,needProcess
cyprus/Decisions,b7ff35f0682b079230ac1f275c539d74,GDPR
cyprus/Decisions,ee09c0dbcdf672e5d2e754fdd3a3fada,GDPR
cyprus/Decisions,38680dfe5bca5975f6078a37af9d3bf9,needProcess
cyprus/Decisions,217c517988e19bc2f7bbfd65abd281b7,needProcess
cyprus/Decisions,813a7b9f78df515c2084e5537bfca4a3,GDPR
cyprus/Decisions,b9abdd42e86d9a4ca3e5fd285aafb640,GDPR
cyprus/Decisions,e49b6f2e2ce80ba24b6c611d276f6b61,GDPR
cyprus/Decisions,e6c9b7ab6d8cbc99a6193e9d038ec848,GDPR
cyprus/Decisions,7121fd16aad8cfdbd6544d80b5cd00a1,needProcess
cyprus/Decisions,50c1742de42dc6696fad79203382614d,GDPR
cyprus/Decisions,66d3e5674279a91d7787d419aebad415,GDPR
cyprus/Decisions,f5d6d334c2a2d93c8dedc7d9cbc7a2b7,needProcess
cyprus/Decisions,56662a0d09ef46b6ae01e985ffe63548,needProcess
cyprus/Decisions,ecccfed5a173b35fb387194a58b6e85a,GDPR
cyprus/Decisions,b5730f18d76fb86991426dc41afd99dd,needProcess
cyprus/Decisions,c80a74cafabf06327aae83f65c3bb9cc,GDPR
cyprus/Decisions,deedd79e06e456895ad6ecb721efc3ff,GDPR
cyprus/Decisions,7eb8f91c6706109b3d6eb28fe1c0b0ce,GDPR
cyprus/Decisions,11d74533185f33f47d1080e017155a9d,GDPR
cyprus/Decisions,1a9915f666a1f31f0ab9c0eec17d7b6a,needProcess
cyprus/Decisions,f14f33a9a5bba9b3aa457ef1de22d56f,GDPR
cyprus/Decisions,ae73730a96aad3c18615ab427f55cd5d,needProcess
cyprus/Decisions,3b1f766bea62782c88842308dfc103db,needProcess
cyprus/Decisions,b10341577871d37a26207910387ed5bf,GDPR
cyprus/Decisions,fd4c84e8d438874213e99b565c5afda8,needProcess
cyprus/Decisions,de7befa1bb63c82f5b2d5d7f5b0ba1da,needProcess
cyprus/Decisions,548b992ed8ef2c5844e2b514331f0ab7,needProcess
cyprus/Decisions,b00bc0a2e235d1653dddb9961095fbe6,needProcess
cyprus/Decisions,5628e89b0b168beb22db8cc20e1216cb,needProcess
cyprus/Decisions,3c593e2e924673dac8c167ab2e0b65bd,needProcess
cyprus/Decisions,94328fe365a2fa5c74e5ef0e1a96c8e6,GDPR
cyprus/Decisions,f2a996b1211eee34aab8e36b850ee7d0,GDPR
cyprus/Decisions,09c27bae028813037d12e7d7df5f6522,needProcess
cyprus/Decisions,781f5d8290c95966cd2854de08fd3713,GDPR
cyprus/Decisions,a8a44eccb17bd496edcfa34e0af96ebe,needProcess
cyprus/Decisions,eddc74d17a4e2e4e48289c84cc352230,needProcess
cyprus/Decisions,79e5e6f437ad8ed9f04455f1535cd635,GDPR
cyprus/Decisions,f79c31e6525f62577dd95aa449f9e1d9,GDPR
cyprus/Decisions,4b9c2bae40a23dbdaf46bb7bf397dce2,needProcess
cyprus/Decisions,429ddc6fb32bc175df6284f4075141e5,needProcess
cyprus/Decisions,02814232244d6f591cc16a365cf4c105,needProcess
cyprus/Decisions,e6c1c317da64efd6dad166f3588ef424,GDPR
cyprus/Decisions,312572a3700f099820fdcea1ef4d06c1,needProcess
cyprus/Decisions,debd539307ce99c99c7b43fa1c1ef58e,needProcess
cyprus/Decisions,648d50a8b268d1c406edd76366e4e98f,GDPR
cyprus/Decisions,44eccb091a40c07154e3c6729cb83fc9,GDPR
cyprus/Decisions,6ae0944ad5af9f59274b01e103f0f169,GDPR
cyprus/Decisions,26afb4a28ffe83e61e857be0de5db594,needProcess
cyprus/Decisions,70d8de16242e228367812e9b3b5fa4da,needProcess
cyprus/Decisions,b5d27feaf7b5a41932d564157b94c514,needProcess
cyprus/Decisions,688dc967267240c2d76e8f7984bca116,non-GDPR
cyprus/Decisions,313ff65f0288e4c61747d617f6cd7139,needProcess
cyprus/Decisions,0aa1431fd87950dec79e0889c5707ba9,non-GDPR
czech_republic/CourtRulings,da74407200ce6dcf70288feaf6039bf7,non-GDPR
czech_republic/CourtRulings,9e295ecb979222c5d39b2b33d7de6253,non-GDPR
czech_republic/CourtRulings,c29a96ae567ea7e37f64ab17fcf2964f,non-GDPR
czech_republic/CourtRulings,daf559b38fa28cb5d0abc1759c30268f,GDPR
czech_republic/CourtRulings,39ed5010ff99d71d4ddcd82310d4bfb7,GDPR
czech_republic/CourtRulings,b58d08a238ce0a285befe6bf41952f79,non-GDPR
czech_republic/CourtRulings,0474adaa50e148e821d5e8162dd8a806,non-GDPR
czech_republic/CourtRulings,5114c931b96ee02f74a5a134175e2896,non-GDPR
czech_republic/CourtRulings,d97968601966a5234d06a75668354000,needProcess
czech_republic/CourtRulings,8523d404b945b69cadb510879cee0233,non-GDPR
czech_republic/CourtRulings,71d29142d626163edf3dd9c3dd053c05,non-GDPR
czech_republic/CourtRulings,0d667c78727871b313cf583a1263ab28,non-GDPR
czech_republic/CourtRulings,e3b2b220bd00e2a540ad5d6272dbc64c,non-GDPR
czech_republic/CourtRulings,bc744865f8e034392fb84c49d8ff87fa,non-GDPR
czech_republic/CourtRulings,7b4345c638b14aaeaf7892ed4bca7971,non-GDPR
czech_republic/CourtRulings,f24e7641ae00a5f12c1491463e3e4eef,non-GDPR
czech_republic/CourtRulings,e366875721233611bb3f691ea636d974,GDPR
czech_republic/CourtRulings,ddd06f1105023e3554b04226ff94b662,non-GDPR
czech_republic/CourtRulings,48bb881848f44a07e941cf1972defdcf,GDPR
czech_republic/CourtRulings,51223570c49adddafb6738d0f81ab66c,non-GDPR
czech_republic/CourtRulings,5dd6d7a3a08458818d0a7da5f0a1ad46,non-GDPR
czech_republic/CourtRulings,108630cb27097bcf45f3d5dd60cc5ae4,non-GDPR
czech_republic/Decision of President,7f936e7181268d0f8a25206cce134839,GDPR
czech_republic/Decision of President,300f0518b03900b48fef5a40f6962a8d,non-GDPR
czech_republic/Decision of President,ce24b3b0cc88e50bfd7c2f09865b24eb,GDPR
czech_republic/Decision of President,6d0abe20f3a80d514102e8961ef7b0f5,non-GDPR
czech_republic/Decision of President,3fe82dc86c2d84ad85ac29e4d4773c80,non-GDPR
czech_republic/Decision of President,e80549b04eb6450b95196bfe0b3be019,non-GDPR
czech_republic/Decision of President,4c4a938d1f113a87c6a79d32e12898ac,non-GDPR
czech_republic/Decision of President,f5d3cd63c9021043cbe2a26d4f16e1d4,non-GDPR
czech_republic/Decision of President,59efd0fd192502280bc7873add12a7ae,non-GDPR
czech_republic/Decision of President,544392c8c19a353c154fc5dd11d30464,GDPR
czech_republic/Decision of President,6c25fb34de879d60f13feaf97d5ba448,GDPR
czech_republic/Decision of President,5204aeb1595701a77e982de00db42a14,GDPR
czech_republic/Decision of President,2e635ec9f08b6f8f0b662317c571a4f3,non-GDPR
czech_republic/Decision of President,9483bdde7eefab9c1cdae40866436550,GDPR
czech_republic/Decision of President,d6357f28c771bf85c2ef4a171e2ca0e6,non-GDPR
czech_republic/Decision of President,61bac6116bf21d55ea54a45d62b9003f,GDPR
czech_republic/Decision of President,e269bdb6be0237b0f33166620e7da422,non-GDPR
czech_republic/Decision of President,8f7b2aa23b17da4ed0ece6533f317df6,non-GDPR
czech_republic/Decision of President,749ed3d5d4a2ab2d8448978a703c0bbb,GDPR
czech_republic/Decision of President,3de5b02a45aee075d78c47c0204f84de,non-GDPR
czech_republic/Decision of President,db0c86bccba6411e8664c49a245a421e,non-GDPR
czech_republic/Decision of President,61dcc1bf4ee732abc6b305389992f604,non-GDPR
czech_republic/Decision of President,2536fc5f7bbcbfc81f69fd63d9463470,non-GDPR
czech_republic/Decision of President,5c1881b2680e22980cf3f00b3a9456ca,non-GDPR
czech_republic/Decision of President,0c9ae34454b14d764b8434d71750c465,non-GDPR
czech_republic/Decision of President,93d518ac6a720053af5972264bb2ef50,non-GDPR
czech_republic/Decision of President,840087aef1a88d69a588e929be08c075,non-GDPR
czech_republic/Decision of President,32a971c41ee5242102b2f893963d8dee,non-GDPR
czech_republic/Decision of President,e18ef0f88c5efd183d4f6223e914b062,GDPR
czech_republic/Decision of President,aafaa1c700a1c933003b1ff502c179c9,non-GDPR
czech_republic/Decision of President,680997312e61f8a6aa4afb80e49c4eb7,non-GDPR
czech_republic/Decision of President,20620cb837ac3f2f9291994f7a2a0c4e,GDPR
czech_republic/Decision of President,e4312e47d356ce0783ec8f3ac55f5bb6,GDPR
czech_republic/Decision of President,0b9b72e9e21b099f33f72bdc8cd7f1eb,GDPR
czech_republic/Decision of President,beffed5b538eedd515e8bf65947d54d0,GDPR
czech_republic/Decision of President,e47de1bfe52bd2726df49ca0e01b2e05,non-GDPR
czech_republic/Decision of President,ba0d6d7471d1a8fa73134d626804b023,non-GDPR
czech_republic/Decision of President,47e639181e4fe21d66656b4814ac24bc,non-GDPR
czech_republic/Decision of President,7d748bddf8598df190965fac5cf6fb57,non-GDPR
czech_republic/Decision of President,43cfb4f9a57a59d7aeaacc14a21ba77f,GDPR
czech_republic/Decision of President,9f1d307f6922ffeba3abdf0686c54509,non-GDPR
czech_republic/Decision of President,3bdca927a17982216b2fd8a5580bcba6,non-GDPR
czech_republic/Decision of President,1e9e648d6a59bc598743c3684bc96caf,non-GDPR
czech_republic/Decision of President,8efd57d1d43cbb6f95e1a6ec75d96871,non-GDPR
czech_republic/Decision of President,c929a357adbf66706c2ea8dc2fe20614,GDPR
czech_republic/Decision of President,a3fd86f5baf34988dc76d64ee40594c5,non-GDPR
czech_republic/Decision of President,35b097ec4b234fb097dbf271266bf616,non-GDPR
czech_republic/Decision of President,07fae2cc068e9d9ec7ddb06c7f69dba3,non-GDPR
czech_republic/Decision of President,434a0af127dab9c6533effce9d2cf2fa,needProcess
czech_republic/Decision of President,5e59ef6291498f431552b63d27dec30e,needProcess
czech_republic/Decision of President,ebba27fbf30c108c0784a4dc2a0c0411,GDPR
czech_republic/Decision of President,73ede7f980675f0073a927a2c995b105,non-GDPR
czech_republic/Decision of President,ec60934cbee6564ac29708653ace90f2,non-GDPR
czech_republic/Decision of President,5b968f19fbbaf247ecfd6301cebf29b1,non-GDPR
czech_republic/Decision of President,4bc75c08ec44af58a9eaa62c90e55cf1,GDPR
czech_republic/Decision of President,e1f47dbd05846bc95af91533b86ad0ce,GDPR
czech_republic/Decision of President,69fd7cd24d2d62d12e05a469902a0536,needProcess
czech_republic/Decision of President,3c19bbcbb5be9b891d1b52b90d909f8a,GDPR
czech_republic/Decision of President,0ae560b71341b9542d2b07935dde6596,non-GDPR
czech_republic/Decision of President,a6096b6f9db7ca7791b8b7f40da72e06,non-GDPR
czech_republic/Decision of President,8a23081faacf1f27f1f8798f60620100,non-GDPR
czech_republic/Decision of President,52c8459bfe8b9f27e75ef99b25cdac32,non-GDPR
czech_republic/Decision of President,23f513c905bbc2a3019abd67eeccf086,non-GDPR
czech_republic/Decision of President,0fcb45354d0b4f9a53f8e113e5ebbad4,non-GDPR
czech_republic/Decision of President,56da5eab040b831f505f1ba5616731db,non-GDPR
czech_republic/Decision of President,68fd4b6a3038446986903a4b10572419,needProcess
czech_republic/Decision of President,2eece1b5a6fbb2ede16ad13cffc95400,non-GDPR
czech_republic/Decision of President,7e91a38841dc8112b58c91465d172ecd,GDPR
czech_republic/Decision of President,e6257a9fa5503b49f41d35ed6a26a42d,GDPR
czech_republic/Decision of President,7e5979a77bcdba18e22f07df90a6b208,non-GDPR
czech_republic/Decision of President,348bcc62d96acf8ea40f2875564fa630,non-GDPR
czech_republic/Decision of President,c16a8b0c2b213e60909aa8bea28a6948,non-GDPR
czech_republic/Decision of President,7802e0bf0cbbb4216420a9b7d2978769,non-GDPR
czech_republic/Decision of President,73154940f755f2c864a081593c41f930,non-GDPR
czech_republic/Decision of President,69acface8314d42069e2474616458440,non-GDPR
czech_republic/Decision of President,d5a05d1d5f64d4f4d0962c418ec6c65d,GDPR
czech_republic/Decision of President,f0b2314e8e1097314b3b6c3a2a175497,GDPR
czech_republic/Decision of President,666cb5b57935a326ba3ca36b3ee9f685,non-GDPR
czech_republic/Decision of President,73ecf6a97596673fb442e0179e9439d9,non-GDPR
czech_republic/Decision of President,9873409218311cf0c1a4cb989173a11b,GDPR
czech_republic/Decision of President,f90891a771097c3d83ab2b82600a6713,non-GDPR
czech_republic/Decision-Making Activities,279ffc62baf754414caf4997fc379d77,non-GDPR
czech_republic/Decision-Making Activities,baf8c66f06ce54e932625f3ba50ddb05,non-GDPR
denmark/Decisions,fc711baa0f344304ceecb5388b8c3f9c,GDPR
denmark/Decisions,463e05403f5c5be2aff1054ca7dc150b,GDPR
denmark/Decisions,471210f912725f9f9eca569af18181a2,GDPR
denmark/Decisions,b0ca10eff88f6ce236bd9bbc86f2c8a6,GDPR
denmark/Decisions,9311f2a0001649e3534b5e07d64b7260,GDPR
denmark/Decisions,3ad4236dd0b066ec4465056a75752eaa,GDPR
denmark/Decisions,04bc388c55d2a279b4c9faaad506aa2a,non-GDPR
denmark/Decisions,bfe12e13dd415e035bb8025761dfbbd5,non-GDPR
denmark/Decisions,b3aaf509aef50a6b7024695646732a8d,needProcess
denmark/Decisions,e125225148c1ab6600dda62db0000553,GDPR
denmark/Decisions,b0d9908f72416269a547e054dd07fe8d,GDPR
denmark/Decisions,1e08896f706127e666aeedb54722f67e,GDPR
denmark/Decisions,f58f3f3c2df74804fc299ef92590b9c3,needProcess
denmark/Decisions,e18acffe7c2030347c8a6e8bc878afa9,GDPR
denmark/Decisions,b7a87cefad9a00ac12df74ef7367efbc,GDPR
denmark/Decisions,262b15fe5fc330e127ffec2cd112349b,GDPR
denmark/Decisions,1ab48ff4d83d15dd40b3d8a8fa5627f7,GDPR
denmark/Decisions,f58b9cc851929c22321343b376b526bc,GDPR
denmark/Decisions,bd4e99599de93040e51f5dc904505eae,needProcess
denmark/Decisions,81d0b01805a50032c83575445cc74ceb,GDPR
denmark/Decisions,11fd2831920f61295e7f969f32a54cd5,non-GDPR
denmark/Decisions,11fd2831920f61295e7f969f32a54cd5,GDPR
denmark/Decisions,992017b0fb9049e7307c9d2c6c8f2634,needProcess
denmark/Decisions,ee2789484fbd4fcd4829d762fdf62b7d,GDPR
denmark/Decisions,094640496c4fb1df5a5d60b2bc7f1032,GDPR
denmark/Decisions,8128390868ae3969100411c2df25f1c3,GDPR
denmark/Decisions,3c6804347db6855bf0a5c852c7c66076,GDPR
denmark/Decisions,887104f3166adb7a0ae56624d302ffe5,GDPR
denmark/Decisions,dc2311b2b3d845251add28bb89627465,GDPR
denmark/Decisions,cc906b5e5a4a416e661a9dd9bcd2ef12,GDPR
denmark/Decisions,b8064352d4fa149c25d5a3c245c93cbf,GDPR
denmark/Decisions,02529a26c5f898f6ec554e00b111207a,GDPR
denmark/Decisions,96fdd72e0f9fcc735f34a50ed8179397,GDPR
denmark/Decisions,eef5063b18a1fbfb49a7bb8cdb784054,GDPR
denmark/Decisions,1e70eb5027d5d21efc8dcfe7ce2c24d9,GDPR
denmark/Decisions,81534d32bcfcd997c632ee9aa46244b8,GDPR
denmark/Decisions,1cae0b381ad6a98746306278b4cbc44e,GDPR
denmark/Decisions,f45e3d0195353dd72a5289eb42464a96,GDPR
denmark/Decisions,cee459de3a7c5077ef15424232e70319,GDPR
denmark/Decisions,d2ae037d569ea0b873276b8e78953ae1,GDPR
denmark/Decisions,293f1db2401173c81b8d32f25184ff83,GDPR
denmark/Decisions,e677d116821d4223ccf2cf0fde4a52b2,GDPR
denmark/Decisions,7c8916b8965a0bf2d681718c266ac1d4,GDPR
denmark/Decisions,3ca5a2b42c3d1840ffd8069cfe902849,GDPR
denmark/Decisions,735654173fdf33652e75036ed109c2fc,GDPR
denmark/Decisions,1b2f4aaae89b52f5b682f1ff2f2d56bd,GDPR
denmark/Decisions,db9313ff353bc7b1a0184873c984206c,GDPR
denmark/Decisions,692d310f7e0a839392aeb6a76c7fefb4,non-GDPR
denmark/Decisions,9f7f00ea95e060c6397fd890b5068d2f,GDPR
denmark/Decisions,9a66b2531851da30d8a8d59cd5922e4d,GDPR
denmark/Decisions,0f95feb30cdc686be9cca524572ebfb5,GDPR
denmark/Decisions,07539eb69071d81ffe8e4a9d4f49cfd9,needProcess
denmark/Decisions,be735126f5f7d1daa77d8069ccbdec7f,GDPR
denmark/Decisions,835c3c27d67fbcc31c8a5fc922eba1c4,GDPR
denmark/Decisions,58de2c24fdf620a907578e885198ee7d,GDPR
denmark/Decisions,225babb2aed79510313a44bf714b57eb,GDPR
denmark/Decisions,ca4374788efd12d31dec975c6cfc87b7,GDPR
denmark/Decisions,52010019697c896464626bd99a1af792,needProcess
denmark/Decisions,ef47a7649418593a7662d3cc970501b6,GDPR
denmark/Decisions,4eca80561190636624480b16f2956f6e,GDPR
denmark/Decisions,36905e564bae9cebf6ebec8d8591ca22,GDPR
denmark/Decisions,7bd2f6f595bc3eae9ebbdca6c3ea97cb,GDPR
denmark/Decisions,7be2f0f4bae915a43dd0f2cb7715774e,GDPR
denmark/Decisions,cd713c1c08563f1ec00ff61f4ea57e9f,needProcess
denmark/Decisions,12c39c2ac7c95bd587362f1012941119,GDPR
denmark/Decisions,55777f1184a57572c6dc1b4289fa6d97,needProcess
denmark/Decisions,f6f5d1c1aac10df8b34cb91a25498ebc,needProcess
denmark/Decisions,0ff4c267006ce52cb74495532e5da7d1,non-GDPR
denmark/Decisions,6497a1afb3998cb6339f3491aedcd623,GDPR
denmark/Decisions,0f65051997e55e1b2a25d40ef2734775,non-GDPR
denmark/Decisions,4a6194411254fdd6c0ea0c219a28b414,GDPR
denmark/Decisions,52691c803173c78a58dad7fa6398e70b,GDPR
denmark/Decisions,0922cce03279b0f2f8dcc736223e1a75,GDPR
denmark/Decisions,2002add6bd15d7b07c50fff88c1137f2,GDPR
denmark/Decisions,43bed9699a610c4d50b782e2b42c6f83,GDPR
denmark/Decisions,807e56da8d3b17cc4630db8c9c9dd247,GDPR
denmark/Decisions,1ba8e28cbbcb4701b9c7e8f6742dd5b4,needProcess
denmark/Decisions,f16812387997e274997200057d1319d3,GDPR
denmark/Decisions,62141006bd31496c591b12716adb57d6,GDPR
denmark/Decisions,788df5e31014886a709ceb799b4c7a3d,GDPR
denmark/Decisions,ad0bc03a8edfebc0f3b31c7af0b617a1,GDPR
denmark/Decisions,b1ee24a9be506a77cc38de053195d5e8,GDPR
denmark/Decisions,ddc70f4e75d51a2b3a65b75f9fd3e0b8,needProcess
denmark/Decisions,e5d97695eca1531328aefb65435d93c5,GDPR
denmark/Decisions,c5a55874541c9ac84c6c729bf1b95639,GDPR
denmark/Decisions,142099cf416b212a91f2a82b50698258,needProcess
denmark/Decisions,7e5e7dd09a3d34f98a56d574080b3499,GDPR
denmark/Decisions,4d014851e00c2ca6134932b8af377415,GDPR
denmark/Decisions,43babb7487166760cfb5d98c028c7c7d,GDPR
denmark/Decisions,83d2ce093ee27e660ee6fb471f56b512,GDPR
denmark/Decisions,12627dc151681e3bf2d96518c6e6b22e,GDPR
denmark/Decisions,ed87bdbd1e040fb0dc9d9f3d4fd8a4a7,GDPR
denmark/Decisions,32451c924ecf3b21c1d74c168202178c,needProcess
denmark/Decisions,40a131ed1dfea2ae014bc25287743749,GDPR
denmark/Decisions,93bbdf644947af17dfac74f6d68b56ea,needProcess
denmark/Decisions,8bfe18b3af1cc0c805d680acd9b0faf8,GDPR
denmark/Decisions,f6f5d1c1aac10df8b34cb91a25498ebc-kalundborg-kommune-,needProcess
denmark/Decisions,dba1a7d5856c4f385abb3d396c62b3ac,GDPR
denmark/Decisions,6ee7ca1efc185fa34209c8903aca227d,GDPR
denmark/Decisions,50ec55b66a6d9819206b7f4396172cc4,needProcess
denmark/Decisions,481dfa6444f28f5725ac02681d8193ec,GDPR
denmark/Decisions,6bae77612cfa3c4d251d01a4bad6b8d6,GDPR
denmark/Decisions,7b1bb93190029fc24a997f988cf4f0db,GDPR
denmark/Decisions,ee97ffab294039850c622e79cb02c78e,GDPR
denmark/Decisions,f2dbfd77774027f246f3f26c3676b1b9,GDPR
denmark/Decisions,798e1ad0a71db6b9c2d27b65c7ab0367,GDPR
denmark/Decisions,2f163713d4ecce5e012499c47dc92ef7,GDPR
denmark/Decisions,5970fe02f333f81c66f880f0fd128b2d,GDPR
denmark/Decisions,f6f5d1c1aac10df8b34cb91a25498ebc-spar-nord-bank-as-,needProcess
denmark/Decisions,fef963b352f061e17a41f471868d5808,GDPR
denmark/Decisions,05db49c7923af142d781ffae1a74b18d,GDPR
denmark/Decisions,f6f5d1c1aac10df8b34cb91a25498ebc-laan-and-spar-bank-as-,needProcess
denmark/Decisions,d7bc0f3f48abeee52474e855d6e1d33e,GDPR
denmark/Decisions,8be6f417d8d8ce0055a8d649cbf4b5d2,GDPR
denmark/Decisions,f09a2d48105a96d4b0580e8dab57bf06,GDPR
denmark/Decisions,c02e6de287705d18688e16a84efbb545,GDPR
denmark/Decisions,7a0f51262062db851ac715c489a8898f,GDPR
denmark/Decisions,1395f7adecd9357c2fd82c9413051d88,GDPR
denmark/Decisions,c2e133fda0f7e8e3af57d268cac89a73,GDPR
denmark/Decisions,f6f5d1c1aac10df8b34cb91a25498ebc-hedensted-kommune,needProcess
denmark/Decisions,8f5916df074c5f8f65b86225d39d1bac,GDPR
denmark/Decisions,d528d82db7c1ccad5ad778013a62c000,GDPR
denmark/Decisions,2a981b0b5dd0b97ec57f23ee2bc0f70f,GDPR
denmark/Decisions,6ea896072039f53f1d06db56da5fb08b,GDPR
denmark/Decisions,e2371d47cb64c6f97ce283405f75f379,needProcess
denmark/Decisions,36bb8dce216730998f14450c6413b3d3,GDPR
denmark/Decisions,8c3529edcbf15f9b744d8f31f273fc7c,non-GDPR
denmark/Decisions,2c0e2c44937b6402ba380b633c65905c,GDPR
denmark/Decisions,70013745cb80ecc7b078f17aa3298ed3,GDPR
denmark/Decisions,38a74e6de76d1a30ee39e1d997233f6b,GDPR
denmark/Decisions,9df9481239be6a3770667faf93eef751,GDPR
denmark/Decisions,ebf4011abd3fa032b17508611ed91494,needProcess
denmark/Decisions,14389257708322ed7e4c2c065693bd9d,GDPR
denmark/Decisions,1403e0b3ce1935d1a9e1046c7f1d53f2,needProcess
denmark/Decisions,ff7450f34ec5a45c1a1a23c349e3a927,GDPR
denmark/Decisions,06560122abdf4d7af1ba0a148dca643f,GDPR
denmark/Decisions,d9ab3464c392e6ebbca854f59ca65b34,GDPR
denmark/Decisions,ba78a8ba4327917d4f66cf643ee49741,GDPR
denmark/Decisions,b7d8e17395c12ae6346c7251cc458f7e,GDPR
denmark/Decisions,5b4fa377f9741a6aa54f3e700e3611b7,GDPR
denmark/Decisions,09c3041a873c2d00d827f4e1b6698abe,GDPR
denmark/Decisions,b7e96244c86e4ce91929bbe5e4f743c8,GDPR
denmark/Decisions,6c39f8a93730115c1bc492ad0f79b22a,GDPR
denmark/Decisions,bc175983823289e6e9f67c622ef3293a,GDPR
denmark/Decisions,307afc9204e265b92997b86dfb326939,GDPR
denmark/Decisions,9e2fd8208c4abd2d01a8071d65afb344,needProcess
denmark/Decisions,156ec0918692ec154f32ed772f8633de,GDPR
denmark/Decisions,c2ffa7316865ea11db52e0f476129da4,non-GDPR
denmark/Decisions,bfcb49779588a05ab1776c548a12d49e,GDPR
denmark/Decisions,212fdd77ca4492787daf3854697a9535,non-GDPR
denmark/Decisions,70cb56361088435d353b3343367dd7a9,GDPR
denmark/Decisions,378a77a4b2b28878c17569af88b8d8d1,GDPR
denmark/Decisions,0e2b47ce2ab0e12d9945288add0bba1c,GDPR
denmark/Decisions,919be91c2a46530be72c1209699b17c0,GDPR
denmark/Decisions,2033c7ad70ca8b14c1cedb32d054f643,GDPR
denmark/Decisions,eb82a816b1e5c49bc228c418bcde3fcd,needProcess
denmark/Decisions,d064281f3487861e9f01717d46ce4040,GDPR
denmark/Decisions,4337df5680a77688f9775864446a7073,GDPR
denmark/Decisions,23f74da083e8cc8ff794c6de87b844c0,needProcess
denmark/Decisions,7f0b9b4ad0cd0354735bb0595af2aa89,GDPR
denmark/Decisions,f6f5d1c1aac10df8b34cb91a25498ebc-hjoerring-kommune,needProcess
denmark/Decisions,ccaa87254d0a07f78efdbaff3cc73f0d,GDPR
denmark/Decisions,8bbbbf849baac72bf0d4fae75b14a42c,non-GDPR
denmark/Decisions,145578453c309f1ab1205e5f52444399,GDPR
denmark/Decisions,64cf3987b0dced8fed541ee53d005020,GDPR
denmark/Decisions,f6f5d1c1aac10df8b34cb91a25498ebc-sydbank-as,needProcess
denmark/Decisions,1f8f5bcec7d208ba95ad492e148c5232,GDPR
denmark/Decisions,b0ade7ef84f0399cccfc56e3a1d237c0,needProcess
denmark/Decisions,c53689a7ab84512eab12866d541b5912,GDPR
denmark/Decisions,afb659c1c91fa595a6f2b55380db3d4a,GDPR
denmark/Decisions,3dc0ea28b353d99873844e1115f5a4f8,GDPR
denmark/Decisions,8162179175da35d872b5fae9b0c059f2,non-GDPR
denmark/Decisions,724908680d03797d39e559c4eb63fd10,GDPR
denmark/Decisions,a1808a9d8a75367715fddead26716167,GDPR
denmark/Decisions,d2728dc506fb15c010f68c700614b29a,GDPR
denmark/Decisions,7b7ef0643e669c8e8743093307a66fd5,GDPR
denmark/Decisions,fd6027429bc016522be5ceb2b3f96684,needProcess
denmark/Decisions,efb3801fb16db39bc5cebbd68291418e,GDPR
denmark/Decisions,d322137f0598328a35fe0d947e4b924d,GDPR
denmark/Decisions,d8f21cc6c6fef56774888419b9e89c03,GDPR
denmark/Decisions,0b4105ce8649097e2bac5c4e6e9e4900,GDPR
denmark/Decisions,258958c892a1e174811cd0e70226162a,GDPR
denmark/Decisions,0b2e82ebe79e65fd9710781a12885fee,GDPR
denmark/Decisions,4937e6c5e5ed99706e51d7fa1026fa36,GDPR
denmark/Decisions,0371af94ff1c86cc7534739bf7e8f954,GDPR
denmark/Decisions,46354d7de7fed7ec712fc15e4a979c87,GDPR
denmark/Decisions,ed9dbc24fee9cfbecd9401f1649b3e33,GDPR
denmark/Decisions,ee580e107ec4b80ff92d18253c621a5c,GDPR
denmark/Decisions,0fffd23f46baa2da42f0b38fa3ed82d0,GDPR
denmark/Decisions,6139405c1466c5ff6a52804e9ae1965d,GDPR
denmark/Decisions,769003a31493d8bd6b840085b4f3b8ed,GDPR
denmark/Decisions,96a1cbed235dea9a6a748895662350b1,GDPR
denmark/Decisions,9cb053c84cbb1e52b1cb2defe6d5f797,non-GDPR
denmark/Decisions,dffbd8b7dce02ae5dd83128bea7a47ea,GDPR
denmark/Decisions,465ff3931d23e48915438a75c3165961,GDPR
denmark/Decisions,5eb54629988ad65dfc1e54c3cf69fd9f,GDPR
denmark/Decisions,1576db2a3a855e7a68b8890313d75dcd,GDPR
denmark/Decisions,dcb83c21b6b22b7bb9448f98b4e48093,GDPR
denmark/Decisions,4637a7430970ee63b2c3457bbbef8fe7,GDPR
denmark/Decisions,3614f6c20e5be030476e6a5116a479f6,GDPR
denmark/Decisions,d7779f693496db10f07bd6bf4298e197,GDPR
denmark/Decisions,6bc63869a33ac51c38d3cd677bb162bf,GDPR
denmark/Decisions,53635640d68b041250ba2b4ab241cb11,GDPR
denmark/Decisions,f6f5d1c1aac10df8b34cb91a25498ebc-danske-andelskassers-bank-,needProcess
denmark/Decisions,a45640441f77c98e72c3b20e5088bd0a,GDPR
denmark/Decisions,797cc200f5d9a5fe670b15b094103acf,needProcess
denmark/Decisions,0ebf40fb742f1c9d9efd3f4ad1762562,GDPR
denmark/Decisions,2773991fedeb5e26d55df00984e20c63,GDPR
denmark/Decisions,aa4d0f870aa3cb8e682d80e6f842d2a6,GDPR
denmark/Decisions,155c1e3e17b420b38a88fee1f77e9354,GDPR
denmark/Decisions,f6f5d1c1aac10df8b34cb91a25498ebc-roskilde-kommune,needProcess
denmark/Decisions,4a20b63adbeb665cff485c059e9ff808,GDPR
denmark/Decisions,d36b321f0d4b42de08fa022a2ff3f29b,GDPR
denmark/Decisions,4100e42752b72ccb962176b85fc0e466,GDPR
denmark/Decisions,a792fe24a129fd3a39e965db6adb4217,GDPR
denmark/Decisions,69e5ce483ed3adeb8e8365c2adebebd0,GDPR
denmark/Decisions,d5d1ffdbd0d9a8ac792180236bc1399d,non-GDPR
denmark/Decisions,edd09d4b91ddcfc6b24db511102b8cb2,GDPR
denmark/Decisions,ad806e0301673cb59702abfedeb3eca4,GDPR
denmark/Decisions,0d7efce1396f8b9260b181c348d55207,GDPR
denmark/Decisions,04898b17a28afab196aa3b27af54b1f2,needProcess
denmark/Decisions,e8307fe528bddf85db669817d1ef2303,GDPR
denmark/Decisions,389a6e33615047d79797cd41d2d85752,GDPR
denmark/Decisions,451d1120ea0e8629350dce065c9cfe17,GDPR
denmark/Decisions,f8656b35e9dd01be7051346f5ca33744,GDPR
denmark/Decisions,98fd2388e6dda3ec02c03f8fb852584f,GDPR
denmark/Decisions,4a2a06f4da01672c9f4e182ad99648d2,GDPR
denmark/Decisions,23c11ce28a5886678e51d58905ce0891,GDPR
denmark/Decisions,b036316efc78e7ef1c1e739098b5a6d1,GDPR
denmark/Decisions,95ce507f2012b890927c69680d96ab54,GDPR
denmark/Decisions,d7496947de62f89579664b25e22f2ba5,GDPR
denmark/Decisions,b8bfc250df855b4ed016e9c05e39fb6f,GDPR
denmark/Decisions,6e9b61b4b58b8bd6f0ed14c4b3134d6e,GDPR
denmark/Decisions,8224b0587cf0320a7d64671fdc8fa7cb,GDPR
denmark/Decisions,3614f6c20e5be030476e6a5116a479f6-18-06-2019,GDPR
denmark/Decisions,f0096ee5a8208250c53fb3d9d9f2af9d,GDPR
denmark/Decisions,e0112bbaa08aef6ba372a7fb306f48a0,GDPR
denmark/Decisions,db7bfac59aef70ba8b483fc280feb4d2,needProcess
denmark/Decisions,f6f5d1c1aac10df8b34cb91a25498ebc-guldborgsund-kommune-,needProcess
denmark/Decisions,9d60868b6da854ecaf7d8a82a1bd11b0,GDPR
denmark/Decisions,c007d1a4eb72d5a75a39f2f8d8e1e047,GDPR
denmark/Decisions,48348065a2f43db5675ee420af1c4d85,needProcess
denmark/Decisions,2dc569cb2f0cf385bdb19d27a725d9a4,GDPR
denmark/Decisions,f6f5d1c1aac10df8b34cb91a25498ebc-nykredit-as,needProcess
denmark/Decisions,e0454554d0244369b88a0bcbaecd3bab,GDPR
denmark/Decisions,f6f5d1c1aac10df8b34cb91a25498ebc-saxo-bank-as-,needProcess
denmark/Decisions,1eb780410faa1398ffef39553a6bfbb4,needProcess
denmark/Decisions,f2db98f85175c46bb42a9617981773eb,GDPR
denmark/Decisions,966add11dc7b83af49a3514cebc71a2b,non-GDPR
denmark/Decisions,d29e8f7898cfa939ec2619d364ef5656,needProcess
denmark/Decisions,70efdde072f6bd65e05446e9ae0b4b29,GDPR
denmark/Decisions,efe0d5dc39dded9c5fa25b80d0dd517e,needProcess
denmark/Decisions,69fd89d4a1311935455f1db4d78afd5e,GDPR
denmark/Decisions,d634787bc7e01a677c7f3bcf4a58ca70,GDPR
denmark/Decisions,fa562df93ac96c5bca63a014bb55b2fc,GDPR
denmark/Decisions,faf0046340785bf77dc4419961b10fe4,GDPR
denmark/Decisions,8be42af36fe4966b387e486a10436982,GDPR
denmark/Decisions,dba1a7d5856c4f385abb3d396c62b3ac-10-09-2018,GDPR
denmark/Decisions,b3aabced53634b678399157ab59f4ef1,GDPR
denmark/Decisions,e27c5764ca8384d8ad64031115c41cee,GDPR
denmark/Decisions,33401c30d0f1b344acf6cbcc99440b35,GDPR
denmark/Decisions,896d3ed0a1ee2f64a0a068fb37eda547,GDPR
denmark/Decisions,f6f5d1c1aac10df8b34cb91a25498ebc-ringkoebing-skjern-kommune-,needProcess
denmark/Decisions,ec7369c5cb96f2f06968820ab6a10e67,GDPR
denmark/Decisions,7963910f6a31e82fa72c900d58b3bf2e,GDPR
denmark/Decisions,eb5696b08165f55a456ca2b9fee69071,GDPR
denmark/Decisions,4c1740a8515a5a7daae5e019527b27ff,GDPR
denmark/Decisions,ca5759cb8dca7cb671b0ced3aad5ead7,needProcess
denmark/Decisions,e97507d3b9d052c61400f6739bbc7045,GDPR
denmark/Decisions,05600ab5a6b6b272de175f3f28bf3cd6,GDPR
denmark/Decisions,5a744539151e5234271e9b4c4f18b3d7,GDPR
denmark/Decisions,71f5fbff90f32c56caa73c34b6059cd3,needProcess
denmark/Decisions,f6f5d1c1aac10df8b34cb91a25498ebc-frederikshavn-kommune-,needProcess
denmark/Decisions,bfce24081cf95432a4b89d002cc4a649,needProcess
denmark/Decisions,8de38e8bc138f3d043aedb3817fc8cc9,GDPR
denmark/Decisions,f72958194a44c063a1cab7731c08cda6,GDPR
denmark/Decisions,ffa2892419f2ae381b74371c5ffa3479,GDPR
denmark/Decisions,9553fffcbfde7fbd22b36bbe062061fc,GDPR
denmark/Decisions,e1c327912fe8c21b66929e030cf86567,GDPR
denmark/Decisions,5051e356d132ba861181d0fd773b31dd,non-GDPR
denmark/Decisions,05779d890b340284d8052936182650c6,GDPR
denmark/Decisions,f8691923f187ff20ee35c1b0c968bdc7,GDPR
denmark/Decisions,1cbb08d221118de21e9f3b2675bf0d59,needProcess
denmark/Decisions,f8c0d0a8db9a777ae19ffafa78de298f,GDPR
denmark/Decisions,a28921b1c1a281ab028dada1a70f5b91,GDPR
denmark/Decisions,b8959cfb6ee3d1861c343fe5dc16e5b7,GDPR
denmark/Decisions,a2aac55fd8c56e4d5599d07be4ba3837,GDPR
denmark/Decisions,2840aac3a8ffe5913dab26221f55178f,needProcess
denmark/Decisions,02aa4a1136bad68192038af2e56cf4e3,needProcess
denmark/Decisions,6e81c1eeb8140b3ea5bf162e8bf9bafd,GDPR
denmark/Decisions,61ba945b22b2f97ac55a69b5c2a0fb9a,GDPR
denmark/Decisions,77859b715edd3bbc761b7a17a0349956,GDPR
denmark/Decisions,f1a3b973f70e01191b22275f0cdd6f09,needProcess
denmark/Decisions,9ac27fd5f5c64061db559ac07f4e133c,needProcess
denmark/Decisions,bbb27c9c5ed29fbe1c16d1f088076453,GDPR
denmark/Decisions,d5bf70be0d952150debe1f6e33fe6541,GDPR
denmark/Decisions,d145cb43af3ddf755b73f076763a0e0b,GDPR
denmark/Decisions,52740eecbe0384333a95b922adedfe5d,GDPR
denmark/Decisions,a6733ff05d1759156be5ea4e83a5a724,GDPR
denmark/Decisions,3ba389fa66dbcbd92f1afbcbe4e56817,needProcess
denmark/Decisions,820e85c0d9fb09ca3f6310ddbcec4414,needProcess
denmark/Decisions,01aa7a6bb11f19fb7b01e47b94d2369c,GDPR
denmark/Decisions,7d3bc6b22627c7b9be0f8c89285621ea,GDPR
denmark/Decisions,13b3b965d97348023b4c0bb8c8829afe,GDPR
denmark/Decisions,3cea131ba5a7a1eebcf78f7aa7ec212d,GDPR
denmark/Decisions,c6545b224ac9274ce281f52cd1f060b6,GDPR
denmark/Decisions,50a08f256a31af506b09f1f34eb33bef,GDPR
denmark/Decisions,ed6fb43410de1535f71b79ef814da806,GDPR
denmark/Decisions,ac6ddaa2f2b5b622f5afff43642c1973,GDPR
denmark/Decisions,658fa5f0cbefde88ca2b4854ec064e55,GDPR
denmark/Decisions,b8b1a346854b5c8f157ad28ac62dac6e,GDPR
denmark/Decisions,ad214e4ff810f3bf7fce39b5051c90d8,GDPR
denmark/Decisions,57e0851a11e879b9840a6c4e2d09a711,GDPR
denmark/Decisions,67a998a7b013ed03576806e2c81369ea,GDPR
denmark/Decisions,366cf15322fedec1a753c5cb35f8b5bf,GDPR
denmark/Decisions,b2b5a3b690430009f309dfd790de876c,GDPR
denmark/Decisions,0404e9d0cd976ab3a0469c5aa296ae4c,GDPR
denmark/Decisions,dd1f7a610bf71ce8319ca17decc9fc1c,GDPR
denmark/Decisions,3b9846226fcc3faf23b2bb13a0ba4c9a,needProcess
denmark/Decisions,ffb06bc41be74053ab4b115ef256460b,GDPR
denmark/Decisions,2325316e19e277ce201bdd7b26d64ba8,GDPR
denmark/Decisions,a9784238fc65bb6388d685decf037451,GDPR
denmark/Decisions,fcabe177fc0f5d2b5a9895ed6071270c,GDPR
denmark/Decisions,f6f5d1c1aac10df8b34cb91a25498ebc-vestjysk-bank-as-,needProcess
denmark/Decisions,072d9cabf075d6a96458ed5c543b3323,GDPR
denmark/Decisions,dce67ba33458b8605124919fd5d5f81d,GDPR
denmark/Decisions,1b020860ae1ddc03839c3cee743ae4ef,GDPR
denmark/Decisions,54702129bde3ca8832589d8eec2e3376,GDPR
denmark/Decisions,92c6141ffe60eb0678084f97a206497a,GDPR
denmark/Decisions,35fccd65f025319187102ea74302f3e5,GDPR
denmark/Decisions,dba1a7d5856c4f385abb3d396c62b3ac-05-07-2019,GDPR
denmark/Decisions,f6f5d1c1aac10df8b34cb91a25498ebc-jyske-bank-as,needProcess
denmark/Decisions,5ed13e9e596be8d3f510cd4e7a438bad,needProcess
denmark/Decisions,849a6e017f848dcfcd9f91fdcf45f408,GDPR
denmark/Decisions,daee352e1f88752702845f599151577b,GDPR
denmark/Decisions,ed1bd0c0eab0cc654f1817e0b0212f5e,needProcess
denmark/Decisions,360fa71acce42891bb745b34bf54be08,GDPR
denmark/Decisions,7e208f5c377ce7c9584a4df61ae29ce5,GDPR
denmark/Decisions,e24c0e15f6f9ef4153621730d2e8f3c7,GDPR
denmark/Decisions,578b5091548de752af567ba153fecc25,GDPR
denmark/Decisions,9d283467856e1a9032f148f112ef4998,GDPR
denmark/Decisions,09a7442319c43bd77eaf41460fd6bae9,GDPR
denmark/Decisions,88957fe332fa344376f4ca230e7db4fe,GDPR
denmark/Decisions_2,347291d0379704543fa26222d7e9f078,GDPR
denmark/Decisions_2,f4fa54df93387f6b9e9b50090f6c4606,GDPR
denmark/Decisions_2,11fd2831920f61295e7f969f32a54cd5,non-GDPR
denmark/Decisions_2,11fd2831920f61295e7f969f32a54cd5,GDPR
denmark/Decisions_2,6dd1d91d43382fed0f97290c59679727,GDPR
denmark/Decisions_2,741d418b01dfa7a6fbeb4e12d10f0430,GDPR
denmark/Decisions_2,0f95feb30cdc686be9cca524572ebfb5,GDPR
denmark/Decisions_2,52010019697c896464626bd99a1af792,needProcess
denmark/Decisions_2,884cff31830a285039e09e1aa3b4d568,GDPR
denmark/Decisions_2,f645ae17e3e6cefd9fe4f6691cc39f12,GDPR
denmark/Decisions_2,1ba8e28cbbcb4701b9c7e8f6742dd5b4,needProcess
denmark/Decisions_2,c02e6de287705d18688e16a84efbb545,GDPR
denmark/Decisions_2,0cd86408452901f9bfdc523e96528be4,GDPR
denmark/Decisions_2,e2371d47cb64c6f97ce283405f75f379,needProcess
denmark/Decisions_2,1403e0b3ce1935d1a9e1046c7f1d53f2,needProcess
denmark/Decisions_2,9268b0c3916a650bdabea3c34b8673d8,GDPR
denmark/Decisions_2,06560122abdf4d7af1ba0a148dca643f,GDPR
denmark/Decisions_2,815b16d6688a9957109838efe9028f18,GDPR
denmark/Decisions_2,4e5d0ae6f13852f85ac48943281a1b89,GDPR
denmark/Decisions_2,d240c478648f7c3ebc5426b4e306c652,GDPR
denmark/Decisions_2,c541a4189850125c22b12c175777c779,GDPR
denmark/Decisions_2,d2728dc506fb15c010f68c700614b29a,GDPR
denmark/Decisions_2,0b4105ce8649097e2bac5c4e6e9e4900,GDPR
denmark/Decisions_2,5ae91eb4dca85e40ef4f4204d082fe20,GDPR
denmark/Decisions_2,d29e8f7898cfa939ec2619d364ef5656,needProcess
denmark/Decisions_2,ec7369c5cb96f2f06968820ab6a10e67,GDPR
denmark/Decisions_2,f72958194a44c063a1cab7731c08cda6,GDPR
denmark/Decisions_2,2840aac3a8ffe5913dab26221f55178f,needProcess
denmark/Decisions_2,02aa4a1136bad68192038af2e56cf4e3,needProcess
denmark/Decisions_2,d4877a22b23d5e9cbb2bf2aeb5d8146b,GDPR
denmark/Decisions_2,ac6ddaa2f2b5b622f5afff43642c1973,GDPR
denmark/Decisions_2,a1188aa7300f89b18a3f0fb3981b5cb5,GDPR
denmark/Decisions_2,b38d141143401f8e62eacc1fafe5aa12,needProcess
edpb/Decisions,d3993cb40401078d4e481f40c3762ff5,GDPR
edpb/Decisions,036b895d8441f88b3454d5798c74ec8d,needProcess
edpb/Decisions,c9abb66dbd68bb55119b94962cabb60c,GDPR
edpb/Decisions,fc937687d2a55bcccb41023727ad0f60,GDPR
edpb/Decisions,0ddfdfe030cf425c2a0caac7a9f4ef7a,GDPR
edpb/Decisions,58f9de48f1fa3960b15b918b8686e6bc,needProcess
edpb/Decisions,6b9acba873806950c0cfe4dff2b2eec0,GDPR
edpb/Decisions,d41a359c3e92b17051ab99f954e81bca,GDPR
edpb/Decisions,44f2d099d5c47304eba4d804aa2bb7d8,GDPR
edpb/Decisions,875d9868ee9270ef6d1fcd81b5af46bd,GDPR
edpb/Decisions,454d89ae4c2eaa0139ac3e36829cca17,GDPR
estonia/Prescriptions,abca9d1b7be002f2fad437c0566632c5,GDPR
estonia/Prescriptions,166f1698d0e78473fa35e77b10a961f5,GDPR
estonia/Prescriptions,3eea52b617715ba0a7b22483cae33b32,GDPR
estonia/Prescriptions,2e70a1e91ed2e38492d4574f89dae117,GDPR
estonia/Prescriptions,c420513fca262d21f2fc25ad539a4040,GDPR
estonia/Prescriptions,6aa5f783b3657ef703fcf338f9ae50c1,non-GDPR
estonia/Prescriptions,ac949c29df802017f349053fab370c42,non-GDPR
estonia/Prescriptions,e3cdd62dd0444c83c84965ad9507956b,non-GDPR
estonia/Prescriptions,a5e173cc0f645bc6632e7ce7216a76f3,non-GDPR
estonia/Prescriptions,44c23147b562e89759d2b147f428e68c,GDPR
estonia/Prescriptions,4f968557c420f6ec9af5145a5149bd48,non-GDPR
estonia/Prescriptions,6703eafd88ad1b56c98a5dea8b1213e7,non-GDPR
estonia/Prescriptions,602c0c5004017ca7b52c696a45651171,GDPR
estonia/Prescriptions,26b006d247bff40fe67b6f7f53f3e672,GDPR
estonia/Prescriptions,ee52aeaf52952775adf47a6d632c8ca2,non-GDPR
estonia/Prescriptions,081f771e95145e7710299b4458805479,GDPR
estonia/Prescriptions,ca1df29534dfe6741cdddd79fece8c98,non-GDPR
estonia/Prescriptions,02acfccb18094c26352515932736bbf1,non-GDPR
estonia/Prescriptions,a0af34bb14fa39b2a86a9962f32d6ff2,non-GDPR
estonia/Prescriptions,175a3991eb9f3b447949a7c144e50e66,GDPR
estonia/Prescriptions,536fc83480291d13e1589775c4a53322,GDPR
estonia/Prescriptions,0b71f9cee7af24f66e3f349524afae07,GDPR
estonia/Prescriptions,93c98ea6ccd9ba2dc6fa44a0a23b31fa,non-GDPR
estonia/Prescriptions,3f472a17407aabe8778a405f1f1e796d,non-GDPR
estonia/Prescriptions,18b4815cc3c5ceed5d440f70bc85335f,non-GDPR
estonia/Prescriptions,7e5517b7206a90ddc79f9198765ae00e,GDPR
estonia/Prescriptions,a100204595b697cdc2ef6a2ae886a31d,non-GDPR
estonia/Prescriptions,77c1213f4b19300947c6728e88a42d8c,non-GDPR
estonia/Prescriptions,80cb7e0aea50a4f06ee2da6441d3669f,GDPR
estonia/Prescriptions,107944c869dcf7b5d6ddfd3b8ee2ea95,non-GDPR
estonia/Prescriptions,c237c932657db9ce60ad252a0e73de8c,non-GDPR
estonia/Prescriptions,1b20bfbd542fc4e010ef365ef418ee8e,GDPR
estonia/Prescriptions,34e3f395404dd7fc4b81b49d9e95902c,non-GDPR
estonia/Prescriptions,fff9a480363e0283cf54be1e1eef3a72,GDPR
estonia/Prescriptions,e979b239103e0d878682828abe3b6b8a,GDPR
estonia/Prescriptions,4916a4d5a6d637216e7a9c09b5559931,GDPR
estonia/Prescriptions,0893ed9dd187f33dc76c1976b997d97e,GDPR
estonia/Prescriptions,48ac2d998167133badd883d1a1d0c9ff,GDPR
estonia/Prescriptions,2cbf7bda18e17feec84a8dc745adabaa,non-GDPR
estonia/Prescriptions,2257a17ddbf1da87dacfa0f10003a82a,non-GDPR
estonia/Prescriptions,3ced6e31a70e8c1c662c4962a8d2c5bb,non-GDPR
estonia/Prescriptions,866de171036235166efe3bde5ee6fb15,non-GDPR
estonia/Prescriptions,e245d8f2251ad9e20dbc3b9e3d20998c,non-GDPR
estonia/Prescriptions,58d0a10e7c684288ba90ec70f0fe8187,non-GDPR
estonia/Prescriptions,ca94cc7447e90df0868219168a08fb94,GDPR
estonia/Prescriptions,8dbac5fafffac59e60994e3fb9df2560,GDPR
estonia/Prescriptions,a9f0904e9dc8a0edd5fcd07b693ac794,GDPR
estonia/Prescriptions,d74c967c6504343db734f74ac6b572c5,GDPR
estonia/Prescriptions,e20105850d8925776427369a406edc04,non-GDPR
estonia/Prescriptions,5cc07a0503ea4c066f9d6584dfb6fb5e,non-GDPR
estonia/Prescriptions,aa4eea65a04e418de488230fac740ae7,non-GDPR
estonia/Prescriptions,c81e682d05a7cf8a9c04addc19ea1a3e,non-GDPR
estonia/Prescriptions,2f1ab49351241f2a3f8c258b2f99d2aa,non-GDPR
estonia/Prescriptions,f7138396a5585947b417466fe3de8ea7,GDPR
estonia/Prescriptions,98f022e1390ff81693f1331edb3296a6,GDPR
estonia/Prescriptions,435e87222c608faa8c201071568966c9,non-GDPR
estonia/Prescriptions,7807c7d419817d0c23eeba88645c07e2,GDPR
estonia/Prescriptions,d804a1be75a55d7c6f77ad2a3946229e,GDPR
estonia/Prescriptions,778b500b008b110f0231854e71fe37c1,GDPR
estonia/Prescriptions,7e38408833deebcea01c6afe4ee8216d,non-GDPR
estonia/Prescriptions,7b8059144ec8833ec5879e4a8e5ba379,non-GDPR
estonia/Prescriptions,48ea4c32ea6b920898ca2a3bbec16a63,GDPR
estonia/Prescriptions,1b99c8dddf45e2212d160c35e5121fed,GDPR
estonia/Prescriptions,b5a9a48078c1ccedd50c5556ab4e679b,GDPR
estonia/Prescriptions,232f0cd1e8ebb95ab007be95ca7f305a,GDPR
estonia/Prescriptions,9238d319fb4bf63089ed562312f28c08,non-GDPR
estonia/Prescriptions,3cca1d0005082a9fdd5776e18401200f,GDPR
estonia/Prescriptions,9472a249dd1343bbc7946fdac409c5f7,GDPR
estonia/Prescriptions,9561352537492aee6430a0a39c605dc5,non-GDPR
estonia/Prescriptions,90d894862a76e43f3c4bfe8a54a7045b,GDPR
estonia/Prescriptions,6709a51395c32dbba20c9b5ee24e9426,non-GDPR
estonia/Prescriptions,872d651ad75fbe2bfe3c4624a60ee489,non-GDPR
estonia/Prescriptions,9f749e52c604cb211721827de0db3819,non-GDPR
estonia/Prescriptions,6d41e2bd3334140b723cc8e435a0ada9,non-GDPR
estonia/Prescriptions,28c20185b9d53e9d5ac300d60f234d3f,GDPR
estonia/Prescriptions,a325496f74c863ada6ab4646eb3b66b4,non-GDPR
estonia/Prescriptions,8eafe32e48dad9428fa7b2cf90e24c24,GDPR
estonia/Prescriptions,1e90a856a3a1c2285d98b44caac3e6c1,GDPR
estonia/Prescriptions,c9a7b154384ce315ba7eabc42b20d625,GDPR
estonia/Prescriptions,d3f80388a6bc3d440132cb081da95e21,GDPR
estonia/Prescriptions,050f9cdd40b3122b6930d5aa97f0e7f3,GDPR
estonia/Prescriptions,8aaed2275b1b77faf93b96840db827dd,non-GDPR
estonia/Prescriptions,de4a0424639030376fec7ac825506fd9,GDPR
estonia/Prescriptions,105a22f6d15b9e3ea31a5705d0a404ba,GDPR
estonia/Prescriptions,eae7b59c295d5b4b4f3903dfc22f36d6,non-GDPR
estonia/Prescriptions,aa63c9dc2a8b6e45bf4bebf62cc370e7,GDPR
estonia/Prescriptions,d765f4aad936efcfc6a2da3122e79e2a,non-GDPR
estonia/Prescriptions,bbc0205e4e5aaf00f899d2d0ae41b726,GDPR
estonia/Prescriptions,46197b15eb02d92ecd520e8172a6f9ca,non-GDPR
estonia/Prescriptions,2f385df707baed92d658816991b6f6dc,GDPR
estonia/Prescriptions,a36f0b1794b6a1b196bce34ad14fabbf,GDPR
estonia/Prescriptions,09ff0b9649c7236c98b57ec735964fbd,non-GDPR
estonia/Prescriptions,fe7abb9f5ad4d6165b3afe1d39df5c27,GDPR
estonia/Prescriptions,e3dc24348cfccec74b4bd3da8b8b09c5,GDPR
estonia/Prescriptions,8ff04e69ea636dbededed01fc60a135c,GDPR
estonia/Prescriptions,4229d78bfd07cc64e35efb0321564a13,GDPR
estonia/Prescriptions,ca392fd7816634ce3a01c67e802cced0,non-GDPR
estonia/Prescriptions,a77599b8e3ca12e051fcbe31bdd110c2,GDPR
estonia/Prescriptions,9f742bb4692956ef15b880efe11607c3,non-GDPR
estonia/Prescriptions,08bc30881aadcb817864f7e2d3f32a52,GDPR
estonia/Prescriptions,0336560ffde0a888621fc24321d74416,non-GDPR
estonia/Prescriptions,2fa2ee4055b5a17aaed48528aada2d20,GDPR
estonia/Prescriptions,ced3c9b4fc2f969e9c899a2f2af283c9,GDPR
estonia/Prescriptions,98b670f4be1c38b8ceded40e19796dee,GDPR
estonia/Prescriptions,2ee8e887d2e9a3a52b8c8a8b7aaac634,non-GDPR
estonia/Prescriptions,255129ff6c02eb91734a6ee4b390757a,GDPR
estonia/Prescriptions,2a86a2cf3c4ac54385d53cafa70b7a89,GDPR
estonia/Prescriptions,4c3616ae90a1171f9ced236fb1e79246,non-GDPR
estonia/Prescriptions,29fa64c83d2f247520ef24ac195c39e9,GDPR
estonia/Prescriptions,494674a2fc98abf109a8446285f54a69,GDPR
estonia/Prescriptions,12900bacecb40434f551b008072e1eb2,GDPR
estonia/Prescriptions,8d15f74660064910e20f8038904d2446,non-GDPR
estonia/Prescriptions,52b6af4a6eec4c37d2adaa842dc6ca43,GDPR
estonia/Prescriptions,deb7597223f44f194b16c3b57352da8b,GDPR
estonia/Prescriptions,ea3a117accc01f5a953230ef872e2e3b,GDPR
estonia/Prescriptions,688bf211a2d1680f7e98def3a8b8e7f2,non-GDPR
estonia/Prescriptions,38c39758670c0e1f9e50c20b8f778d3e,non-GDPR
estonia/Prescriptions,a43d89071f48eea127396801f8b2bbb0,non-GDPR
estonia/Prescriptions,c922dd11d324ea2e5cd9e721c9a2de68,non-GDPR
estonia/Prescriptions,f45b5caf5997aa86473fd52a20470568,non-GDPR
estonia/Prescriptions,9fea5a593b0750458a584a6fa48e5c6e,non-GDPR
estonia/Prescriptions,6ac48eea9d327e6ffcb2ca60dbd3dc6d,GDPR
estonia/Prescriptions,f87f0d27ea7f390df01b97ef57eb96ba,non-GDPR
estonia/Prescriptions,f038d1f0c839ff40e34ff23ba63ce9d4,non-GDPR
estonia/Prescriptions,77eeeb95547e99b68305e3c7d562e6b0,non-GDPR
estonia/Prescriptions,7e308951ba1572c3844dda5c67700abb,non-GDPR
estonia/Prescriptions,3bd02055af6a19d3f8d991259608ef6b,GDPR
estonia/Prescriptions,ddd110310eeab413c67b3eaf8adaab2f,GDPR
estonia/Prescriptions,13ecfa5639e8a2f8d6ee4818b5865342,GDPR
estonia/Prescriptions,80eb0cec77b90a12bacbb46dba4031c3,GDPR
estonia/Prescriptions,0dd8a348d122da942dd1136a1fcd428f,GDPR
estonia/Prescriptions,06a4885fd05cdc83c7ca34630986e7e6,GDPR
estonia/Prescriptions,fe2be5209617c4dfcd0a491b014ef9d7,GDPR
estonia/Prescriptions,69a186a32de1aa734c17d46fa2dcf279,GDPR
estonia/Prescriptions,51c06bb3295180a967b7bf75866d4dab,non-GDPR
estonia/Prescriptions,ec6ee0acc8f25417eb21e2c95eddd125,GDPR
estonia/Prescriptions,5980a1f09c3f6c9395f9d24b000da6d4,GDPR
estonia/Prescriptions,cf835ced19c1f82f6c50efa4e9aed375,GDPR
estonia/Prescriptions,68af35b4a9430b0f10d79f71693948c7,GDPR
estonia/Prescriptions,4bf0cfe8c51a9a82575cf0cccffecbcf,non-GDPR
estonia/Prescriptions,9e4dd5da0c3e65aa5022e04cc8a33dde,GDPR
estonia/Prescriptions,2e3ba944f74a3f1b7c1e29d732c5ce55,GDPR
estonia/Prescriptions,14e475a7e83237a64f53547c407625eb,GDPR
estonia/Prescriptions,4ee4bb7e8a39d80effd1efe5d8fef428,GDPR
estonia/Prescriptions,02fce781dc29a6d5cdc4b75f7c347c5e,GDPR
estonia/Prescriptions,a8e4d08dc6f84003f4c3cbf47196ec33,GDPR
estonia/Prescriptions,84303c15b8a1bb7f01dddd9084dfcf86,GDPR
estonia/Prescriptions,b706a5b45f1e52a34086450b383c9184,GDPR
estonia/Prescriptions,ee2e5b211f95e6aa6e193c5e6d707b37,non-GDPR
estonia/Prescriptions,0b60f8f1e33058acb7e72daf372376d2,non-GDPR
estonia/Prescriptions,e2050e9886368715cb760bbca1e4b20a,GDPR
estonia/Prescriptions,12c585e0f9fdd6553919437d2a47057f,GDPR
estonia/Prescriptions,3026d0890d5366bd61844712fb5ccf41,GDPR
estonia/Prescriptions,ef702184d048934c95c11d3465eba27e,non-GDPR
estonia/Prescriptions,a61b161439f16b89287f6b10f3b5d63e,non-GDPR
estonia/Prescriptions,39d129278115c367afde2ddd319d38b2,GDPR
finland/2018 Finland Documents,4f5d56b4683e6583a37861a36b5d31a6,non-GDPR
finland/2018 Finland Documents,7e4d8e91076e8441019f4ebc29d6e16f,non-GDPR
finland/2018 Finland Documents,b9cdd4f93626fb3ea4f59306af39657c,non-GDPR
finland/2018 Finland Documents,bab3f14ead11f5f36aa2fd4df2c02c4e,non-GDPR
finland/2018 Finland Documents,ca812e7b5097b31ebc1b5d4796f80774,non-GDPR
finland/2018 Finland Documents,6cdf7d68e12e8bfa5ff5fd9d595c59f8,non-GDPR
finland/2018 Finland Documents,875866350a6f1f8762b3099df0f592ee,non-GDPR
finland/2019 Finland Documents,d59f6ec8e2a13ed18c83a4a8051ea05a,non-GDPR
finland/2019 Finland Documents,f464c4e94655f7bf86e8646a47a434a0,non-GDPR
finland/2019 Finland Documents,6fe5fb2b47f7cc813f7e9713afa12b49,non-GDPR
finland/2019 Finland Documents,26a51388ea04e338d3777086e1b88998,non-GDPR
finland/2019 Finland Documents,44b8ddae86bce515c66ff66887af9eb3,non-GDPR
finland/2019 Finland Documents,082db9116e52261e8aaf9f750dbab65b,non-GDPR
finland/2019 Finland Documents,9ed47ea4214d4f3378f3531b34ade80a,non-GDPR
finland/2019 Finland Documents,643d349302b9e181be3b817e762e59fc,non-GDPR
finland/2019 Finland Documents,1e39b0f578e4c63b587737e9b9d75a9b,non-GDPR
finland/2019 Finland Documents,a1d838973883fbae9fab511d5f513a54,non-GDPR
finland/2019 Finland Documents,ec68a90b5b1aa83ea4364f9b5be43586,non-GDPR
finland/2019 Finland Documents,b0098b415719e296c9129e19f86437ce,non-GDPR
finland/2019 Finland Documents,c12f5d73c221364f1d889c771b2ca150,non-GDPR
finland/2019 Finland Documents,30fd1640b11af6e74ba8d3b925f4051b,non-GDPR
finland/2019 Finland Documents,1bd190c86ced35ff2b9a83b592ed011e,non-GDPR
finland/2019 Finland Documents,9ebb442062bfd14c87f45a62374d82bc,non-GDPR
finland/2019 Finland Documents,0f819f012ca334212c4a57b98ff9e8eb,non-GDPR
finland/2019 Finland Documents,a270ede4dac4edd3bb6b59f9cda2d394,non-GDPR
finland/2019 Finland Documents,d2d1fd38e8003d68f066cf6eeb0183cc,GDPR
finland/2019 Finland Documents,661464ffcca8a886180f49cbc3a3d8a2,non-GDPR
finland/2020 Finland Documents,b29cbcfe234c2017175a13ec6aae75a2,GDPR
finland/2020 Finland Documents,264f932ecdbea7dd7ebbf9fe5bef867f,GDPR
finland/2020 Finland Documents,db51ea590feb9f2b6dd1ba3b776f25c6,non-GDPR
finland/2020 Finland Documents,b5268dbef61f22175d763111109fe72f,non-GDPR
finland/2020 Finland Documents,9daeabe904e9bd2f757cd30d1c4452d8,non-GDPR
finland/2020 Finland Documents,104adac666b3452cbb73b7a909220b83,GDPR
finland/2020 Finland Documents,746a7c4fe5ed6b0f829ef1d1b8ce382b,GDPR
finland/2020 Finland Documents,ba2267c76b41e39371d926c565c2e77e,non-GDPR
finland/2020 Finland Documents,e34afb150d53bbe065e94600cf5d89e4,GDPR
finland/2020 Finland Documents,92a6ed7bc09c72b00c0d56b53e49e364,non-GDPR
finland/2020 Finland Documents,d5345983bd1e227fbebb3c91782ff184,needProcess
finland/2020 Finland Documents,255634a85af1be42368db88bb1608d37,non-GDPR
finland/2020 Finland Documents,055d58e782a52fdcb15310966565a613,non-GDPR
finland/2020 Finland Documents,752679792ba697e5710b9e3614361563,non-GDPR
finland/2020 Finland Documents,212e372145906c1a27321451a7b90064,non-GDPR
finland/2020 Finland Documents,f9c051c136d83ac94f1e254d3abcee9f,non-GDPR
finland/2020 Finland Documents,5c660bb5be2a363432433e1323ece308,non-GDPR
finland/2020 Finland Documents,c34472715c711e42b4845205784ed4c4,non-GDPR
finland/2020 Finland Documents,4eee5b5720d2c13d95d8bb71cf03d021,non-GDPR
finland/2021 Finland Documents,d0bea278bfc1064dbaaec6d420bb0c01,non-GDPR
finland/2021 Finland Documents,7de585ac7bc1d4382ce86dfb80552fc7,GDPR
finland/2021 Finland Documents,2ed09ea989d0634edccc753ebfa7d4b5,non-GDPR
finland/2021 Finland Documents,a5c8fd885df52fbd39e1f054fd97ac3e,non-GDPR
finland/2021 Finland Documents,9ab0ce10f540014ebc049ac41fa7c857,non-GDPR
finland/2021 Finland Documents,7b551383990d4ca67e356db7e6de00fa,non-GDPR
finland/2021 Finland Documents,892210c9133bb609afc85f27a7b4091b,GDPR
finland/2021 Finland Documents,3a6dee576d146d26ba44c67a109b46eb,non-GDPR
finland/2021 Finland Documents,c5d9a8f90210dd3fb6e06886ec2b2817,GDPR
finland/2021 Finland Documents,1a15f1be03817aa453f6685f176ac371,non-GDPR
finland/2021 Finland Documents,062e74eecce4c5457fc8435c86ae2659,non-GDPR
finland/2021 Finland Documents,2b6729de2c7b5981a4934f1b6df21558,non-GDPR
finland/2021 Finland Documents,6a40da461ad5faeced5e6ebcb9b46ad8,GDPR
finland/2021 Finland Documents,1b376a944995232dd2948e87d97f3f23,non-GDPR
finland/2021 Finland Documents,33c783a20c74c30692d43664cf262fc5,non-GDPR
finland/2021 Finland Documents,45ab8648cbd80bc5dd1c5658bed2355e,non-GDPR
finland/2021 Finland Documents,87332915946a09c99138ed7d68d89d13,GDPR
finland/2022 Finland Documents,7f757629bb599f523f46bbf4b777fbeb,non-GDPR
finland/2022 Finland Documents,8f3e27384bdf25553aa51ef57be3c0cc,GDPR
finland/2022 Finland Documents,cec5ec3dcda7995ac2d15b6d3c4dfb77,GDPR
finland/2022 Finland Documents,12576dad5fc5ae80e7f998a38ba1abdc,non-GDPR
finland/2022 Finland Documents,bbc89bf2a951654d52f59350af23ee00,GDPR
finland/2022 Finland Documents,3ec8ab336b49a6ee6bd52ce97100bbd0,GDPR
finland/2022 Finland Documents,92cc05c6c1d33e3e273cd955bd029664,non-GDPR
finland/2022 Finland Documents,ddf571b78ed703c3ac9669be57376a30,GDPR
finland/2022 Finland Documents,7b54f367d9770b04809e3e7a2eb9516a,GDPR
finland/2022 Finland Documents,712ec6821f530adbe818f7d5827bd598,non-GDPR
finland/2022 Finland Documents,b81ed21ab984ac2ffdd51790ab4da17c,GDPR
finland/2022 Finland Documents,f3db700505ea7bab8a42f7fed732d132,non-GDPR
finland/2022 Finland Documents,e3cd5b9ab910079857c8fb531a1ee95a,GDPR
finland/2022 Finland Documents,7c621e2f95607383cb76280a30fefd93,GDPR
finland/2023 Finland Documents,849a43881fc86b2fc604a899885f3090,non-GDPR
finland/2023 Finland Documents,88a321fbe88b8dde245f4fc79abb465b,needProcess
finland/2023 Finland Documents,6e932ec8eb30713481da7a6e76864b38,needProcess
finland/2023 Finland Documents,fa906ac9b8156ca1c7f65766b4ddfb5c,GDPR
finland/2023 Finland Documents,5c098a6b1b2c2bd2adef041b51613622,needProcess
finland/2023 Finland Documents,733df19226874ffcc905b6808c097095,needProcess
finland/2023 Finland Documents,87e49b83bfa99e0bc41648beed58f0cf,needProcess
finland/2023 Finland Documents,7e22685bfcb40f7af65683cc5e3fba28,GDPR
finland/2023 Finland Documents,8ef1940fc891dfe24db3d62b48cc38bb,needProcess
finland/2023 Finland Documents,2aa5bbde9f783f3de7105de45e5542c7,needProcess
finland/2023 Finland Documents,d66041e67282abdee1cb8e4d39ff5849,non-GDPR
finland/2023 Finland Documents,ab2e4dc8902a47e2601a649f1a36e64d,GDPR
finland/2023 Finland Documents,af624c51742d34023aed8b3b887ecbd6,needProcess
finland/2023 Finland Documents,8b8117c33d74edd2def53dfe3e13a6e1,needProcess
finland/2023 Finland Documents,c495b4733f6b7344913d7de40fbccb69,GDPR
finland/2023 Finland Documents,4edbabbd497e6f277798224e034f7c84,non-GDPR
finland/2023 Finland Documents,27b911eaf5148ce9718f8c28e2a737c0,needProcess
finland/2023 Finland Documents,30cc9c1f1be048b8700d9ab4cd3389f6,needProcess
finland/2023 Finland Documents,cb42a5c9ac1c5a18b24b834e55624aec,non-GDPR
finland/2024 Finland Documents,95c0b5671c9d0784ca6b4c46a1f49d0e,needProcess
finland/2024 Finland Documents,c98d181b84e7a8cfb70342f0ee359e88,needProcess
finland/2024 Finland Documents,4256e802d58604015be01e78f9753c15,needProcess
finland/2024 Finland Documents,88825a94b42653c45c214a8d8ff97e62,needProcess
finland/2024 Finland Documents,c9b02eb041783f36f12ad092259278f2,needProcess
finland/2024 Finland Documents,1f8ef0fa1b4491480c146818a23e2484,needProcess
finland/2024 Finland Documents,5b2c16ad91fdcfc162251e44ca3a38d3,needProcess
finland/2024 Finland Documents,dcac1c7ea285816456ea5d23643be545,needProcess
finland/2024 Finland Documents,aa74b9b6c96ede742f3f48c5169c809f,needProcess
finland/2024 Finland Documents,0b707c686381850421f5b97a1d091e94,needProcess
finland/2024 Finland Documents,a579d4b0b5648d59c824f2d7898858ce,needProcess
finland/2024 Finland Documents,f5774b2e0f96bcabc7e21f3d55947eca,needProcess
finland/2025 Finland Documents,07d4c0f23509e18cc818f9454984eff4,needProcess
finland/2025 Finland Documents,a7614ad6b8df84a7bae0317e1a879696,needProcess
finland/2025 Finland Documents,806d893b37e150cba04b6ec24fd092f9,needProcess
finland/2025 Finland Documents,f0cd001e296ba0aac65b08ca24dc8a20,needProcess
finland/2025 Finland Documents,aa0cd6ce6b96d2132952e97c2e931b83,needProcess
finland/2025 Finland Documents,7441c45d499cda03ce44a2b06b6b6c99,needProcess
finland/2025 Finland Documents,09ed404eee8409f20f817d0d66675e69,needProcess
finland/2025 Finland Documents,4b27a9d0b2ebdeae45c2daf70db7b0aa,needProcess
france/Decisions & Deliberations,6434af491e5bed4300c120ea2e75d5f3,non-GDPR
france/Decisions & Deliberations,79a3621732719fe53339133c62326a7c,non-GDPR
france/Decisions & Deliberations,bfebf3f55362c2b5e2b33a87f1ebbe54,non-GDPR
france/Decisions & Deliberations,9df3979f01cef55bf01f1d400b9a46b9,non-GDPR
france/Decisions & Deliberations,a0f605fce7d7180f2a1ebc3ec8032905,non-GDPR
france/Decisions & Deliberations,c3cd0cc4ad60bb203e34c2d1df4acddd,non-GDPR
france/Decisions & Deliberations,7b8c13d173a258957ca7a336290fbe18,non-GDPR
france/Decisions & Deliberations,97cbe3377029602dff1dd99d11d6d65d,non-GDPR
france/Decisions & Deliberations,d13c3d6321678da71b34c844bee2356a,non-GDPR
france/Decisions & Deliberations,840a8dda3898db815a0e0b469c2affa2,non-GDPR
france/Decisions & Deliberations,d4c26713af0b15bb9d2c2f4abfeaa4de,non-GDPR
france/Decisions & Deliberations,c1d8d05225492ad5b376f04230244c23,non-GDPR
france/Decisions & Deliberations,7df63191fb5e0d07d9981c7ba48b9720,non-GDPR
france/Decisions & Deliberations,512aa400990d7bf898a776231aa45c0d,non-GDPR
france/Decisions & Deliberations,15dd08f2fe0d63959681e9e4186afac5,non-GDPR
france/Decisions & Deliberations,33b3c79b9df4d6c6e7b557cde6e8cd9f,needProcess
france/Decisions & Deliberations,bfa39ed0a644f1bbec8f6f63bdf67b58,non-GDPR
france/Decisions & Deliberations,55426448ec80c2b039d0736fb47fe001,non-GDPR
france/Decisions & Deliberations,67f5e63ddc1fd94c812d7cb0cd8088b4,needProcess
france/Decisions & Deliberations,c627f3fd9a246ca9bf5cb1393f9c9697,GDPR
france/Decisions & Deliberations,39d97bda444172ce1f9537cde89496ec,non-GDPR
france/Decisions & Deliberations,268094f29d261751445f516f13d7c7e0,non-GDPR
france/Decisions & Deliberations,71f8a9ab4322f4c2373337fbd4208104,non-GDPR
france/Decisions & Deliberations,e09bf4949c3cd55c1186a14c7bf11c8e,needProcess
france/Decisions & Deliberations,a03c132e6578a019f919a0ead6757efd,non-GDPR
france/Decisions & Deliberations,8a6e61c5836544ad89b508e731cf3634,needProcess
france/Decisions & Deliberations,a79e5b84743becf072a9c8fda09671c0,non-GDPR
france/Decisions & Deliberations,6f06f38ba5ee756c95645dc3b0351af1,non-GDPR
france/Decisions & Deliberations,ce6f8c93a3ecc5b0c6d3bad1d70c304d-2022_12_29,non-GDPR
france/Decisions & Deliberations,c3215c0d47f3c5074d15dba4c5fe3a66,non-GDPR
france/Decisions & Deliberations,48dcbd7f35151b45bc278d66b9737b85,non-GDPR
france/Decisions & Deliberations,60b122a10b18df58eeec918a7b92d4a2,non-GDPR
france/Decisions & Deliberations,c58616b38250e904687bee7c24165c12,GDPR
france/Decisions & Deliberations,e35d0bca9223fcdaff95c9893997a7b8,non-GDPR
france/Decisions & Deliberations,eab8e046a4ec3822975c9223f86c4130,non-GDPR
france/Decisions & Deliberations,d0459688f28087354f6755d30e19af8e,non-GDPR
france/Decisions & Deliberations,a6e54fc53ee2b07ba156b8469eca1baf,needProcess
france/Decisions & Deliberations,97185965a517a8b7b3a6e779ee0214fa,non-GDPR
france/Decisions & Deliberations,86030d7c81da05fdea80d6bce31826fa,needProcess
france/Decisions & Deliberations,fdc73901b6708fc3bc134fa216cb8eab,needProcess
france/Decisions & Deliberations,249d55a1bc22508e12b5526f4e9d5a25,needProcess
france/Decisions & Deliberations,7fa903f1f850a45209ca89a00329e13a,non-GDPR
france/Decisions & Deliberations,5fc450e9bafeaebf7f7c78331d5dfe68,non-GDPR
france/Decisions & Deliberations,02d5ab041bd11cc81d607390d0892c22,non-GDPR
france/Decisions & Deliberations,328e885a13df95b26c3feef9ecb0332c,non-GDPR
france/Decisions & Deliberations,892e908a889b2921b1c8c47e2c73fd6d,non-GDPR
france/Decisions & Deliberations,cc53551b984c3842772f5cf8e12adaa5,non-GDPR
france/Decisions & Deliberations,fd44a4a55d5778c7caf7b77ccb8d9617,needProcess
france/Decisions & Deliberations,7bf9101296ecc62c8f741cb67e3032c3,non-GDPR
france/Decisions & Deliberations,a28cb0f038ad5087106112eb4de98f0d,non-GDPR
france/Decisions & Deliberations,e88ea64ceb4240de4ec357179a4a539c,non-GDPR
france/Decisions & Deliberations,46f451b6a6d6a3608000d08f42fbe3a1,needProcess
france/Decisions & Deliberations,5a9f0fae6ac5d22fbb8d6622a24bfced,non-GDPR
france/Decisions & Deliberations,3e8e1d18b39f1d486d44a2fbd9bc4bca,non-GDPR
france/Decisions & Deliberations,707111fedcecc159614804da33637ec3,non-GDPR
france/Decisions & Deliberations,bbae62ce160262a013078ac90791def0,non-GDPR
france/Decisions & Deliberations,e83691e60a4814e75a3aed9b94a5f879,non-GDPR
france/Decisions & Deliberations,660910729663cb84e2e9024995301908,non-GDPR
france/Decisions & Deliberations,bc71394aad98e4f83e73dbb81474ddee,non-GDPR
france/Decisions & Deliberations,b67bed63616b4fdf80aee8ee2b36d1fe,non-GDPR
france/Decisions & Deliberations,fb5f7ffc380bdb10f29ac46555e5b18a,non-GDPR
france/Decisions & Deliberations,b319d74cecbcca31f6ef93fd8dcc76e6,non-GDPR
france/Decisions & Deliberations,31434ca8a4bbac0954632df8543775e1,non-GDPR
france/Decisions & Deliberations,484208cd4d9626aa3a65b798d907a770,non-GDPR
france/Decisions & Deliberations,57dd9b32469c297e1262ee583e6f28f7,needProcess
france/Decisions & Deliberations,443a2a0b9c5b428f028942e0a26b0b5c,non-GDPR
france/Decisions & Deliberations,f91dd26468e45bd66d50166a9ac9b9f4,non-GDPR
france/Decisions & Deliberations,0d6df1063ad444e48b1338ce62497c3c,needProcess
france/Decisions & Deliberations,93d3d550438ce6b1fa6921dfef05371d,non-GDPR
france/Decisions & Deliberations,e328f4ea1ca3596bc89998ec9ca7bf0a,non-GDPR
france/Decisions & Deliberations,ef4b3d359196e42875ab95f3cead1a69,non-GDPR
france/Decisions & Deliberations,72df7e1e3e5aa4544d0ee570b1b9887d,non-GDPR
france/Decisions & Deliberations,b1d9f0091dc217efe29f7cc61298bd1e,needProcess
france/Decisions & Deliberations,e180b773af33e8afd35eccf6a8f964e3,non-GDPR
france/Decisions & Deliberations,ba1592a825f8fd37df836795ee4e323c,non-GDPR
france/Decisions & Deliberations,343440664a58db9e191f870e027a5188,non-GDPR
france/Decisions & Deliberations,502668f371e59bbbf67f51cdf855c27b,non-GDPR
france/Decisions & Deliberations,d5caca58eba7766d01e0a772dbb0fb63,non-GDPR
france/Decisions & Deliberations,9f715e2ab3e96b3fb0f934a1cb143bf3,non-GDPR
france/Decisions & Deliberations,14881b8d715cf4ae6705c193ea296b3b,non-GDPR
france/Decisions & Deliberations,888bb9306ad4859540bd5427c295483b,GDPR
france/Decisions & Deliberations,974b3c6c788ed8b1d5b624799f89bce8,non-GDPR
france/Decisions & Deliberations,cb8bf782460a9a005fbe5659f6d142f3,non-GDPR
france/Decisions & Deliberations,7ac0df93643480717923acf0e8c28872,needProcess
france/Decisions & Deliberations,cbb05a08461099b1f502717e2794c797,non-GDPR
france/Decisions & Deliberations,f7545531b4cac04117b0b5e9d279713e,needProcess
france/Decisions & Deliberations,bd62a6dfcfe9e02414f6e5ec4c27a889,needProcess
france/Decisions & Deliberations,cab3771be777d54d7c8410204781525c,non-GDPR
france/Decisions & Deliberations,913f930db548299503b7dbc2e9fc21e9,needProcess
france/Decisions & Deliberations,c513a83f85728c8c93eafd20ae7497aa,non-GDPR
france/Decisions & Deliberations,f501c3fa26364dbdc0d861945bfb8540,needProcess
france/Decisions & Deliberations,8e00ddb17ffba492099e684b3be24e11,non-GDPR
france/Decisions & Deliberations,c950d820cc63ad4b64b5d6ff2f56f5bc,non-GDPR
france/Decisions & Deliberations,f0e1347d164c4d5f1feaf354c8647d4e,non-GDPR
france/Decisions & Deliberations,78fad96f76589f996b0018423ffca75d,non-GDPR
france/Decisions & Deliberations,f39a4810fd126864ea8aa8d1cbd6e0b6,GDPR
france/Decisions & Deliberations,c26fbffac5ed1878ee5a793700a36dd3,non-GDPR
france/Decisions & Deliberations,454366aac7c48b7d2de75d9d0bcb378c,non-GDPR
france/Decisions & Deliberations,d7613a2f023c3d6a7b909168408f86f2,GDPR
france/Decisions & Deliberations,f46e0b2a0762f0ed90a4781b233530c4,non-GDPR
france/Decisions & Deliberations,1ef12d97d4e018a38e51ecd45baf1acf,needProcess
france/Decisions & Deliberations,8c474a62058a3f7abdc6a80c247cd26d,non-GDPR
france/Decisions & Deliberations,89a166aef69039383864267cdade33c8,non-GDPR
france/Decisions & Deliberations,27d72c5cb21394973429dd38f9cce183,non-GDPR
france/Decisions & Deliberations,4cfc82ad2dd08d42c857c54c92afa19a,non-GDPR
france/Decisions & Deliberations,ccde17c30e59a2cba75dcb029c5bae90,needProcess
france/Decisions & Deliberations,6a649fdb8a970a44f44cfa155357f6df,non-GDPR
france/Decisions & Deliberations,926fd593dc979e489099258f69d30440,needProcess
france/Decisions & Deliberations,e5ebfab48362a6e1d046719c2fae6212,non-GDPR
france/Decisions & Deliberations,797a50faf59d55b90c4264bab14e4bdb,non-GDPR
france/Decisions & Deliberations,1741d83fb29d5d093097c789b3f530ee,needProcess
france/Decisions & Deliberations,5e31b0c3c4e8024c678fd7bc32f39f89,needProcess
france/Decisions & Deliberations,b67812fde8cad272e9e8f7b71ea3889b,non-GDPR
france/Decisions & Deliberations,96d588aad093048565026b1ed5aabea0,non-GDPR
france/Decisions & Deliberations,76a4cfd6c4b39560be9ad38de709f067,non-GDPR
france/Decisions & Deliberations,5a524fd58574fc5df0d7db73be0b84f5,non-GDPR
france/Decisions & Deliberations,da0a4047ea21d7d4475aa85334df3028,non-GDPR
france/Decisions & Deliberations,d8daa4e22039c337f49063ef96c75920,non-GDPR
france/Decisions & Deliberations,825d840130d5261c4c1ecb8f9d8f5260,non-GDPR
france/Decisions & Deliberations,a79b47945a3276171714a0a0b63ad0f3,non-GDPR
france/Decisions & Deliberations,6c36837462ef9cbca2843c12fd827257,non-GDPR
france/Decisions & Deliberations,5f33e85863f320b842a3da7f8e401946,non-GDPR
france/Decisions & Deliberations,93a76c952b2fb13b1f24c8a9a2a39d5b,non-GDPR
france/Decisions & Deliberations,c525186b67300274ad6d010d8be21fc5,non-GDPR
france/Decisions & Deliberations,26f2ba844cacb6dc04fc99753be6e14a,non-GDPR
france/Decisions & Deliberations,c43848dbe7e74869684586deaf2fc053,non-GDPR
france/Decisions & Deliberations,27be51684b76fdec03f9fe731e4c0d48,non-GDPR
france/Decisions & Deliberations,9130683b7beb3ae2e9dd53f654e2d988,non-GDPR
france/Decisions & Deliberations,5e82ab7ad6a13cf95681a2640870706d,non-GDPR
france/Decisions & Deliberations,2c2a3299ad53fed74995936b85491ee2,non-GDPR
france/Decisions & Deliberations,c6f2172a61171cf967623945b74c27a4,needProcess
france/Decisions & Deliberations,8e69ac6550c4edd7610c7593a2bcaad8,non-GDPR
france/Decisions & Deliberations,973c82a47f991aaefa2a20ca460aaa98,non-GDPR
france/Decisions & Deliberations,718e9be8ed3166b55a023b4ec781aa7a,non-GDPR
france/Decisions & Deliberations,043ff62e92b85de2f2abe2a86ef4c150,non-GDPR
france/Decisions & Deliberations,c36f1a22db81071a2d5a953e5039311f,non-GDPR
france/Decisions & Deliberations,81a4b346c449a73aab28d5881a142d5f,non-GDPR
france/Decisions & Deliberations,00fc38aff0cff16c87d3068240c57e7a,needProcess
france/Decisions & Deliberations,e42dd49441193bd904c55ab37a71a2e1,needProcess
france/Decisions & Deliberations,329a9100a36847619ccc8d20a3cd65f0,needProcess
france/Decisions & Deliberations,7ca295891cdebbceed04c6c56fb09d4c,non-GDPR
france/Decisions & Deliberations,d10e6cb98400deef3ae2aea451bc7166,GDPR
france/Decisions & Deliberations,2f25f4d2c204fcb30e43f792f47a2abc,non-GDPR
france/Decisions & Deliberations,7e390ed8ce3f17e8ffb8444d69b4dc5d,non-GDPR
france/Decisions & Deliberations,704fad8ebdc0845f9602e0d304dfb089,needProcess
france/Decisions & Deliberations,d7d0b8a221b124b427472b38837b97d8,GDPR
france/Decisions & Deliberations,42dd82b22aca88abe4ebc3c021f6a888,non-GDPR
france/Decisions & Deliberations,97ee8204470fb2316c7d4cb2a24fb1b4,needProcess
france/Decisions & Deliberations,5f3980567a35cf0583c24608a5c082f8,GDPR
france/Decisions & Deliberations,5d50340fee86052409b4e498101593cc,GDPR
france/Decisions & Deliberations,b55c95fc27da517e895fa8cc1a3308c9,non-GDPR
france/Decisions & Deliberations,ee27a1a12521a70eaa14fc72e7b9eced,non-GDPR
france/Decisions & Deliberations,31c0d70d2495dbfd0b33a42256875dbe,needProcess
france/Decisions & Deliberations,7856574beaf5c20117f48b16bb89e732,non-GDPR
france/Decisions & Deliberations,954c1df6692ce939986a549ea387fae2,non-GDPR
france/Decisions & Deliberations,c25a5a5bd235491e91e4f550f7e8cd5c,GDPR
france/Decisions & Deliberations,01a9d1a0761250a5677bd243caa723ca,non-GDPR
france/Decisions & Deliberations,5695f5393a3980d0fc6772e5381bb2f7,GDPR
france/Decisions & Deliberations,cf9ddfb2cb6373c92b664d204059f71c,non-GDPR
france/Decisions & Deliberations,d91e1073ca00f400980cb6d11c2f0708,non-GDPR
france/Decisions & Deliberations,bc8b9edd755fc7682f3f34a83efc37d8,non-GDPR
france/Decisions & Deliberations,d44cefb9730f7288025409691f88e515,non-GDPR
france/Decisions & Deliberations,1832b19ed17e6e1506e479ea59d64f81,non-GDPR
france/Decisions & Deliberations,8e3d182f9c217980df647c44cfdc4f1f,non-GDPR
france/Decisions & Deliberations,5a3cc86e5d71ec076797f426bb6d9c03,non-GDPR
france/Decisions & Deliberations,28d002ef205e96e8475c8138ff8d2f30,needProcess
france/Decisions & Deliberations,96ee30d144c79055a00d90c89a9a1ba6,non-GDPR
france/Decisions & Deliberations,c3e5ed0855c75867e4f2689de5aac91c,non-GDPR
france/Decisions & Deliberations,b8bacb145c0fd7700aa750efaa151512,non-GDPR
france/Decisions & Deliberations,d2294ee631549cb790e0f7d8eb41986a,non-GDPR
france/Decisions & Deliberations,721ddb96ed15e1b6295a8d7f8bcca511,non-GDPR
france/Decisions & Deliberations,a1c2cbc60a16e2d4871f83f06f0a8e8c,needProcess
france/Decisions & Deliberations,f8bb07e5106c3e9b4bdc960db8bc46e0,non-GDPR
france/Decisions & Deliberations,5aa7fbd00053f6b8d93fe9767543d6e2,GDPR
france/Decisions & Deliberations,3b64c327a091793029b7e65516af8abc,needProcess
france/Decisions & Deliberations,04a23d4b5601e76c9d6810a358efc523,non-GDPR
france/Decisions & Deliberations,d70ce4448a4eaa10823917c2a97a99bc,non-GDPR
france/Decisions & Deliberations,568aadfec4a1a2e6a8271c3ae8965f01,GDPR
france/Decisions & Deliberations,8e0dbdc3972cd758a3f929737e062f3f,non-GDPR
france/Decisions & Deliberations,2031db8d10a71d9d7f31701a0ebd0b9b,needProcess
france/Decisions & Deliberations,d1ad64a2b9f9ed71efaec2eb61b44433,needProcess
france/Decisions & Deliberations,bdbb9d2f1dec45d64a16675626427bad,non-GDPR
france/Decisions & Deliberations,0527ac29f88989d3822488edb58bc608,non-GDPR
france/Decisions & Deliberations,7d3a28ab2c429c3e38096860d75c69d0,non-GDPR
france/Decisions & Deliberations,06bfb4fe1d95d68db5b0e95841364131,non-GDPR
france/Decisions & Deliberations,4ffe223ea7a59016c01b545c202c1407,non-GDPR
france/Decisions & Deliberations,9613218c623f21a3a759de2fa2662bda,GDPR
france/Decisions & Deliberations,96eb16bd9dc1bf1537c52209b996c0f9,needProcess
france/Decisions & Deliberations,a75bf4ad5ad1a4def32e62b6f5a14166,non-GDPR
france/Decisions & Deliberations,f441de964930b2bffc2f5a6af30c8d81,non-GDPR
france/Decisions & Deliberations,126ba60a41f0d6cbd5e2060c3afb1a6c,non-GDPR
france/Decisions & Deliberations,f6dbe32fc2b2a0ba3cf4f332030b190b,non-GDPR
france/Decisions & Deliberations,600e0b8640d8ef655a7f985ecae74874,non-GDPR
france/Decisions & Deliberations,7bd2d8a33a020661dc1dc6279ec45323,non-GDPR
france/Decisions & Deliberations,59318af667161ec8500ca53e3aeca4c3,non-GDPR
france/Decisions & Deliberations,557618f7f00a34df3d9f59f4a15ebe6b,non-GDPR
france/Decisions & Deliberations,40d5a6754063b93ba17dbd0fb3f65207,non-GDPR
france/Decisions & Deliberations,7980995d39f429451278bcbe4d288051,non-GDPR
france/Decisions & Deliberations,b0dfc7b9d0bb8f84d112eeb6be635c6f,non-GDPR
france/Decisions & Deliberations,6ad6382eb0bbdb2d08bf506dd770ea55,non-GDPR
france/Decisions & Deliberations,b564e27d10191b2e7319d43f57cd14aa,needProcess
france/Decisions & Deliberations,2150ed171f01c84b005b480f60f521cf,non-GDPR
france/Decisions & Deliberations,dec550f86ff05a002f552f1c08deff79,non-GDPR
france/Decisions & Deliberations,4abd26e937dcbe380ac4d6fb2a738ae2,non-GDPR
france/Decisions & Deliberations,f60e581772270a414c4a4c3db0c344db,non-GDPR
france/Decisions & Deliberations,8468512ef913f6726337fbac69efc01c,needProcess
france/Decisions & Deliberations,95db4e7afa1202c0383b016911461c0a,non-GDPR
france/Decisions & Deliberations,c3a1c8eda7b0f9e7d6687a57ec905333,non-GDPR
france/Decisions & Deliberations,75644c6888badd1788b5cb761c0f121c,non-GDPR
france/Decisions & Deliberations,7e2511ceeb33bba9b9ca4387870dd67a,non-GDPR
france/Decisions & Deliberations,da2c2ed159323eaa836523339f6a8422,non-GDPR
france/Decisions & Deliberations,3c53253968884946a5e4606a133bb73d,non-GDPR
france/Decisions & Deliberations,ec46311639641273e73ba459ee1af1ce,non-GDPR
france/Decisions & Deliberations,0131cb7129bd0e36ced1e695ee372cc1,non-GDPR
france/Decisions & Deliberations,778bdcee61435a3a894dc1961779d74a,non-GDPR
france/Decisions & Deliberations,c921cbc0753090718433d42403f2f2b7,needProcess
france/Decisions & Deliberations,fa3171e5a74b4c926d30d4607b3d1cf5,non-GDPR
france/Decisions & Deliberations,8a3d498754328275f28876bf572108b6,needProcess
france/Decisions & Deliberations,f845c0a2888039806801a81dd6096939,non-GDPR
france/Decisions & Deliberations,d43dc84774230420af1ab656ec816217,non-GDPR
france/Decisions & Deliberations,e53aa5aeab7606a8b9d994fb6e6e504c,GDPR
france/Decisions & Deliberations,3699cd95f4ccba5aef33418697d341c1,non-GDPR
france/Decisions & Deliberations,6a75be72bccf921871d1360724b83fc6,non-GDPR
france/Decisions & Deliberations,7fa3f85d7b0e0938767cff473ded7e86,non-GDPR
france/Decisions & Deliberations,d74fcd90fd2d2a441dfc67a2948e79aa,needProcess
france/Decisions & Deliberations,d10b4f9774b85948e8e2a07214473bfc,needProcess
france/Decisions & Deliberations,3e994d441f48dc45ff6fc67a40dae1db,non-GDPR
france/Decisions & Deliberations,38d5c90d44721e53705edd83da8a057e,non-GDPR
france/Decisions & Deliberations,ad8cafc60f8fe7a8555d1e532a9996dc,non-GDPR
france/Decisions & Deliberations,bd8d6aba02a4ee66f61cde73ef3aaef0,needProcess
france/Decisions & Deliberations,e6653572d95a5f186f8d8557dd28034e,non-GDPR
france/Decisions & Deliberations,01135c9a17e77fe9946dd69d62544463,non-GDPR
france/Decisions & Deliberations,5f30d6dc319e388737a708d63724646d,non-GDPR
france/Decisions & Deliberations,cb0262f080c23eeeaea327663121b95d,needProcess
france/Decisions & Deliberations,680e9b7dfec7367aa2d7b984c227d8b7,non-GDPR
france/Decisions & Deliberations,64393adf0443058cf1faf49fb92d4c6a,needProcess
france/Decisions & Deliberations,653e028dab36e65128237c410454497e,non-GDPR
france/Decisions & Deliberations,037c72c0ef7a719dc7a4cc71486264c3,non-GDPR
france/Decisions & Deliberations,959c4a47731132fafbf368ca4772250a,non-GDPR
france/Decisions & Deliberations,fb3333cc1686a5f0bf9c93a41a795bba,non-GDPR
france/Decisions & Deliberations,9a15becfa779d1fcf2ea348773336a21,non-GDPR
france/Decisions & Deliberations,b10b463bb473d137e0c75d768fbdbc17,non-GDPR
france/Decisions & Deliberations,284eb7f273a942d35ae8ca3306217935,non-GDPR
france/Decisions & Deliberations,825bb6f67bcd0742064450a7e5ea9f0b,non-GDPR
france/Decisions & Deliberations,b29dee7061014ca5a5575cbc013d8bf0,GDPR
france/Decisions & Deliberations,b15eb45da91a33f3bb7f27e9d0dd62a6,non-GDPR
france/Decisions & Deliberations,cc9f818ce9229d334dfae1d6ab49bb0a,non-GDPR
france/Decisions & Deliberations,c183610e821787fa3da3cf5a00c85d91,non-GDPR
france/Decisions & Deliberations,ba402e2802744c8dcd7e93fc485ab364,non-GDPR
france/Decisions & Deliberations,619ee19be9ada17135c5001135dc0f7b,non-GDPR
france/Decisions & Deliberations,cba060a8e582dfa0e091414d1a378bca,needProcess
france/Decisions & Deliberations,dc331114bbcd9d79f1da8e1c3b98bd75,non-GDPR
france/Decisions & Deliberations,e683ad6d4b483dd6a8ca027de847a4fd,non-GDPR
france/Decisions & Deliberations,bb27f017d3701af75f25bd245875b8f8,non-GDPR
france/Decisions & Deliberations,69ef63a1d53428c94e0ba2fd1c0bb406,non-GDPR
france/Decisions & Deliberations,0db3d5989cb210a45ba29cb0c296c2f8,non-GDPR
france/Decisions & Deliberations,736544e6ee66f799614235183b180ddc,needProcess
france/Decisions & Deliberations,4d120598658f7001627d9aa0ad249364,non-GDPR
france/Decisions & Deliberations,c1e127507e4e2c320d6594bf090e3937,non-GDPR
france/Decisions & Deliberations,7c80d853bcfd7aafd2dc210c666f28f1,non-GDPR
france/Decisions & Deliberations,acc2a5fe53c4948b4523a563ec0497cb,non-GDPR
france/Decisions & Deliberations,4b98ee13ba1514229e7b315eb9115a8e,non-GDPR
france/Decisions & Deliberations,f077e9f9838586eff532cb3834755de5,non-GDPR
france/Decisions & Deliberations,0c2cb08030fd654648968124ec679f7e,needProcess
france/Decisions & Deliberations,f26684d0c1d7f25c775b2c95952d5ecd,non-GDPR
france/Decisions & Deliberations,9188a619bc5ae19e18b9bbd5fe9465a6,non-GDPR
france/Decisions & Deliberations,a91d6a6124b164335a53819e75b3b4d1,needProcess
france/Decisions & Deliberations,7380b89f57938cc1909ceac9e40de46f,non-GDPR
france/Decisions & Deliberations,ad896e181357fbf273953a986ec6c393,needProcess
france/Decisions & Deliberations,f0b77333221928eb8b1ec0655a889719,non-GDPR
france/Decisions & Deliberations,05299c0a55a8ae32b74e6b0d78dc3d64,non-GDPR
france/Decisions & Deliberations,da12108c888d2f23b47d92f2228b9281,non-GDPR
france/Decisions & Deliberations,ca3b24c1ea53a96d0939223d83ddb278,GDPR
france/Decisions & Deliberations,b654413bd7017bcddabfb2efabb0350f,non-GDPR
france/Decisions & Deliberations,de110c35eed1d52f5dd55d1492e47208,non-GDPR
france/Decisions & Deliberations,70a06fee27e256cf55fdde0af1c0f811,needProcess
france/Decisions & Deliberations,a5f96a0a22c46953f826aa9c8dd710ed,non-GDPR
france/Decisions & Deliberations,fc2c17793a15fd33552a901f5dd19dbb,non-GDPR
france/Decisions & Deliberations,ffa5ef81c17a5415ce8b6401845990a6,non-GDPR
france/Decisions & Deliberations,729c7fb87c22b048d1c3d33a04bedd52,needProcess
france/Decisions & Deliberations,939d3d686c08cfdca507fd915f61c0cf,non-GDPR
france/Decisions & Deliberations,f0d53f21bbad3439ad931482e7f3e4b0,GDPR
france/Decisions & Deliberations,6c06b24ff97e400ab50944ccc9ef93e2,non-GDPR
france/Decisions & Deliberations,d79ad1089c887d5088e701ea2737d265,non-GDPR
france/Decisions & Deliberations,3155a1e354e13db369f1d842b0437add,GDPR
france/Decisions & Deliberations,fa7cb661d07b8ba8d60c968f456cb426,non-GDPR
france/Decisions & Deliberations,181d4e9381f13ccf2384bf96e831828a,non-GDPR
france/Decisions & Deliberations,5d48562f1035a1cf6cb54c11985c9290,non-GDPR
france/Decisions & Deliberations,9b11314aba41193172e6e28c4f70e356,non-GDPR
france/Decisions & Deliberations,c3af02a635c6c6d5a195ec25846ae300,non-GDPR
france/Decisions & Deliberations,4817b2b690999ebb57cd34b33ce54e14,non-GDPR
france/Decisions & Deliberations,0ca0f169302ffc06a1e7230d7e1dd521,non-GDPR
france/Decisions & Deliberations,ce35fb0908fdece6a8f16b43cf8d9830,non-GDPR
france/Decisions & Deliberations,55d7bf7aa95d535f1af26fe9c98d52d2,non-GDPR
france/Decisions & Deliberations,5298b6d41a4e75d37f8a2300389b42f1,non-GDPR
france/Decisions & Deliberations,f109b8f271865e3c59d3e9f9be9007ea,non-GDPR
france/Decisions & Deliberations,adbb3bc79c0e65fb9a567d73ddcba4c4,non-GDPR
france/Decisions & Deliberations,235d8e88a5516666fb653f199b1e3d7d,non-GDPR
france/Decisions & Deliberations,4d21f072137a5760517732d1e36300b8,non-GDPR
france/Decisions & Deliberations,f27e1ce604e00a1ff273a0aa5e4d2ee5,non-GDPR
france/Decisions & Deliberations,972d2e95444d29689a114606d84d1c5c,needProcess
france/Decisions & Deliberations,27f56e1f9e43918f58edc31fa68abf00,non-GDPR
france/Decisions & Deliberations,26f3902c96634baaa5bb73b113d31d1d,non-GDPR
france/Decisions & Deliberations,753ba24e7bd6b58d175028bea4cad2f4,non-GDPR
france/Decisions & Deliberations,a263e3c0cba819d29a4ffd3748000cc7,non-GDPR
france/Decisions & Deliberations,e87fb443713f764f87663e28959ecf5c,GDPR
france/Decisions & Deliberations,0f7f33a217a65a4cb02c3d8cd17e81af,non-GDPR
france/Decisions & Deliberations,55924c3683944047614559c21ddc93b2,non-GDPR
france/Decisions & Deliberations,61e722ed8c785e31ba5d906bc33b1c54,non-GDPR
france/Decisions & Deliberations,a37aedf8c36e1868fe1276e965040226,non-GDPR
france/Decisions & Deliberations,6f60befbff4e0bacf453b89a84ae8f48,non-GDPR
france/Decisions & Deliberations,4865288d0f00a4c7c2d999928f9b5109,GDPR
france/Decisions & Deliberations,47fd68f18eb55304680b754ac795e0d2,non-GDPR
france/Decisions & Deliberations,ac80a463b5f9a612ae005a8229f33ed2,non-GDPR
france/Decisions & Deliberations,6e93c7ad205f474ffb08f5f58c7b4620,non-GDPR
france/Decisions & Deliberations,a7f36bcaa4f2364aaa7403a89153d58d,non-GDPR
france/Decisions & Deliberations,ce6995cc4360e64a0d70eb3ba0b0e669,non-GDPR
france/Decisions & Deliberations,44ac4fc30eef71065da6e66cab85ac5a,needProcess
france/Decisions & Deliberations,7413de2bb84f1a2504aaea94d3bfbd8a,non-GDPR
france/Decisions & Deliberations,d500efaeb33ad38fc82808f6ae4b398a,needProcess
france/Decisions & Deliberations,0b7cacae52003e787682e1b91ebb3210,non-GDPR
france/Decisions & Deliberations,6c7c3fd6df884f4c72c78307d7987526,GDPR
france/Decisions & Deliberations,35dc3a0f9b8fa1f845ee11f12c04ae22,non-GDPR
france/Decisions & Deliberations,3b186de94cb646de3c22c434568fa24a,non-GDPR
france/Decisions & Deliberations,f233baef06f69477df98689e22d0a5ba,non-GDPR
france/Decisions & Deliberations,271fb40160ab34e627ee29d42d2465cd,non-GDPR
france/Decisions & Deliberations,e42dd49441193bd904c55ab37a71a2e1-2023_12_11,needProcess
france/Decisions & Deliberations,2f0c65ee8f68bf2fa4832e8c5c5f732f,non-GDPR
france/Decisions & Deliberations,18c48d34125fb4a6c02cc93a61ffdc2e,non-GDPR
france/Decisions & Deliberations,982a7a3349ab460e17572019e778a4a6,needProcess
france/Decisions & Deliberations,6ccd9daa6317f98182aaa9f39da7c3c7,non-GDPR
france/Decisions & Deliberations,a581daddd92b96b2f4c21b3114d57974,non-GDPR
france/Decisions & Deliberations,d2bbadfedd56bb7a190790bd5a20b98d,non-GDPR
france/Decisions & Deliberations,98e477d11eb64a6e0aa657fb3195e01d,non-GDPR
france/Decisions & Deliberations,2e367070748a2415fdebee3af6922970,non-GDPR
france/Decisions & Deliberations,e583bd02c1cd00ca10ff2a849a9c3e31,non-GDPR
france/Decisions & Deliberations,c48aee3d6804d24d26d2ff8bfaffecb5,non-GDPR
france/Decisions & Deliberations,f422caedabbcf1450f02632998d22e87,non-GDPR
france/Decisions & Deliberations,9dea3cbf89a0054d07f2cf44098a5b61,non-GDPR
france/Decisions & Deliberations,de4730c596ae9cdebca01aa6f45ea05b,non-GDPR
france/Decisions & Deliberations,91871ced45e85cc0292fc37b21646400,non-GDPR
france/Decisions & Deliberations,35156b6a5d13516d28739f4e3f2fa5d6,non-GDPR
france/Decisions & Deliberations,f63266ef33b6cf1c08eba0d5146f6446,non-GDPR
france/Decisions & Deliberations,6b3cf53e870fe8118b378b295e00bc13,non-GDPR
france/Decisions & Deliberations,0967504c719ca50d4709c34a9bab8daa,non-GDPR
france/Decisions & Deliberations,af1b6af5df776bbb23f72ffd1a4a5e0d,non-GDPR
france/Decisions & Deliberations,4e70fa3b1212505adefc29104a842d45,non-GDPR
france/Decisions & Deliberations,2e61087aa0182f34f8f4b3c3a583396c,GDPR
france/Decisions & Deliberations,51264674ddb000d69b9db573810c1c5d,needProcess
france/Decisions & Deliberations,97e56c9850750672df92c76939abd3bf,non-GDPR
france/Decisions & Deliberations,11b3f394e4c99e340416aec9a131c91b,non-GDPR
france/Decisions & Deliberations,c79e324818ff7382a658d38fe031cfc8,non-GDPR
france/Decisions & Deliberations,8a5ea14dff4c9d79652fdbc92b905dcf,non-GDPR
france/Decisions & Deliberations,b69e85b60b8e7a3f482ef01fc6792e61,needProcess
france/Decisions & Deliberations,cc280179ac9c6d10c76a43b0ecc354de,non-GDPR
france/Decisions & Deliberations,4639976d5e8f6ba7cb77b9b38779c630,non-GDPR
france/Decisions & Deliberations,513746abcafd619d7e100cd978981654,needProcess
france/Decisions & Deliberations,7e09c4940871fb8a781a5b91178bcf6c,non-GDPR
france/Decisions & Deliberations,33bd52b0365e837291bacb79ecc36c46,non-GDPR
france/Decisions & Deliberations,4fbe604d30294c15363e3168e0b92f8e,non-GDPR
france/Decisions & Deliberations,58ced9858930b3065a369bd94033c2a5,GDPR
france/Decisions & Deliberations,4658a2b26b8623e1ea4903eec6c177b1,non-GDPR
france/Decisions & Deliberations,1a6c4eaa0220a35e70fde6f60d0539bd,non-GDPR
france/Decisions & Deliberations,59b46753fdf920ece6ef1474206a04fe,non-GDPR
france/Decisions & Deliberations,787c0c008c0a17938e3e6f0b318b7231,non-GDPR
france/Decisions & Deliberations,202f0d2e2de327ec25768a2894f38edb,non-GDPR
france/Decisions & Deliberations,0e785718853b72d16109139f69e31a69,non-GDPR
france/Decisions & Deliberations,f6e4203e04c5e89408f110991634f7cc,needProcess
france/Decisions & Deliberations,3341182f01e087a9c2e045adf2a71e18,non-GDPR
france/Decisions & Deliberations,255f748bbd287d5115b490fd148bc0db,non-GDPR
france/Decisions & Deliberations,c301737b268e0dc76d1e7211f83c2bf2,non-GDPR
france/Decisions & Deliberations,d843bff88c06d5fd09d8e494e4cc461f,needProcess
france/Decisions & Deliberations,3bbd9c287cbf106f713e863b2dc94ec7,needProcess
france/Decisions & Deliberations,6e6122ec947c4f2964f5c81bea9cb905,non-GDPR
france/Decisions & Deliberations,ac95b48b9c1ddd69a93424a4c671accf,non-GDPR
france/Decisions & Deliberations,325ebf5bb6dfcc7632fa2798a060a850,non-GDPR
france/Decisions & Deliberations,f9feebb8c11fe06db9a6b22e52b2e515,non-GDPR
france/Decisions & Deliberations,075125ce5d4886ea755540cb6020c3aa,non-GDPR
france/Decisions & Deliberations,5831867c1842c23e70a731d5a70d9e01,non-GDPR
france/Decisions & Deliberations,e9b45f4824e717d83ecdc0637a33d60e,non-GDPR
france/Decisions & Deliberations,520be07efba06188e9d1e2a743a61f79,non-GDPR
france/Decisions & Deliberations,fac028173fcaefa17ea7db09c4b0f932,non-GDPR
france/Decisions & Deliberations,e3602150d097301d7ae17bab86daf901,needProcess
france/Decisions & Deliberations,aa04cec82919e83e4a4ee49e161717a3,non-GDPR
france/Decisions & Deliberations,91c368b59c1b0f3aa8834554ff571812,non-GDPR
france/Decisions & Deliberations,33250e78ba88e4219f20e70bc6f20e1c,non-GDPR
france/Decisions & Deliberations,ce8ca0f39cb3aacb67e2d0d6de18054f,non-GDPR
france/Decisions & Deliberations,18485819ee6cd5f205f160717625abde,non-GDPR
france/Decisions & Deliberations,89728c5a15bb36ea9d72b82406b7da2f,GDPR
france/Decisions & Deliberations,d9b5d307cb49ac8b8fcf3334c17a8c70,non-GDPR
france/Decisions & Deliberations,9a5a67689525e7878f699c5475d126b4,non-GDPR
france/Decisions & Deliberations,06c3a2d139249241fef14860130e7a28,GDPR
france/Decisions & Deliberations,384012cb5d537bc8a852c24538d01531,non-GDPR
france/Decisions & Deliberations,c8835d9ce440eba70f02b8474c82115b,non-GDPR
france/Decisions & Deliberations,7be6cbdd995ca449eb0c8db1f8a9f901,non-GDPR
france/Decisions & Deliberations,a417d4fe11de062009ad8943b855e23d,non-GDPR
france/Decisions & Deliberations,a8e78c4f31141e805034fac118e12334,non-GDPR
france/Decisions & Deliberations,c5c1379b4f3245cd8162b325ff5c2a35,non-GDPR
france/Decisions & Deliberations,cc7221c732705d04be876f0df39d1dce,needProcess
france/Decisions & Deliberations,e2c6022d189f678c70f493b9ef9fdee4,non-GDPR
france/Decisions & Deliberations,8054f423ac51c5c1cf45d536da9d2f40,needProcess
france/Decisions & Deliberations,ab5d394f1ab3696f27b6191408754f2a,non-GDPR
france/Decisions & Deliberations,1fcb4b3b4a28e72d6fe8e6c5989eb30f,non-GDPR
france/Decisions & Deliberations,37ddaa3be1baebb52922464d3e5dbb9d,non-GDPR
france/Decisions & Deliberations,7eede1928fcca2415a4ac79b406e0ec2,GDPR
france/Decisions & Deliberations,5ced808e1f1463d3ec5851794f8cc53b,needProcess
france/Decisions & Deliberations,835a553d9f7e738f297e8a67032f4bd6,needProcess
france/Decisions & Deliberations,dfb6e50dcba622be60425d7659c4b2b4,needProcess
france/Decisions & Deliberations,4414047d0c783f71ace2b2fa6a3a359c,GDPR
france/Decisions & Deliberations,94788087548f5eecbac8607bc507fbab,non-GDPR
france/Decisions & Deliberations,692273b6d53372af677e6e8e909a20e0,non-GDPR
france/Decisions & Deliberations,4b95d6171351e49a6845abf43ea1914b,non-GDPR
france/Decisions & Deliberations,4a3e62c0ac068ff68727b6a0c0cfdee9,non-GDPR
france/Decisions & Deliberations,58520d6d7084441d7dca9075b00ec5cb,non-GDPR
france/Decisions & Deliberations,aec07b67fed32f2911d918c841acdb40,non-GDPR
france/Decisions & Deliberations,a9932135812ca04eb0fde87d5712f40a,needProcess
france/Decisions & Deliberations,40b8a228ef9b64b0ea7e8fe15d0425a0,needProcess
france/Decisions & Deliberations,3cec97f760887e97adc3f98c5bba5970,non-GDPR
france/Decisions & Deliberations,8b73a486ad2f78941f4a2274560413ea,non-GDPR
france/Decisions & Deliberations,663834a0dbad6f989082899e07192036,GDPR
france/Decisions & Deliberations,663e5d0d6c6cee4e54212098326d1022,non-GDPR
france/Decisions & Deliberations,cf86a91441114926680eeaeb9a995f09,non-GDPR
france/Decisions & Deliberations,8ba96250d0bad613acff3feeb29ce1c6,non-GDPR
france/Decisions & Deliberations,0fd2b1b9bbcd181affc98a3ad8055a78,needProcess
france/Decisions & Deliberations,74c4357f5eb00640f281d3b3afb62e33,non-GDPR
france/Decisions & Deliberations,b82f2a3d902f7f82c30bd6418840f9f0,needProcess
france/Decisions & Deliberations,29b1e16ae428ed4e6b6770460e53c52c,GDPR
france/Decisions & Deliberations,a9932135812ca04eb0fde87d5712f40a-2023_11_09,needProcess
france/Decisions & Deliberations,0b5da8f55e55d9d826a24f180ff3b23a,needProcess
france/Decisions & Deliberations,a0999af10fd1ed267c1505bbf266485c,non-GDPR
france/Decisions & Deliberations,0a302f3e7f2d93270557ea062c5d5e09,non-GDPR
france/Decisions & Deliberations,672508891c1778e757215706035d8619,needProcess
france/Decisions & Deliberations,a2b772ea225c6b29e18c664eb8036b57,non-GDPR
france/Decisions & Deliberations,d92fbc3493144f57df1729db85eb28a9,non-GDPR
france/Decisions & Deliberations,37f37e593dc63a20d4889eca2a1eda06,needProcess
france/Decisions & Deliberations,59f6cdb5e500e27049f1ed20ba56b48f,non-GDPR
france/Decisions & Deliberations,f1cca587845418125df47cf75c6f7c77,non-GDPR
france/Decisions & Deliberations,e02acfcf44de5ca16136d3041fa3f37f,non-GDPR
france/Decisions & Deliberations,488ad5414e09b6c77fdb2649391417c0,non-GDPR
france/Decisions & Deliberations,0fe7513f18b0e04ec5c65a25a38e5ac7,non-GDPR
france/Decisions & Deliberations,5a3269729b67688290ae8666fd65e1f4,non-GDPR
france/Decisions & Deliberations,277e59be3ef16f70179ca713ee65f0aa,non-GDPR
france/Decisions & Deliberations,7a48c2879bc6a395aec098e3f28802ec,non-GDPR
france/Decisions & Deliberations,8e60c752d9c5e8f77a9ed5311ec1b784,non-GDPR
france/Decisions & Deliberations,dff08d279c5fc14965dfce9b875e5c05,GDPR
france/Decisions & Deliberations,2b7baf986cc97b696e2c05a24e893b5a,non-GDPR
france/Decisions & Deliberations,95641faf2393245603a209fe01440935,needProcess
france/Decisions & Deliberations,47fe75fe7c273e14a5ad07a5a4202102,non-GDPR
france/Decisions & Deliberations,c85e655d4f5be972eb308a9719dd0153,non-GDPR
france/Decisions & Deliberations,c058f13a43e1c05ae57dfda6d7ebabc9,non-GDPR
france/Decisions & Deliberations,636d4cae428c22a04472f5642ff77684,non-GDPR
france/Decisions & Deliberations,1aa213ff039a029a8fc25792dd72d4bd,non-GDPR
france/Decisions & Deliberations,9d7095fa84bf0f4e5a3fb3baac9e9549,non-GDPR
france/Decisions & Deliberations,25b2d6f70ab279cb055d6f2fb23cfaf8,GDPR
france/Decisions & Deliberations,ad75747bcff654c8a5ee81d5f8bc8c58,non-GDPR
france/Decisions & Deliberations,5d49a1f3f6bff1be674c152f66ccd1fc,GDPR
france/Decisions & Deliberations,086011df1fa8bbaca7c9252cf9508244,non-GDPR
france/Decisions & Deliberations,d9a72d14901442759a3d08c3e8ca8f0a,non-GDPR
france/Decisions & Deliberations,2f8478fd2928efbff78e73f4169c9997,non-GDPR
france/Decisions & Deliberations,7e8a78d258722268b816157614c75350,non-GDPR
france/Decisions & Deliberations,5cb8a30eecd46c8e0dddf604b7104e50,non-GDPR
france/Decisions & Deliberations,9a0ce5da21b07baef1e09d611ff14b3e,non-GDPR
france/Decisions & Deliberations,a726c8396ce69142bd2cab4d81cf0158,non-GDPR
france/Decisions & Deliberations,4a9a578b02b6f6b59254cf2551a49350,non-GDPR
france/Decisions & Deliberations,74da2f700d71869322b4877210ab8454,non-GDPR
france/Decisions & Deliberations,25e1fd0ff4e3b9e2ee465346ef54aec6,non-GDPR
france/Decisions & Deliberations,3f19e591a6b51cdb941ccfe49a8bb2f0,non-GDPR
france/Decisions & Deliberations,c6111135edf3c206b0bc3800279b8ef0,non-GDPR
france/Decisions & Deliberations,23f97c77f3f989357ac8f9d7dd46504b,needProcess
france/Decisions & Deliberations,05b042b480331b9250a10ed382fedd49,needProcess
france/Decisions & Deliberations,d6a2cb80a603de1370bbbd4c21dbeae2,non-GDPR
france/Decisions & Deliberations,67ffd6b31bff3cccd409abb162602488,needProcess
france/Decisions & Deliberations,2d99e90dea45a45b39368b118ef54455,non-GDPR
france/Decisions & Deliberations,0b646041e7680d2e11571d3385936341,non-GDPR
france/Decisions & Deliberations,d675929c8e3f6c5cad40d94da5530fae,non-GDPR
france/Decisions & Deliberations,49b3ac2fc24ce9a1581ac84a3d2b059e,non-GDPR
france/Decisions & Deliberations,ef84c743f76900e99e4da0d1e7989918,non-GDPR
france/Decisions & Deliberations,230dd037c01a85fb727c748b51547f05,non-GDPR
france/Decisions & Deliberations,55d7ca79661ebcea020c38d9ebd2264e,non-GDPR
france/Decisions & Deliberations,2658035906e961a1280e0e9616b4d8a9,non-GDPR
france/Decisions & Deliberations,af31e0585455d1f8b95065f9839b8be1,non-GDPR
france/Decisions & Deliberations,c741570646e2aa97a34f12ae5a5f5204,non-GDPR
france/Decisions & Deliberations,74633fbd12b9f013a441a65e0d9d19f0,non-GDPR
france/Decisions & Deliberations,6c06708d7023feb6ba5574041f19427c,non-GDPR
france/Decisions & Deliberations,50925951968525dccbe2a06f724fcb6c,non-GDPR
france/Decisions & Deliberations,972d2e95444d29689a114606d84d1c5c-2024_12_12,needProcess
france/Decisions & Deliberations,4f266e167987e5fa44679348a8d6f644,needProcess
france/Decisions & Deliberations,880bd2504d0ad0d7f966b4be9def16f9,needProcess
france/Decisions & Deliberations,b92ba201c4c7f2a6449b86e5e8ba8d50,GDPR
france/Decisions & Deliberations,a7b2abf1c04a1f2a35f3d98f9d5be33b,GDPR
france/Decisions & Deliberations,b41272a82732ed497dd5a90170c81d8c,non-GDPR
france/Decisions & Deliberations,1b0a060630ce68600e124ba25023622b,non-GDPR
france/Decisions & Deliberations,522d653546b9d73a3cbcb4aaaf736821,non-GDPR
france/Decisions & Deliberations,641180ae39f822d52bf8f417b3ab1c12,non-GDPR
france/Decisions & Deliberations,a1d2fd255e08016cb87c05f231d000ae,non-GDPR
france/Decisions & Deliberations,5764843ce5f331b09cb1eab3187c8dc6,non-GDPR
france/Decisions & Deliberations,51b3756fb9ece835caede0dff53c0c9f,needProcess
france/Decisions & Deliberations,c57601c1cff074a1160453f876bdf6e7,non-GDPR
france/Decisions & Deliberations,758dd794f6b124c417355ab91f9f3c82,non-GDPR
france/Decisions & Deliberations,fae7661ecf704b281108c118cf934b23,non-GDPR
france/Decisions & Deliberations,51fe91210bacc1d8685724829bf081f4,non-GDPR
france/Decisions & Deliberations,92b75d4121959df50fb0f1d76bbefc4d,non-GDPR
france/Decisions & Deliberations,f8902fa3a031aade9bc21ae735b003bb,non-GDPR
france/Decisions & Deliberations,ca79ff621dad6222b718ce01721f94fc,non-GDPR
france/Decisions & Deliberations,d86091df08c36f8a8ea7d6ee9fa5de99,non-GDPR
france/Decisions & Deliberations,6c1142a35185e469ca7911eab77d1b78,non-GDPR
france/Decisions & Deliberations,3126f10261824fae37a376c03d90f542,needProcess
france/Decisions & Deliberations,2222747f5c3cfa8009cf940b097c6e28,non-GDPR
france/Decisions & Deliberations,fc621140c3f950728075c014c8b1f9b5,non-GDPR
france/Decisions & Deliberations,1f263fcc90202d5bae3ee44516c338ef,non-GDPR
france/Decisions & Deliberations,073bba72281c7950b03b6703f69a254b,non-GDPR
france/Decisions & Deliberations,4018a18661730a8e753228fa2d91f207,non-GDPR
france/Decisions & Deliberations,4d559d7ef711e62e2e57e7c727891377,non-GDPR
france/Decisions & Deliberations,97a7d179c7a47f883367e668a3e62acb,non-GDPR
france/Decisions & Deliberations,46d69e8fbd3611997c7fbe27ee272940,non-GDPR
france/Decisions & Deliberations,2a8f8b3bc0ba6c29b9afd31fe0a14d23,non-GDPR
france/Decisions & Deliberations,4b45947e36640752b7b4767419afb622,non-GDPR
france/Decisions & Deliberations,206fee0e2f1b35d2f1b0d7687750f709,non-GDPR
france/Decisions & Deliberations,4b2c6f53381cd93ab143df39c68a904a,non-GDPR
france/Decisions & Deliberations,edb7e57ea80a517c89bbf8da639a282a,non-GDPR
france/Decisions & Deliberations,3c6fca0cf61f457d5785f435aa9e4228,non-GDPR
france/Decisions & Deliberations,ce6f8c93a3ecc5b0c6d3bad1d70c304d,non-GDPR
france/Decisions & Deliberations,10249eb1ca52243e2eea3a90a3295682,non-GDPR
france/Decisions & Deliberations,2b6c09829a1a06b46592b235ea3742eb,GDPR
france/Decisions & Deliberations,54131890fdbee9e8c1e2ce0ae8c1d154,non-GDPR
france/Decisions & Deliberations,d0960f1cd498f56369b12b2236124561,non-GDPR
france/Decisions & Deliberations,fe6e563884c53afb54ffaa2875c66529,non-GDPR
france/Decisions & Deliberations,bc495e60103847def2fc22bf743b0cd1,GDPR
france/Decisions & Deliberations,b0f3acc2fd082d39ca814a210905c3c8,non-GDPR
france/Decisions & Deliberations,3264d725f241825db53a33b1deec3c30,non-GDPR
france/Decisions & Deliberations,6299b3b03cc99ac8e958eab7933edfeb,non-GDPR
france/Decisions & Deliberations,20b770c774035e015d022dbb76c299a4,non-GDPR
france/Decisions & Deliberations,2a47864a4668ab393f4787c76ca4047b,non-GDPR
france/Decisions & Deliberations,15cbd45e2e8cc17c51ba6f931602bc91,non-GDPR
france/Decisions & Deliberations,964a7838027ec31b464c5eac3af643a9,non-GDPR
france/Decisions & Deliberations,8459378b0cccf890b6bda5369c18892c,needProcess
france/Decisions & Deliberations,c6b5ab02c030d88ce00c1278e2d70594,non-GDPR
france/Decisions & Deliberations,a0d9eb1c50c2ac74543fd00f36b31fb3,non-GDPR
france/Decisions & Deliberations,faccd17f490b5c5d9d607ed08c23fda6,non-GDPR
france/Decisions & Deliberations,c27ced504b484f3294df6de4c0d787cd,non-GDPR
france/Decisions & Deliberations,1e2de1dc387dbef5051dddb5a1b512cb,non-GDPR
france/Decisions & Deliberations,ffe1df164c8c005ec37ee130196e50a5,GDPR
france/Decisions & Deliberations,65584b8a40b8687e7e865f6ad56d5d29,non-GDPR
france/Decisions & Deliberations,542862954bd951998780812ec051e1a7,non-GDPR
france/Decisions & Deliberations,5514e9b8dc7da2fb5bc9a75cbfcfe73a,non-GDPR
france/Decisions & Deliberations,97ee8204470fb2316c7d4cb2a24fb1b4-2024_05_23,needProcess
france/Decisions & Deliberations,d89ba9d4ac50505033fa339087019306,non-GDPR
france/Decisions & Deliberations,35386d8f04ed6fc08790f240d953b3ac,non-GDPR
france/Decisions & Deliberations,07f86dbc4505f1fb4618afd3a281b4d4,non-GDPR
france/Decisions & Deliberations,c96a185c216ea9f7e9cd71f14f305058,GDPR
france/Decisions & Deliberations,e64e28d9e4eec8f61c36398303b516ab,needProcess
france/Decisions & Deliberations,923a5aa91916a8e1edd7a88f0cb258de,non-GDPR
france/Decisions & Deliberations,5bc17c4954f20f0e556b246d78d0e9f9,non-GDPR
france/Decisions & Deliberations,4079950cab838e8fbb9afb65ea06f418,non-GDPR
france/Decisions & Deliberations,c2bcb32a2b03e05bf361381a90396abd,non-GDPR
france/Decisions & Deliberations,33f67789e71efadadbb5c58d408ccb2a,GDPR
france/Decisions & Deliberations,7e30d9ad90eacfa7e11aac517fcb4a00,non-GDPR
france/Decisions & Deliberations,f46077895262e155b134d22279cbef06,non-GDPR
france/Decisions & Deliberations,929272054eec732b6c1996bd77ce6aec,needProcess
france/Decisions & Deliberations,affe142461ab72216d296537c37386c5,non-GDPR
france/Decisions & Deliberations,d706b42377c4ad872a1612bfca3451d6,non-GDPR
france/Decisions & Deliberations,86034ac155e6075f415b072e8819cfe9,non-GDPR
france/Decisions & Deliberations,26126ffa879daeb7566b1f03e5423307,needProcess
france/Decisions & Deliberations,79005d049d209cdaf1f3d74e2758d80d,needProcess
france/Decisions & Deliberations,3c5bd1229d929147dc3cc456047bcbba,non-GDPR
france/Decisions & Deliberations,b9e7058d7245d5b8a25bf53f67642506,non-GDPR
france/Decisions & Deliberations,3d90c8a854a5145bc9f8f8472b1a6e97,non-GDPR
france/Decisions & Deliberations,9c151f7b2633f9cc039a4436edcdf030,non-GDPR
france/Decisions & Deliberations,44624e662008823808aef3543b3f6b2d,non-GDPR
france/Decisions & Deliberations,6e488683ef1890318f4bf66426230190,non-GDPR
france/Decisions & Deliberations,0c64ec7a45c17ead182d136f44b1f268,non-GDPR
france/Decisions & Deliberations,d816609a4598b11da069711cf50c6d5b,non-GDPR
france/Decisions & Deliberations,b40da86b65dbb449a42e6ab30aac15ff,non-GDPR
france/Decisions & Deliberations,db75ca44a1f7503283749f98990479c6,needProcess
france/Decisions & Deliberations,149807b093b6651fac017b174e8b3682,needProcess
france/Decisions & Deliberations,a1ca297b455654d5ba9f8f793a768eb4,non-GDPR
france/Decisions & Deliberations,004d3808958d6fd5878b018deb1382f9,non-GDPR
france/Decisions & Deliberations,365148a06045fc64d3e03183be1c7799,needProcess
france/Decisions & Deliberations,7d4157ac2b4682a7714ed5b6952b39a4,GDPR
france/Decisions & Deliberations,63bb04985355b2eb45a4b19ebcdcb64c,non-GDPR
france/Decisions & Deliberations,ec62dcb1f138be592277d1dd409235e7,non-GDPR
france/Decisions & Deliberations,b5d09bda15283d5d9dded050c5108f97,non-GDPR
france/Decisions & Deliberations,2e250eccde0a9248ccb5bc5b66a2eb93,needProcess
france/Decisions & Deliberations,5da1048b2543181bd71328b37a69e90a,needProcess
france/Decisions & Deliberations,19e96476daa786638a7d42fc11420492,non-GDPR
france/Decisions & Deliberations,b2bc086fbd0160e01417906bd1d599d6,non-GDPR
france/Decisions & Deliberations,8ffcea8ada2381b646ddeaa7b6c2036a,needProcess
france/Decisions & Deliberations,097af3d207f593a4e0df701b8e116270,non-GDPR
france/Decisions & Deliberations,141ac97d7d12b35b9ba8e30ca605ba95,needProcess
france/Decisions & Deliberations,5d651b47c018eaefb85db2d1cba0e82c,non-GDPR
france/Decisions & Deliberations,a5f04328c46c6e8d00fc17c46167e88a,non-GDPR
france/Decisions & Deliberations,be5ebdaf08ce8337836e9824f8bb3f82,non-GDPR
france/Decisions & Deliberations,c52f1e09ea5eb9d5eecd26268b4e7b4b,GDPR
france/Decisions & Deliberations,d3ba03ed31391ed17c841e83b244b486,needProcess
france/Decisions & Deliberations,2a99369eb5e71c54057ef6b7b1bf0d5e,needProcess
france/Decisions & Deliberations,e481c5bb1c5b902c8fe1d4b51e7fe811,non-GDPR
france/Decisions & Deliberations,4bcced47a186c1020c8a0b3522979aa0,needProcess
france/Decisions & Deliberations,fd0ebe45d08b658b45850a718daad553,non-GDPR
france/Decisions & Deliberations,d70ef1909c911ecfa44fdc698fe6290d,non-GDPR
france/Decisions & Deliberations,acb5365fdf56ef37714a1f2e44b5421c,non-GDPR
france/Decisions & Deliberations,3526ed9918d30be839363559c6906cb1,non-GDPR
france/Decisions & Deliberations,f9479a9ad5000b5cffb6cc43f1282cd9,non-GDPR
france/Decisions & Deliberations,3272f7cf0e3d93b73c63f3c256df3ca5,non-GDPR
france/Decisions & Deliberations,ad6f5c8a1b74d9d23fab76ec1cb36737,non-GDPR
france/Decisions & Deliberations,e69bab0e6b1ee2ba51a2fa5d2c890e5a,needProcess
france/Decisions & Deliberations,41ef514b6df32a1f556be83fc5138f0b,non-GDPR
france/Decisions & Deliberations,9bf89a56934ff35ed23bc4643da3f14a,non-GDPR
france/Decisions & Deliberations,83b3d89bb5f9e30ea5f746b363a73ad5,GDPR
france/Decisions & Deliberations,d710ee8365a88460536580c4ca3e8d54,non-GDPR
france/Decisions & Deliberations,a99556bee689f418c2d2aa8d472e84c7,needProcess
france/Decisions & Deliberations,e57df6d774bc6acadea8b99275616a24,non-GDPR
france/Decisions & Deliberations,58c7dfdcda812383a32031ffd267a785,non-GDPR
france/Decisions & Deliberations,c691bef425330300a041ae0eb4c86f8f,non-GDPR
france/Decisions & Deliberations,2a34fec8d2fb04740cf6b73dc7334ed1,needProcess
france/Decisions & Deliberations,35db3657ac165865b8d659a30cbf96b3,non-GDPR
france/Decisions & Deliberations,2981622955cf609fda1e51cb284a8ff0,non-GDPR
france/Decisions & Deliberations,193e2b644fba6d6be95d182baa8bd17e,non-GDPR
france/Decisions & Deliberations,cc1d9fd1fc89f75215a219fe5095a13b,non-GDPR
france/Decisions & Deliberations,4f6dd7bf5593065b808ff43fba5f919b,non-GDPR
france/Decisions & Deliberations,f2c6e56a070b19be0a951a497b88d686,needProcess
germany/baden_wurttemberg,8b10c49d04f618a6d70655efedeee385,non-GDPR
germany/baden_wurttemberg,c6059783d0c38f6ee44435e0b88af185,non-GDPR
germany/baden_wurttemberg,53621b68abc5952db9605b3389088370,non-GDPR
germany/baden_wurttemberg,a2b143ca300a834e6c6cbf54b27ea6a2,non-GDPR
germany/baden_wurttemberg,6d5bdf6e2c4dd3ff0c8cae9f9819452d,non-GDPR
germany/baden_wurttemberg,417d0664526657678328e33ed2b17180,non-GDPR
germany/baden_wurttemberg,b6dad83610be14cc4bd07ced7f7d2bf0,non-GDPR
germany/baden_wurttemberg,3e2cd6e2bdf01758654dd2ef63b4abf9,non-GDPR
germany/baden_wurttemberg,6a712527f6a6e15b955c04e0fa7e316e,non-GDPR
germany/baden_wurttemberg,ea46bddf420bdbd66c1928deae0c3f35,non-GDPR
germany/baden_wurttemberg,0a38331e9c3d07643c9b1eae1b9c07b1,non-GDPR
germany/baden_wurttemberg,6a4ed5f324319218759f79f3e0ce652f,needProcess
germany/baden_wurttemberg,0d7c3f5b1c60a979caee08335598dbc4,non-GDPR
germany/baden_wurttemberg,dff335d6c32adfe26087673f6165262d,non-GDPR
germany/baden_wurttemberg,a03a0f8ab6f1bf78f77b83059d389bbb,non-GDPR
germany/baden_wurttemberg,9b20807f6f93f6d49f9f248848be2780,non-GDPR
germany/baden_wurttemberg,7356d97f97fedf8a60a03bbdf76c62c6,GDPR
germany/baden_wurttemberg,4b58cdc1469d7eb505d2707d5c82abe7,non-GDPR
germany/baden_wurttemberg,287b1a7cd33e21bf4ed2fca937e499e7,non-GDPR
germany/baden_wurttemberg,96b7f35ac33bebad9518f3bf9eeda3d1,non-GDPR
germany/baden_wurttemberg,f91cad78a379d45aac04ecc19b1d1d46,non-GDPR
germany/baden_wurttemberg,8a8dd3e1d74406d14be69096abd431db,non-GDPR
germany/baden_wurttemberg,ce5f9f16f1983ad30efee808e292e777,non-GDPR
germany/baden_wurttemberg,83a48d39ae90f3c90c92ff26d3946391,needProcess
germany/baden_wurttemberg,853a780764b893884eac3cc5ee929d68,non-GDPR
germany/baden_wurttemberg,a826bdf7f9a40f4ab88b93c2fe729efb,non-GDPR
germany/baden_wurttemberg,9e41ebbbe14edd3ad5a3386f7285a0fa,non-GDPR
germany/baden_wurttemberg,addb07effdae6e2ed26dcd33441b2c17,non-GDPR
germany/baden_wurttemberg,56806b2c254e06f99adcd1b1fbfadf74,non-GDPR
germany/baden_wurttemberg,8d9b130a741e969ede7b898b30ac13c1,non-GDPR
germany/baden_wurttemberg,0f94898668e318f658aeae65649843bd,non-GDPR
germany/baden_wurttemberg,d8633b8df8d5b441b8e947cbc34152b6,non-GDPR
germany/baden_wurttemberg,b8ff15a628debfec312205804cbdc1de,non-GDPR
germany/baden_wurttemberg,9a04cd84ab25c00a9e88e4db8d7b2a28,non-GDPR
germany/baden_wurttemberg,f476c383a2fce0dee8edbe626eacf85c,non-GDPR
germany/baden_wurttemberg,4291d16021943a1e02d4d7cd0f51abfc,non-GDPR
germany/baden_wurttemberg,296356be6a2df98efce8ec3b684c180f,GDPR
germany/baden_wurttemberg,623fd96042fc2a3c7b4402ae98e27476,non-GDPR
germany/baden_wurttemberg,3a8790d8b38b3b4e53ecb426059ef94e,non-GDPR
germany/baden_wurttemberg,d35d823c8b8c67b973e038a6b67e504f,non-GDPR
germany/baden_wurttemberg,22e2887d6c420a4883f67821ce3d0d09,non-GDPR
germany/baden_wurttemberg,e2ca61f3cd2a3ee14c5003efaa7ddbc0,non-GDPR
germany/baden_wurttemberg,6ed20d8a43836d849cab1d3f43162586,non-GDPR
germany/baden_wurttemberg,f5a21b6e80995cd994a344637e7ae6b9,non-GDPR
germany/baden_wurttemberg,36be9cdbb7a24b4001f7d8e111ae771d,non-GDPR
germany/baden_wurttemberg,194e50bacfdbd57068ad437c68d3771a,non-GDPR
germany/baden_wurttemberg,d9fb1972b662743946ab9e42249628b3,non-GDPR
germany/baden_wurttemberg,00f911618358a5b728721fa556eebe08,non-GDPR
germany/baden_wurttemberg,f4c37113e09b16f56f6a22632b051db8,non-GDPR
germany/baden_wurttemberg,03ba154a0e89aef8a346e3fe6d917099,non-GDPR
germany/baden_wurttemberg,ea7b70f7cbb37ded54401d0e6f4c5cdf,non-GDPR
germany/baden_wurttemberg,a5e7ca181820f50739c8119b9cd4a345,non-GDPR
germany/baden_wurttemberg,1a4e59695c387180310e02b2fe06545b,non-GDPR
germany/baden_wurttemberg,662fa2a781db5b0577306e9ea4e57531,non-GDPR
germany/baden_wurttemberg,086497af5f258a7e9a0b89b83b85ea35,non-GDPR
germany/baden_wurttemberg,cd139157906d785477c33d4559fb44d4,non-GDPR
germany/baden_wurttemberg,136bcf4060b08173f0ca2a6741cddbcb,non-GDPR
germany/baden_wurttemberg,c853563d1b3f6f0b2bd3ed0d18f1d700,non-GDPR
germany/baden_wurttemberg,1d79d9bdf22166e8c1ccf30b6ccc2836,non-GDPR
germany/baden_wurttemberg,693528ed4a84d481acc5a1941b1a9db2,non-GDPR
germany/baden_wurttemberg,6574594332b6020920d72c1e38ac52d5,non-GDPR
germany/baden_wurttemberg,a3d4dc0fb8c6cf1f01d1244f6fa7f0b6,non-GDPR
germany/baden_wurttemberg,5e1f2f3b6258702289fbf6ae1e9249f0,non-GDPR
germany/baden_wurttemberg,364e1dbcca58aaceab448ab91403c649,non-GDPR
germany/baden_wurttemberg,967aa5d4a2616d7276a8b8372511eec4,non-GDPR
germany/baden_wurttemberg,1af8433811e2a3489cf361c11f30a553,non-GDPR
germany/baden_wurttemberg,66685448de94edde6ea6ca88b4c47a20,non-GDPR
germany/baden_wurttemberg,c5a63cdb9689ea8ebc981c3b28dd21cf,non-GDPR
germany/baden_wurttemberg,fb9fc066638a515293df77d8404ef967,non-GDPR
germany/baden_wurttemberg,cc284e5e0db2402239aca1b872cb05db,non-GDPR
germany/baden_wurttemberg,032e6cdcdde3577af3298479926616fb,non-GDPR
germany/baden_wurttemberg,aece2411938e0a11eb3c636c058e9aa5,non-GDPR
germany/baden_wurttemberg,9cc861a995d1029416631c572224fa7e,non-GDPR
germany/baden_wurttemberg,112d037d32a30b100df68df2856431de,non-GDPR
germany/baden_wurttemberg,5a55b9d576cac6c2029f2a26c7be748f,non-GDPR
germany/baden_wurttemberg,7a2c1a508d59a1fc423e85cc847e6cc7,non-GDPR
germany/baden_wurttemberg,d4b28af1665be739ba1840e5c5620596,non-GDPR
germany/baden_wurttemberg,55a94dc1884c3a28e011230e519b9f6b,non-GDPR
germany/baden_wurttemberg,c8209b1133e7783adbb3ce1b14323484,non-GDPR
germany/baden_wurttemberg,5a3a098bccf81f8fcd07e0658933318e,non-GDPR
germany/baden_wurttemberg,98031023dd42ffbb4889ca7a2ee4f510,non-GDPR
germany/baden_wurttemberg,c7458e42ed711b0111a63e05d92ad7d5,non-GDPR
germany/baden_wurttemberg,ba547ddb2fb49148c04104258e974935,non-GDPR
germany/baden_wurttemberg,09c2515c2351ef6733b9c5c7d049066f,GDPR
germany/baden_wurttemberg,74a8b16ab5bab3ccf83ef8e097eb0143,non-GDPR
germany/baden_wurttemberg,13676d461cf046d8589dcb29bde463b2,non-GDPR
germany/baden_wurttemberg,6a69ef269391a0e02bdab921b1075b61,non-GDPR
germany/baden_wurttemberg,81f5ebb2288e9a46a664017a5f6885e1,non-GDPR
germany/baden_wurttemberg,ce513cea82c355763bf16521e31c2f95,non-GDPR
germany/baden_wurttemberg,af819c614afcfaa0a58622ada2d010ba,non-GDPR
germany/baden_wurttemberg,feff715abd813c38a928b4a262db765c,non-GDPR
germany/baden_wurttemberg,255fb6dee3452ebfc025e9262ef47a87,non-GDPR
germany/baden_wurttemberg,79142b919e790fee87621320c28fd438,non-GDPR
germany/baden_wurttemberg,f163b6ae86e6ebe3e1fba64cabe9c02e,non-GDPR
germany/baden_wurttemberg,4f5b01b17a146fa616906e472b7fef68,non-GDPR
germany/baden_wurttemberg,d500afce1e633fd244100e7cafee4276,non-GDPR
germany/baden_wurttemberg,b929500cb029b39ad9dc1fee943b8774,non-GDPR
germany/baden_wurttemberg,f2c4d7dd9d2fe670c3261ff2edd582cf,non-GDPR
germany/baden_wurttemberg,4476cdcdea4fb84f371a103fcde045c0,non-GDPR
germany/baden_wurttemberg,3035702d5f87699845918cbdd6ff78c7,non-GDPR
germany/baden_wurttemberg,33546733b299826a418a6181b9da9af0,GDPR
germany/baden_wurttemberg,5e078d49302008e80006714eb6e1b87a,non-GDPR
germany/baden_wurttemberg,2a2a9590dc311aa047797016b6ec9911,non-GDPR
germany/baden_wurttemberg,b8bd4720c80db2e2e0a9f6788398bfff,non-GDPR
germany/baden_wurttemberg,91aa9b2fca2e11e62bb0321cd8c04caf,non-GDPR
germany/baden_wurttemberg,c77462bbea4f5ac67b9e96e6d3a0e5e0,non-GDPR
germany/baden_wurttemberg,269ea53aaa520eb3712bf89d7477cfe2,non-GDPR
germany/baden_wurttemberg,ce6d89bbd31f0264e77974377ebe8457,non-GDPR
germany/baden_wurttemberg,4e5751ba80748663d029258e2afac281,non-GDPR
germany/baden_wurttemberg,3404ffa3ad0734dd61e31e3d5cee845f,non-GDPR
germany/baden_wurttemberg,f71cbc4a2f7034519d92ea8271461f36,non-GDPR
germany/baden_wurttemberg,1fadb950be8be67e59988ba290601ad8,non-GDPR
germany/baden_wurttemberg,d342ce3156bc74bf1be2f2ed45a4a8b5,GDPR
germany/baden_wurttemberg,3d511835b6ddd267754ce3296f28a28a,non-GDPR
germany/baden_wurttemberg,482564726b98025d5c536881b59caefd,GDPR
germany/baden_wurttemberg,f761dfabd5c5ccd0fe4fa95df70c7e46,non-GDPR
germany/baden_wurttemberg,616f094a0d76a8c1ff32e06d7b9b841b,non-GDPR
germany/baden_wurttemberg,0f71a8b8fcc9e08f8684bf3960fd5355,non-GDPR
germany/baden_wurttemberg,d2cb3ff4cf32c3e1975963579d952443,non-GDPR
germany/baden_wurttemberg,c402b0c3e7fca2a4fc79d56d5275e702,non-GDPR
germany/baden_wurttemberg,e9bd6bd7976cfe19bd78e3ad14aed908,non-GDPR
germany/baden_wurttemberg,b895c431a4010559cffd802be4825b3f,non-GDPR
germany/baden_wurttemberg,36f98af35d047c19e3c435c411badd4a,non-GDPR
germany/baden_wurttemberg,c725d90c4b68102c496731962372162e,non-GDPR
germany/baden_wurttemberg,915464bf2c6d49c66d25dbda8475dddc,non-GDPR
germany/baden_wurttemberg,ce0f000d6570bff0660e493987183da6,non-GDPR
germany/baden_wurttemberg,efc9209f23d78a462d157d857632cc2d,non-GDPR
germany/baden_wurttemberg,d2b88a793ea54f8f7992bffb414f7a41,non-GDPR
germany/baden_wurttemberg,f1d783b8d0fd1dae96bccd3e6c77418d,non-GDPR
germany/bavaria_privatesector,252e8d98dbec4a4888cb813c65082254,non-GDPR
germany/bavaria_privatesector,bc77f4137ae78300ed96bc823cbb4545,non-GDPR
germany/bavaria_privatesector,35397fd11fed71ea73814e654c5b242d,non-GDPR
germany/bavaria_privatesector,54507027437fb6df5a92a08887424d6f,non-GDPR
germany/bavaria_privatesector,5bfeb80128aea818353d7568ffdc1f7e,non-GDPR
germany/bavaria_privatesector,2123d7069d41e82c9c7e8470dbd53883,non-GDPR
germany/bavaria_privatesector,39941877a5e964fd11bcd0817dbf1b75,non-GDPR
germany/bavaria_privatesector,893ea8630439de3c44a5bdfd6a6b1402,non-GDPR
germany/bavaria_privatesector,55d79d3e934307c4748846e460fe0440,non-GDPR
germany/bavaria_privatesector,737cc9cb3e7b686129aadebff8dd95af,non-GDPR
germany/bavaria_privatesector,faaea9fcb58f29af24fc52c71a39d320,non-GDPR
germany/bavaria_privatesector,55823786390a155f831f982af9e088aa,non-GDPR
germany/bavaria_privatesector,606ffe5e9f77a728250ed175ff0f8b58,non-GDPR
germany/bavaria_privatesector,56d38fd3f4f1d5c2b7039f5c45a118d1,non-GDPR
germany/bavaria_privatesector,7e373e7301a03227b3ddf83d63d9ca82,non-GDPR
germany/bavaria_privatesector,8378ed10c9c340751e04a82e90e76ebf,non-GDPR
germany/bavaria_privatesector,b9614c36c85f3b2bd639999935ccf499,non-GDPR
germany/bavaria_privatesector,d5817ef974198d263edb4ca39861360a,non-GDPR
germany/bavaria_privatesector,9293a69d39c8977591dff9c6cafc5f40,non-GDPR
germany/bavaria_privatesector,a27448a19f0325c06848da2428c762c3,non-GDPR
germany/bavaria_privatesector,4180b86d078173f443a2346fe036e354,non-GDPR
germany/bavaria_privatesector,f3b776a022e3b135b17fe184310a993e,non-GDPR
germany/bavaria_privatesector,d8f9a42aebe7ec8f2e7daf903f11dd6e,non-GDPR
germany/bavaria_privatesector,07dda0f5bdff3ed34c2cbef1c93bc53a,non-GDPR
germany/bavaria_privatesector,42fa3c5d9d45a40ec72a4d61cedc8d62,non-GDPR
germany/bavaria_privatesector,5e07daa74de20126593d095ad5ebe67f,non-GDPR
germany/bavaria_privatesector,430f8971cb024f6a9dd5efe15770a9e2,non-GDPR
germany/bavaria_privatesector,3f3475aed6963fb6821e1f5f315e2a82,non-GDPR
germany/bavaria_privatesector,aca7b6f0fbc4be9aa5fc989ce37ca919,non-GDPR
germany/bavaria_privatesector,5977168aa18409273b03cd8ba6ed4a8c,non-GDPR
germany/bavaria_privatesector,aece2411938e0a11eb3c636c058e9aa5,non-GDPR
germany/bavaria_privatesector,70ce9c6239ccf7d236da6926b7dde2a4,non-GDPR
germany/bavaria_privatesector,43ff1bc264e2f7e07ce16907c66366e8,non-GDPR
germany/bavaria_privatesector,346e325c7691b8f8f6b8a26cb6aa5698,non-GDPR
germany/bavaria_privatesector,634b7bc0cbab11cadb17b6c375c4e7cb,non-GDPR
germany/bavaria_privatesector,f48f931610a8904745a81f375cb65b49,non-GDPR
germany/bavaria_privatesector,af819c614afcfaa0a58622ada2d010ba,non-GDPR
germany/bavaria_privatesector,3a1f6e9baed032cb895d020c27ecd4dc,non-GDPR
germany/bavaria_privatesector,ce0f4378e8fa849302b63f6606ff7bbc,non-GDPR
germany/bavaria_privatesector,12bbddeadd8187f7d407c465183551ab,non-GDPR
germany/bavaria_privatesector,674e69b89f340142af519c2ffb78c01b,non-GDPR
germany/bavaria_privatesector,8248970f7aaf8a4ff9551b642bae7e89,non-GDPR
germany/bavaria_privatesector,f160022dbe95cf0071c028db430d001a,non-GDPR
germany/bavaria_privatesector,3db3934d6cb0dac1ad11541e4e833709,non-GDPR
germany/bavaria_privatesector,847af73df73829fbb644af653801add5,GDPR
germany/bavaria_privatesector,81a5c521d562e3cbb5597b280dfc23af,non-GDPR
germany/bavaria_privatesector,dbec6bdde1a91286b156bbffd8631c65,non-GDPR
germany/bavaria_privatesector,cddc5443969146479f75bbc422b52085,non-GDPR
germany/bavaria_privatesector,6bf15f7fc7169df74b7a4c521de023f8,non-GDPR
germany/bavaria_privatesector,37434ca4d655044c6a0b568b2fa7e63f,non-GDPR
germany/bavaria_privatesector,0e0f769635b7190a0796c4c570d6320d,non-GDPR
germany/bavaria_privatesector,d8cc42399cc0591619340e788e669163,non-GDPR
germany/bavaria_publicsector,44763f18f3223b75a54ce98d30d6a635,non-GDPR
germany/bavaria_publicsector,ffb935b4757d996d5a7f5c7640149f2c,non-GDPR
germany/bavaria_publicsector,a942bf58af59c505736dc4f512f18ddf,non-GDPR
germany/bavaria_publicsector,f7553cae56d190d99ddbd8b1c5973a39,non-GDPR
germany/bavaria_publicsector,cd72d0939ca145a0d886c5d6d56b545d,non-GDPR
germany/bavaria_publicsector,7eb6f1e2016335e9f0363f4bb1d6e9b8,non-GDPR
germany/bavaria_publicsector,7c0633a5ba63b6ab7d7c19dddc2a90d2,non-GDPR
germany/bavaria_publicsector,f1627670ec7d58b050ac365060621d54,non-GDPR
germany/bavaria_publicsector,79128ad541277249e8c4fe6ddeff2f51,non-GDPR
germany/bavaria_publicsector,ee8fecc879f10219edf1b0f44153c2c2,non-GDPR
germany/bavaria_publicsector,53c0195fbfcdeca57ef6ed46b62f6fcf,non-GDPR
germany/bavaria_publicsector,e799ffba513d83c9709347ae6e0fa821,non-GDPR
germany/bavaria_publicsector,552ac7afdeaca85f908d6ed74aaab843,non-GDPR
germany/bavaria_publicsector,2c1ec7d646446c154f1f8a85b6d36429,non-GDPR
germany/bavaria_publicsector,4d9a974771d70c475b66337c02bb925f,non-GDPR
germany/bavaria_publicsector,ce6b1ce943aa7a31617adbcf4f64bced,non-GDPR
germany/bavaria_publicsector,345ae67331bedf5ed74380fef6cd2f34,non-GDPR
germany/bavaria_publicsector,f0c3f60706e2fe3deb7dc87675179a5a,non-GDPR
germany/bavaria_publicsector,4268c944160681dc671af42f75d36bec,non-GDPR
germany/bavaria_publicsector,40ac0605805a9e53c3d2704d0d86ac4c,non-GDPR
germany/bavaria_publicsector,072e216463aec11d0992793b22830a5a,non-GDPR
germany/bavaria_publicsector,380e70893e0c826aa54405de5a5dc8d1,non-GDPR
germany/bavaria_publicsector,87f7162196193e4a53984e7cf1e42f1f,non-GDPR
germany/bavaria_publicsector,cbbca3a62c4af9706d6cbfbcc882830f,non-GDPR
germany/bavaria_publicsector,25e57a3c90f04dbe0c71c1d6430fd0ac,non-GDPR
germany/bavaria_publicsector,2ede1da39749c8a6521ca70676ce2f09,non-GDPR
germany/bavaria_publicsector,2a7206933a17651f274fc937f80f3d17,non-GDPR
germany/bavaria_publicsector,4e993cb035716e2f7876852785e869bc,non-GDPR
germany/bavaria_publicsector,04f8605e33127afa294dc523a8f47324,non-GDPR
germany/bavaria_publicsector,ce47b586befbee66478924968d56fe4a,non-GDPR
germany/bavaria_publicsector,2b7d434b73c2f6e1060abc7bb53d7222,non-GDPR
germany/bavaria_publicsector,cf2d034355ccc4f1579782e72735a002,non-GDPR
germany/bavaria_publicsector,d35ba06cfa50cd58e28105f05861b9be,non-GDPR
germany/bavaria_publicsector,c8a5c9ae4930d401c06273267135b6fc,non-GDPR
germany/bavaria_publicsector,bfb299e824489310e5ce6b9b9b451f52,non-GDPR
germany/bavaria_publicsector,0ac0a1db073a41088e6c9992155480fb,non-GDPR
germany/bavaria_publicsector,a520b07dcf66b723243f4ff257922067,non-GDPR
germany/bavaria_publicsector,5629bbf235f849b2002822a028e760c8,non-GDPR
germany/bavaria_publicsector,71800d8cef6ce9d82aedf594dce00197,non-GDPR
germany/bavaria_publicsector,f5da6d60f4a220bc64444baff235f711,non-GDPR
germany/bavaria_publicsector,3f3475aed6963fb6821e1f5f315e2a82,non-GDPR
germany/bavaria_publicsector,55e7c2d790e7a07f759f3f6db17cd455,non-GDPR
germany/bavaria_publicsector,50b84b5d133ce6329ba352e4a021aac2,non-GDPR
germany/bavaria_publicsector,f5c7c626cee20f4e831d1fb905043b2c,non-GDPR
germany/bavaria_publicsector,2752e976c115187d6f2cbc1f680665ef,non-GDPR
germany/bavaria_publicsector,2491206f6f51f871bf8b94b70bb0259a,non-GDPR
germany/bavaria_publicsector,fa91a3e350eadd33b2df24e81c3173e4,non-GDPR
germany/bavaria_publicsector,7a95f2cad934029ae685aae303aa73f7,non-GDPR
germany/bavaria_publicsector,1d5e4f45d355be3a736b467a6b67ea08,non-GDPR
germany/bavaria_publicsector,8415f84a2f81b827086bf33a3d665e9e,non-GDPR
germany/bavaria_publicsector,9abb38251eac2fc18bbd944718fdd930,non-GDPR
germany/bavaria_publicsector,43dcb093a0577a3b222a7eff12223d78,non-GDPR
germany/bavaria_publicsector,279ee8386779f7c2f1a37d34ba35bec3,non-GDPR
germany/bavaria_publicsector,aece2411938e0a11eb3c636c058e9aa5,non-GDPR
germany/bavaria_publicsector,17978e01ba8380ad4c04ad4848bc125b,non-GDPR
germany/bavaria_publicsector,6821e0407a7b9829c5c6439a19a2c1d8,non-GDPR
germany/bavaria_publicsector,fa0e8fea3039dfd1e87dd7a22446f4d3,non-GDPR
germany/bavaria_publicsector,670ca63b85370ae1fc1fdb0e3c867987,non-GDPR
germany/bavaria_publicsector,4ae8d971b4bfb4475af0c9144f8a0b83,non-GDPR
germany/bavaria_publicsector,dcb36dbdb49adbe86b2562b04a207b14,non-GDPR
germany/bavaria_publicsector,7d0762ab5e7d9f71c189a0c0f674712f,non-GDPR
germany/bavaria_publicsector,edac5d32874d73c7eaa7304f54a10b23,non-GDPR
germany/bavaria_publicsector,21d1d384d855abb2d85f80d9a34c09be,non-GDPR
germany/bavaria_publicsector,be25b90018809825fb9e217c5257bcaf,non-GDPR
germany/bavaria_publicsector,a0834023f0e1a9ef8a72062d9f074cc1,non-GDPR
germany/bavaria_publicsector,89b3e457da2a60d0d5f78ddd597ebec7,non-GDPR
germany/bavaria_publicsector,f4e93a697a820534a2c9de4afa645c90,non-GDPR
germany/bavaria_publicsector,8124d756b8b879179fce744aed290706,non-GDPR
germany/bavaria_publicsector,b37a5a6c598a267aecfc1ab3af18523a,non-GDPR
germany/bavaria_publicsector,2824e8ec054733020b324351a59db198,non-GDPR
germany/bavaria_publicsector,6da2503b3c90bec3a34608708ae3537a,non-GDPR
germany/bavaria_publicsector,66a48e1a0af7bb8cdd8453a1366f25a0,non-GDPR
germany/bavaria_publicsector,3fd3d9e28f715119fd77eba9a5c4984c,non-GDPR
germany/bavaria_publicsector,cf9acbb7be7bb46ebb0d6183fc43f3c8,non-GDPR
germany/bavaria_publicsector,9b0c8a7a74a64f39d59e1d1be1d84c16,non-GDPR
germany/bavaria_publicsector,1fb6eae458d3440dbe6252d5d8453611,non-GDPR
germany/bavaria_publicsector,c128025bf6843aa7f7964ec98008faee,non-GDPR
germany/bavaria_publicsector,aab12df30d0359a5c233dac79baaf1bf,non-GDPR
germany/bavaria_publicsector,29ae231546d26ac4e19884afdca80114,non-GDPR
germany/bavaria_publicsector,ceed4cb1b0237509aaec452ca008c144,non-GDPR
germany/bavaria_publicsector,c38606106931cad3f17afd03c26e81e9,non-GDPR
germany/bavaria_publicsector,73c7c2a2e1cfb09da9366d6f68621dca,non-GDPR
germany/bavaria_publicsector,5fa5f1ec22054edf56fdcd76d6042d9f,non-GDPR
germany/bavaria_publicsector,4e24c97d6da06751af59f33f7b65631c,non-GDPR
germany/bavaria_publicsector,51f8452489a498b544b8b72cb979d81b,non-GDPR
germany/bavaria_publicsector,ccd34f4e90c5ecee53c07efb65d613ce,non-GDPR
germany/bavaria_publicsector,2cd06b332f7cb6583d6a82d93e93d45e,non-GDPR
germany/bavaria_publicsector,fb4fe086c84c244779d822c7ed181ccb,non-GDPR
germany/bavaria_publicsector,4d49f18242840b3dbdef1d9a2b7d9429,non-GDPR
germany/bavaria_publicsector,e3d7d28188243d9701bb9d990e15c38c,non-GDPR
germany/bavaria_publicsector,9159f2c0213ac1accf5a7db7fc3daa67,non-GDPR
germany/bavaria_publicsector,40cb438d731601644aeb21180d573e73,non-GDPR
germany/bavaria_publicsector,af7b24800f286a4aafee05d221b187b3,non-GDPR
germany/bavaria_publicsector,57cbe78e2f2353d17d44e08db4ced4df,non-GDPR
germany/bavaria_publicsector,b097c5d7797a08945892cc2028a3675e,non-GDPR
germany/berlin,0a7ff04fa54fb78362b10d9804b10039,non-GDPR
germany/berlin,2fc3dc44a34aba48903fa3f4619a2059,non-GDPR
germany/berlin,521cd51d0634b69245830af35ed82d11,non-GDPR
germany/berlin,4d293d4b27e26cf30325d95ae8e70188,needProcess
germany/berlin,73b009084bb0a828915df0bb6e2b12a4,non-GDPR
germany/berlin,180f2ee8134eda1f5638668072a2b73d,non-GDPR
germany/berlin,3979b11af140753a3e3c9a133cb9022d,GDPR
germany/berlin,545454ae7f783ded745ea2cf3e4c2e7c,non-GDPR
germany/berlin,93a495627ac9045952e720fa7a59cd1c,non-GDPR
germany/berlin,34f5458cf428334e5b053a9cd862aee9,non-GDPR
germany/berlin,1b11148f4ac872b52a496c876d10ca7b,non-GDPR
germany/berlin,8a31c112bf532473a3a09b8fdc2c3439,non-GDPR
germany/berlin,08332082bdcd0cfdf73537ae5173f37a,non-GDPR
germany/berlin,37e095455c5105ba797f42f58c640d75,non-GDPR
germany/berlin,ea421b081e8c3166e14490274f970265,non-GDPR
germany/berlin,42137d88ffa0b73fe998cb0a743be419,non-GDPR
germany/berlin,1d76f0dd030abb6745ef7d777cbc78f3,non-GDPR
germany/berlin,e1fb08193ed64d6643dbcf035a6ec179,non-GDPR
germany/berlin,34bec384869ba5262afb8813011a96b8,non-GDPR
germany/berlin,836e0a6acc035f2a6c2858cf9888414d,non-GDPR
germany/berlin,3781e2d76a940241ffe038b01174fe57,non-GDPR
germany/berlin,1401d0e97cb26b3acbddbaac7cfddabe,non-GDPR
germany/berlin,db8760b6cd5bc0131f3533ec3475f43a,non-GDPR
germany/berlin,10fc0f995348e632e912642d88035c7c,non-GDPR
germany/berlin,390d398c1f51f9bdd39363ca62e6b8b0,non-GDPR
germany/berlin,a7553eaed686b59b5e46c2e3bc8830ea,non-GDPR
germany/berlin,e75d01845fcc60d1cd8350d33764ca3c,non-GDPR
germany/berlin,2654abc6307e07d1d944635732258d61,non-GDPR
germany/berlin,d97ca6262a140f67b59731cc26271508,non-GDPR
germany/berlin,eae3f8a8b3d1807f8740442494297fc8,non-GDPR
germany/berlin,a222620d231d89161d5402e74a9a3969,non-GDPR
germany/berlin,eff38add78cec5cb0c477b2f4d0b417c,non-GDPR
germany/berlin,80028b044c121f23564792954054389c,needProcess
germany/berlin,c21df63486c99ca5b77af35aa6a9221d,non-GDPR
germany/berlin,cd20d939a76467e116fcd06734282f69,non-GDPR
germany/berlin,a813af84326db6cc41fc6f17412d999c,non-GDPR
germany/berlin,10b57ceca743aa860d892a0884fad33b,non-GDPR
germany/berlin,74bee621e2684b8346bcbd7094fde8df,non-GDPR
germany/berlin,f9a29f6e9cce9c03fcf45469d21bd094,GDPR
germany/berlin,8375cc698a9831fe0ca1d9e086f97612,non-GDPR
germany/berlin,1678ecaa6e6e7f4ed2bef9b165f7ef2b,non-GDPR
germany/berlin,1a5fb8f838aba0bc0aa6191110c09ea8,non-GDPR
germany/berlin,c0b2f81a61a1b99e16d6648f2c7e7621,non-GDPR
germany/berlin,808a243aabb11b5e780e5176024a76a1,GDPR
germany/berlin,39ccb68c6c545ddec1bb0854f0f5498c,non-GDPR
germany/berlin,a23712e5eb129f2b7e98e2d0d84f3362,non-GDPR
germany/berlin,653b6e0080e20004b37d84694b4e9a19,non-GDPR
germany/berlin,9200b267680f5c1afb822cf805655813,non-GDPR
germany/berlin,36f835d6aaa5f8c57aabc3ee52d93e30,non-GDPR
germany/berlin,14febfa8fb1844062627fc5791353926,GDPR
germany/berlin,13f5e685fa3ead3dd01c0b5f068959b8,non-GDPR
germany/berlin,72ba512a3f8658000a771ce35a00f47c,non-GDPR
germany/berlin,79b3f59325261dbd054e56265f3ad7ff,non-GDPR
germany/berlin,c87f8684c0a23491fbd60d3949ecb8f0,non-GDPR
germany/berlin,9c6d2b2a85d0552cde4b08b891580fe1,non-GDPR
germany/berlin,bdc26480fd05e9d2b4e4597ef2472bab,non-GDPR
germany/berlin,1db1874fc143fb47e98738672a471e2c,non-GDPR
germany/berlin,29a6eed200492003b2f0772b66dc2e68,non-GDPR
germany/berlin,678f002eac300c6e34c662881ce94e99,non-GDPR
germany/berlin,7d73c02a5265419764b9a037e3a47dbb,needProcess
germany/berlin,c38b61183abd15c0c6a8775650f94f36,non-GDPR
germany/berlin,f6e570df3780c32066cb709ecff4a08b,non-GDPR
germany/berlin,0d7e583224a8a932fd88e4bad86f1ad7,non-GDPR
germany/berlin,4e5928eed541ba562a636a9149ded037,non-GDPR
germany/berlin,0d6ae8cd013715a25d755f3eeac159e9,non-GDPR
germany/berlin,52d188a57f3bbbb4ccad44473c8ff85d,non-GDPR
germany/berlin,c5941b3eca602610d299f23751c52356,non-GDPR
germany/berlin,935e0bb193514240d591141a0c61bb22,non-GDPR
germany/berlin,c88150b573d6866aee27b0ac6fa0ae89,GDPR
germany/berlin,24e03433ad9f20e2337e50529e3a9b6d,non-GDPR
germany/berlin,a7ea2df288d8ca843cd1335fbf3677b6,non-GDPR
germany/berlin,f2271ac346bffe8c447470aeb0d8bff5,non-GDPR
germany/berlin,acc6d3c6720c9e7af566cc3ac63838ee,non-GDPR
germany/brandenburg,7e503216e89f8ec8bf698d1c5cde70a2,needProcess
germany/brandenburg,e25b83f05153c23dc66dd2b6183a9f25,non-GDPR
germany/brandenburg,497588825c579882e1b1a7639c780826,non-GDPR
germany/brandenburg,6476fa29b76ade996a87d2960c0a6d81,non-GDPR
germany/brandenburg,a172697c0315ff47ed82728fc1c0bef8,non-GDPR
germany/brandenburg,4129d77ed11f591f26bf7175f24b6d3a,non-GDPR
germany/brandenburg,1c9648abbccbfae540b3b9eb7f189efa,non-GDPR
germany/brandenburg,98868a43b4b1f51d5688a98800736aac,non-GDPR
germany/brandenburg,05fce6680ff85aaae1f35c3506b1b4ca,non-GDPR
germany/brandenburg,c4996b8b9ca0bb465dc8ad1f2ff776d3,non-GDPR
germany/brandenburg,f72950b733104ea336fa5158c964ec43,non-GDPR
germany/brandenburg,f29d262cadb37c82414bb19ac47ec02d,non-GDPR
germany/brandenburg,bd00ec33bfc2a8d48569bc9174088ab5,non-GDPR
germany/brandenburg,aeaf460de5f41bcba1f30a5c2da73948,non-GDPR
germany/brandenburg,9a36b1b9f5556a17b6658b8ad8071d25,non-GDPR
germany/brandenburg,65813a24fac976a4d50df5befe5cecdc,non-GDPR
germany/brandenburg,1e7bc1819e4903e97196b163ecadcd5d,needProcess
germany/brandenburg,d00255c11cbd136922eb743f7470d95e,non-GDPR
germany/brandenburg,39531a282467047d5f35268a4d515d9e,non-GDPR
germany/brandenburg,7f6fdaf8ba8ef3a202498fdccd7afdc4,non-GDPR
germany/brandenburg,8dbcdc88942f075918d931cb3af6b5f5,non-GDPR
germany/brandenburg,c88b50bf2c5558bb22d8ae0b1c54d8b8,non-GDPR
germany/brandenburg,af819c614afcfaa0a58622ada2d010ba,non-GDPR
germany/brandenburg,05c14f5882ba79fa70c9a5a7c4a7e1d5,non-GDPR
germany/brandenburg,7e52fbfca86dd456ae3c9f9fa71ffa05,non-GDPR
germany/brandenburg,62e376d95333bd633ffada56e4eed25a,non-GDPR
germany/brandenburg,9febe3199c0acc3311174fb81e88f655,non-GDPR
germany/brandenburg,cb36506defb4e3c3069f04d55a3d8441,non-GDPR
germany/brandenburg,00e332a432ae551c64aefbe30cd91beb,needProcess
germany/brandenburg,ff1c21600637fdc025d0fb0ca5bb87d0,non-GDPR
germany/brandenburg,df12c2555f29f75b37fd628fc1d87c73,non-GDPR
germany/brandenburg,eda7746eafceec7fbe898d46c5850ce4,non-GDPR
germany/brandenburg,a62a858fece388284a973cdf2d0820cd,needProcess
germany/brandenburg,f664ab4c72c16923188f6bd3dc6d47b7,non-GDPR
germany/brandenburg,b3f12bf706801c56f914660a507743db,non-GDPR
germany/brandenburg,9fb03ca00d52a6d9fa0019186e90d538,non-GDPR
germany/brandenburg,0beb00920e1c957483afe632a35f8f4e,non-GDPR
germany/brandenburg,d365a39ccede5d173c30972373a16d6e,non-GDPR
germany/brandenburg,6d8628d5b70e055a9787ec81181c72a1,non-GDPR
germany/bremen,293c3f0171b67430c04377982d9c3832,non-GDPR
germany/bremen,b2d6503478205889eb3038b85c576b93,non-GDPR
germany/bremen,45b6847b14fb349aac48f074af3ff5a1,non-GDPR
germany/bremen,4e0735fe20178373949224736a543683,non-GDPR
germany/bremen,7bb136d1ff67768b837ba639b23c116f,non-GDPR
germany/bremen,8b3315270694090cb4ca925fe7340fb8,needProcess
germany/bremen,d77367e382faac4bd0f4559972e12901,non-GDPR
germany/bremen,aff40c97b666346a0fdc2cd1ee5ef331,non-GDPR
germany/bremen,cae8297cd4dab8987d4185a68b94848c,non-GDPR
germany/bremen,5834476cbf58c77563247fc6200b33a6,non-GDPR
germany/bremen,3d64325399940ae7446a23cf9d113335,non-GDPR
germany/bremen,435ac936e047f52282986601af657177,non-GDPR
germany/bremen,8aa1c26f3d6173109e69f16c422135c6,non-GDPR
germany/bremen,701bf740c16cf5889913546fc6365b78,non-GDPR
germany/bremen,2660bc5659f81780a62608e523e98063,non-GDPR
germany/bremen,2c9d8b9ff767788118d2de491c7d3c48,non-GDPR
germany/bremen,631f4860d9f0cd70aabf0ef63eb90e63,GDPR
germany/bremen,9326b5ecd5e1fb797b99974f5fe709a5,non-GDPR
germany/federal_DPA,768c398c82946a6f71477e724acff994,non-GDPR
germany/federal_DPA,5e4c193e4e6912d0564cc4f81d9e76a1,non-GDPR
germany/federal_DPA,618b803ea5a8f6d4fda5fb23bcb1bbd0,non-GDPR
germany/federal_DPA,4e8a73f65fc0005c26551ee76a33123b,non-GDPR
germany/federal_DPA,c056fc291ae4344ffdab76c6c525a523,non-GDPR
germany/federal_DPA,2b3fc5e20c5968323f13751d3e638b7b,non-GDPR
germany/federal_DPA,4d6501dcac5c45e23bef6d6abde9c7ad,non-GDPR
germany/federal_DPA,f0a124a358ca64ab525749f4824d2c82,non-GDPR
germany/federal_DPA,d617b2b5043c5e011a59cf2f63aa858c,non-GDPR
germany/federal_DPA,ada9aac40725e23f41cca2d85b6894f4,non-GDPR
germany/federal_DPA,466ab2910fcaa5b350d2186940eb131f,non-GDPR
germany/federal_DPA,ed4bb11c2fc7d616f078e7f6e2b5e87a,non-GDPR
germany/federal_DPA,19f75ca24a37edab4910ac29bb963ee9,non-GDPR
germany/federal_DPA,b0afaa0dc84e642e60cd3087a44cd82d,non-GDPR
germany/federal_DPA,7b096ad1193166dcbfef99f91ed6d0fb,non-GDPR
germany/federal_DPA,6a6ba1807d3d47232993fda4cd83a99c,non-GDPR
germany/federal_DPA,a20d5cb185fb71de9ddd74e793d2dcbf,non-GDPR
germany/federal_DPA,a3ddd6cb01dcaa7c9a3ed60490033a1a,non-GDPR
germany/federal_DPA,608a1643cb7756268f2d23e6c6948383,non-GDPR
germany/federal_DPA,3504ab776606903b83e62817ee173424,non-GDPR
germany/federal_DPA,5d5973f4943e00018ba9e775a7e971c1,non-GDPR
germany/federal_DPA,f1d6e4bc059fc4ab245ab7553953e900,non-GDPR
germany/federal_DPA,963d072097f2d7287f8ec5e7cb313910,non-GDPR
germany/federal_DPA,8a1f65b473a2438bde47096f4ef1fd88,non-GDPR
germany/federal_DPA,097008aad7be31c08a19e11a93ef6e0c,non-GDPR
germany/federal_DPA,07c558ece28d3c6a2a45076b5ab811c9,non-GDPR
germany/federal_DPA,3fc14220863ca23579f2408ffcaa6463,non-GDPR
germany/federal_DPA,c17701c976700e05d1bb8b39ea84f0a8,non-GDPR
germany/federal_DPA,6decf2113e58fcff0483132c7a11eea4,non-GDPR
germany/federal_DPA,b7ef342647167232a1fbccb2973a7c1b,non-GDPR
germany/federal_DPA,bcf7aeab4f715c62411a713cffd0d467,non-GDPR
germany/federal_DPA,41dc17ea6e43acb0c0e5d141d829ba76,non-GDPR
germany/federal_DPA,52559ea5e83c099d5a97f50702d959f0,non-GDPR
germany/federal_DPA,b0255a657a6ee1803d62bb41c67130bb,non-GDPR
germany/federal_DPA,ce47b586befbee66478924968d56fe4a,non-GDPR
germany/federal_DPA,17f76dc4b39147e6d6323eaf20dcf266,non-GDPR
germany/federal_DPA,759eeedd06749139843c35499a4dd4fb,non-GDPR
germany/federal_DPA,97d8e326903d1cee352c6ab845ee84b7,non-GDPR
germany/federal_DPA,501a49d3998ef1ac25ff049c501d126a,non-GDPR
germany/federal_DPA,f7dfd00ba9cb9dcc9d824f4a4dc0225f,non-GDPR
germany/federal_DPA,45dc57652c60c95b93502ca36f737e9f,non-GDPR
germany/federal_DPA,d53080dd9ef5764d0d45183dcb51e7bf,non-GDPR
germany/federal_DPA,b042952982b28789aded915859a36509,non-GDPR
germany/federal_DPA,8224c65a814074ff720c5475763ca180,non-GDPR
germany/federal_DPA,c909a1014534d8c62adc5fd54b15e810,non-GDPR
germany/federal_DPA,ea41ab14fe0c35745108ff7a84eedf88,non-GDPR
germany/federal_DPA,82486f376a6ae893e0b0f128f33b7253,non-GDPR
germany/federal_DPA,c92c49dcde0376f9dfa85a4f99b365d8,non-GDPR
germany/federal_DPA,6773c93e75f8a884fca99d536d379555,non-GDPR
germany/federal_DPA,291c0b95c1c58bfe79d008084b49dcf9,non-GDPR
germany/federal_DPA,6ea46c76516949f20bae3ddf2030d729,non-GDPR
germany/federal_DPA,63db1922976fc7e7f56e7ac020727f92,non-GDPR
germany/federal_DPA,392924ead01830e4694400e8ac7de067,non-GDPR
germany/federal_DPA,8b1285bb5bc8c498c77939375b6b2919,non-GDPR
germany/federal_DPA,8fd18bbe24a496e4ac8ec681609a49fe,non-GDPR
germany/federal_DPA,3e15dcfabe084665ee149950a2788076,non-GDPR
germany/federal_DPA,1576e4a4f43eea63240ac763088ea1c5,non-GDPR
germany/federal_DPA,42991f06a58ab41359651824d01582f2,non-GDPR
germany/federal_DPA,f150c5b8ea48e441f80d9abf46719e13,non-GDPR
germany/federal_DPA,43576d7d67139a3d8486a0f30b0537c3,GDPR
germany/federal_DPA,6b38920e779762a85e830cb85023abf5,non-GDPR
germany/federal_DPA,df7e13c8a0bb559fbca262467e1700b1,non-GDPR
germany/federal_DPA,c934b5757f5e10f09ded06f39fa914de,non-GDPR
germany/federal_DPA,fb0efe769861e99b8bc61d9ed7a8c962,non-GDPR
germany/federal_DPA,42c5377ffaf1e6b92c9dc69fd3ec53c2,non-GDPR
germany/federal_DPA,61d6e0c6aa344204e58a360549c2a410,non-GDPR
germany/federal_DPA,02aa25b5bfd38e3334f77e1aeeac49db,non-GDPR
germany/federal_DPA,17c96e20a95192b9bf6f7d8e69080835,non-GDPR
germany/federal_DPA,1d8e6f09e0320ce5a86239f546246166,non-GDPR
germany/federal_DPA,275e4fb598bb8cfe72cdda9f7e0cac26,non-GDPR
germany/federal_DPA,6c77aadcf1288f4fcb855565e3e9e05e,non-GDPR
germany/federal_DPA,cf6cf63acbd924d6231794d90349ca2c,non-GDPR
germany/federal_DPA,598dbeb57f70fc139bcb8473768c9f8d,non-GDPR
germany/federal_DPA,cdf8fd40ed745a785d744b6f98fd43e5,non-GDPR
germany/federal_DPA,6c2a243a6f12f899faa17a272077c050,non-GDPR
germany/federal_DPA,36a9b04d51bfac3934ee0766caf78c5b,non-GDPR
germany/federal_DPA,f3d331befa4f2ee6720e74276853cfc6,non-GDPR
germany/federal_DPA,d4e3dd287eef684fda7e2208b28e2cff,non-GDPR
germany/federal_DPA,f85b1ea8896a844a1e509def0b206a6f,GDPR
germany/federal_DPA,8008b80a56449c58a99651f84502828b,non-GDPR
germany/federal_DPA,5c3be61c4eecbfefe3cedf084dcaf18f,non-GDPR
germany/federal_DPA,3cfa7c322303571d5a9c803616a256d5,non-GDPR
germany/federal_DPA,4a3116c87d63246b3fc98e259bb39ec5,non-GDPR
germany/federal_DPA,502c77f49bdba8a7b25d9e661423b8a8,non-GDPR
germany/federal_DPA,ac6dbdc528b30a9f38b3039e82623518,non-GDPR
germany/federal_DPA,7628e398e23edf5a618f5860aed39c9e,non-GDPR
germany/federal_DPA,5ee3b3244f407fdc368b8d3ad806e010,non-GDPR
germany/federal_DPA,0449fd1783b495d1a64a8e22b5541706,GDPR
germany/federal_DPA,878a6d6ffcda7eabb1167038db60ed73,non-GDPR
germany/federal_DPA,1e9ce304b3040a0d015261ef4f8971bc,non-GDPR
germany/federal_DPA,2a48ad82870bcb98b2ce97dd13850955,non-GDPR
germany/federal_DPA,60b5dfbc75fc6e0df457cd675e6b3f61,non-GDPR
germany/federal_DPA,ffb3a24e04ad46542239917b5d2a19c7,non-GDPR
germany/federal_DPA,6b8ab3a7de6e589f8e1f887b0f90d2d3,non-GDPR
germany/federal_DPA,3bf738d00ed05feb8bcb1b8746a369a9,non-GDPR
germany/federal_DPA,49c1bf75ec4cd096e0039e69e19a6cac,non-GDPR
germany/federal_DPA,37e7c0aa264d35213155131cbcc21578,non-GDPR
germany/federal_DPA,0bfc2c13d3c94038d8c28271a46e7326,non-GDPR
germany/federal_DPA,6b11a70c1699831f2f1b252c1f38d674,non-GDPR
germany/federal_DPA,9d63de582470329e05fd6e77781e9bb1,non-GDPR
germany/federal_DPA,4680813270b0ab771730ff8a89d0a837,non-GDPR
germany/federal_DPA,5e917487659ca4d9bf813c6268a53e64,non-GDPR
germany/federal_DPA,ba07d7002cc1766cbdc73f2de09d5268,needProcess
germany/federal_DPA,280e6dbf21dbddfa59a4b4dbb6cb1d7f,non-GDPR
germany/federal_DPA,be8ec74a7f636524199186032991b850,non-GDPR
germany/federal_DPA,339c77d4c73d358dc5e20c7ac0c7af84,non-GDPR
germany/federal_DPA,406e0b4b260fe4dfdde04fa3287c8d8f,non-GDPR
germany/federal_DPA,3e7668f2d34c245694c8e947dc94d339,non-GDPR
germany/federal_DPA,1a4028fbd60f9295a4ae0ff8f9086ed7,non-GDPR
germany/federal_DPA,fc77edef71081bc6c036eccbf84e0cbd,non-GDPR
germany/hamburg,b870015efe1df1f26978297bae23aef2,non-GDPR
germany/hamburg,6fd145d98b8b0fdb1db552117bd27228,non-GDPR
germany/hamburg,d331d0d9acc6ffd78b585f710bd00867,non-GDPR
germany/hamburg,c74941f3eb796b73bd1adae9cb4234b8,non-GDPR
germany/hamburg,9f4ea4bf76e7f81335b682a0ec02eaf4,non-GDPR
germany/hamburg,bd295f9bc1fa5db2c468a9990abac2fd,non-GDPR
germany/hamburg,afac838d458b8c2cb4e2c9e135222c65,non-GDPR
germany/hamburg,fe03a400d013df5594c319bee01d8565,non-GDPR
germany/hamburg,0642d8afe32e76372f2568e90d72f788,non-GDPR
germany/hamburg,5548e37f2e9720922762a6c56f423f5c,non-GDPR
germany/hamburg,60143b7b44cbc33c52504a755ee63f0e,non-GDPR
germany/hamburg,f0848afec482c059b4685c35c622500d,GDPR
germany/hamburg,58264c59d1c90255db034f8633f5c740,non-GDPR
germany/hamburg,e4339feedd32b2a5cd57ebd9177fc78a,GDPR
germany/hamburg,8b04d64c3c2babe2cdd8024461eb2d46,non-GDPR
germany/hamburg,36816f5b116a193ff41c2bccbd8bc547,non-GDPR
germany/hamburg,e82c42935ac4b540a51d3662454d5ba6,GDPR
germany/hamburg,f334135fabc944005cc54310cd296713,non-GDPR
germany/hamburg,76b095960bdfc501a181c6b0759787f6,non-GDPR
germany/hamburg,cc075d14ced40f31e5739ffc1dbac700,non-GDPR
germany/hamburg,d674e2a551e51a10bd88ec153ca42b8d,non-GDPR
germany/hamburg,93c31f0231351d5749814007b4e5e3e2,non-GDPR
germany/hamburg,f71efbf995540a5a77597f3a202682d6,non-GDPR
germany/hamburg,a0367eeb12c3d6093f2783a934e1a1d0,non-GDPR
germany/hamburg,bf9182a6cd8b4653501adf38e5876b93,non-GDPR
germany/hamburg,68618ff80637d7c800d084d9441cb5b4,non-GDPR
germany/hamburg,3e1eb7754bc070acf61b6598c42cda06,non-GDPR
germany/hamburg,39cb6ce335119ba1bd0d85820cb91d56,non-GDPR
germany/hamburg,f741fb6ad183ee9a98464912b04fc713,non-GDPR
germany/hamburg,9b1faee32f32bc7669ac6309cfd96ff6,non-GDPR
germany/hamburg,279ee8386779f7c2f1a37d34ba35bec3,non-GDPR
germany/hamburg,319ad730fb519737c9954c7b55c2ea8f,non-GDPR
germany/hamburg,12568aaf707837fad8b945b822372a7f,non-GDPR
germany/hamburg,5d12655dd3d829e5e8800fa1368432d1,non-GDPR
germany/hamburg,1e0627e6f0117b45cd5adb2268c2deaa,non-GDPR
germany/hamburg,73f1b18676a327207bd98d5dae9e74c9,non-GDPR
germany/hamburg,b6408b5c4f4566b381fe57afba2fbb60,GDPR
germany/hamburg,c91803d85b483356d0374a2ea8d10d48,non-GDPR
germany/hamburg,99596e92162ed8bddd2a469c0fc4eb2c,non-GDPR
germany/hamburg,c869ccd46febfdf8a32df1330e982719,non-GDPR
germany/hamburg,e9648fdc84677ee3dcb77ea39ad58a40,needProcess
germany/hamburg,23c37de3750c3f42fb4d673a7e83bfb3,non-GDPR
germany/hamburg,13d24cb20d5b177e06adeaab665f726d,non-GDPR
germany/hamburg,252c69f0ed2ef3f24ee756413cd3828c,non-GDPR
germany/hamburg,397591eed779228d750599ed060c3455,needProcess
germany/hamburg,d1186c1ae606a4a8805989a8a1c16578,non-GDPR
germany/hamburg,70714b8616a911400fd432fbe290815c,non-GDPR
germany/hamburg,8fa660f9f00d804393384d40959a9787,needProcess
germany/hamburg,8ee30aa8770e011af2594620dc8a2a04,non-GDPR
germany/hamburg,dd75ac51e0b082921e205ce5877518b9,non-GDPR
germany/hamburg,9d47c9a64cbaba423a8b71741e8726ed,non-GDPR
germany/hamburg,049197e1e1c3a1abeb5ee1f1838188c9,non-GDPR
germany/hamburg,ed6c2bcad78fcda870d6598098d42664,non-GDPR
germany/hamburg,3e606be891b9614e04f792b1b8ce9cd7,non-GDPR
germany/hamburg,d69660c791f7fb59ba1e00e4a5f85ae8,non-GDPR
germany/hamburg,df2efe29e29e6d975c7c1b2891cb0beb,non-GDPR
germany/hamburg,67a871c1065945b19555c7c62d3396d7,non-GDPR
germany/hamburg,0d6ae8cd013715a25d755f3eeac159e9,non-GDPR
germany/hamburg,e3ebc1cfc629dcd6488da49dee99280e,non-GDPR
germany/hamburg,ddcc7d8f4bee8d702aa2116baad8d914,non-GDPR
germany/hamburg,25b472fd6141d35ee8fe05be70ff8594,non-GDPR
germany/hamburg,7bbc60060e236caf46b621b89ce92144,non-GDPR
germany/hamburg,b6c50d7e4e186dec3b8ac658e02a90e1,non-GDPR
germany/hamburg,c366c2d7477ce22c7d04e5972d34e679,non-GDPR
germany/hamburg,6dd9ddeaf19f05d88d0fc7641a7ca8bb,non-GDPR
germany/hamburg,2873dff871602b51d417618b82b5ea67,needProcess
germany/hamburg,3f913a99c089e6025d7f4ddc0f332a8f,non-GDPR
germany/hamburg,6291cfc2bd23cf88e0d4ea6c735439d3,non-GDPR
germany/hamburg,ca0e9675275a6ef5a6a33613ebefc7e7,non-GDPR
germany/hamburg,3013684076759f54925eb9918df22f13,GDPR
germany/hamburg,1352f0bd5326923e88643d835856180c,non-GDPR
germany/hessen,39c15832ee94c6ca860a455b8872e022,non-GDPR
germany/hessen,0eb8375fe6c85d427f0a5438808f4169,non-GDPR
germany/hessen,6f7fa284c1316c1649f679fcbab587d6,non-GDPR
germany/hessen,1813a9196021738191bf159c32c2f66d,non-GDPR
germany/hessen,e252b2ec86e10f1869fbec516c0744be,non-GDPR
germany/hessen,fb90899f0ac32d07ce087ccdd2d1f939,non-GDPR
germany/hessen,9763cf3b84116fa3686c5981ba1857dd,non-GDPR
germany/hessen,aaa804992a20c3e1b5918199cb8235b8,non-GDPR
germany/hessen,c0d947e724c4891ef3557f2c6accd9f2,non-GDPR
germany/hessen,a38f367be901e684c716da096abec21e,non-GDPR
germany/hessen,5bf8d06b1f9a11657999d4e30825f30f,non-GDPR
germany/hessen,8be1358bf98605218548b0071960f1ea,non-GDPR
germany/hessen,f1d6e4bc059fc4ab245ab7553953e900,non-GDPR
germany/hessen,86779d5bccb0173199ca2161bb9dfcf9,non-GDPR
germany/hessen,47522af0e266afa5f26a766b2a2ea052,needProcess
germany/hessen,66e3ee783899fa2a81395c0ebb8c1459,non-GDPR
germany/hessen,24409606cd95f0f4d969444ecc4395ab,non-GDPR
germany/hessen,dd97a77005d361261bd4ed6b69e551d5,non-GDPR
germany/hessen,241706a563089c0c7acf822691264d72,non-GDPR
germany/hessen,04dd0977c5c1f4553c53b47e6859dea8,needProcess
germany/hessen,6e61cf6256318f97ac2b1e689c180bea,non-GDPR
germany/hessen,b4d2ac6df783d19a766e7d92a3c44417,needProcess
germany/hessen,54f47ad58eeac2c421a2a22533fea1be,non-GDPR
germany/hessen,27b7d02a0319a7230306079cbbd84a4b,non-GDPR
germany/hessen,ca3461a0b3b6c06765444fc0336ae75b,non-GDPR
germany/hessen,36c3aec09248c8ff4fe9753059d80392,non-GDPR
germany/hessen,c51253e2bd4bb2ad1303a50879db438c,non-GDPR
germany/hessen,5f8968b76e636834236c67dd92bf8cc7,non-GDPR
germany/hessen,59b8b4f02ca6919c1543572f2df9b06a,non-GDPR
germany/hessen,724466145005e2f97948beedc5263e86,non-GDPR
germany/hessen,d0ef3fd1e498a94845a8c90bdd596083,non-GDPR
germany/hessen,1af5eb0c1f6d0688a7eda81bc7cb6801,non-GDPR
germany/hessen,5957b3938ebadbe0003e4b0064cdad7c,non-GDPR
germany/hessen,b79093d77c4fe4620587ced3189d6159,non-GDPR
germany/hessen,784356f045cb63dfdb99e9f9b6a8e2c5,non-GDPR
germany/hessen,e22be595fc77ae1a2c8fee08a9198d71,non-GDPR
germany/hessen,9c0a643abb12af0f36cb8fb93c0f1b22,non-GDPR
germany/hessen,73c73455561f0ecf10367ab188ac67d6,non-GDPR
germany/hessen,66490a41b5bdd33669c1d307c54fd1eb,non-GDPR
germany/hessen,29879e552507507ba868b50f551630d9,non-GDPR
germany/lower_saxony,5c6541202411fe558621bd25c5dd9b53,GDPR
germany/lower_saxony,b833233b4f826d72e5523beb4e271da6,non-GDPR
germany/lower_saxony,83ec3d85b5b535496e03d2f6612d99cd,GDPR
germany/lower_saxony,891d6976433f5aa07b11f18a00451a06,non-GDPR
germany/lower_saxony,4055047434aedec128790b1731b765a3,non-GDPR
germany/lower_saxony,f2aed46ec8237de385e7457c1b645897,non-GDPR
germany/lower_saxony,0added6ba810164fd033cb49335442f7,non-GDPR
germany/lower_saxony,aa3abaf1f7bc406477aec8f0ab1f1624,non-GDPR
germany/lower_saxony,18019addfc5de55dbcdc7d2cd49b5b5e,non-GDPR
germany/lower_saxony,a22032b02ce077663ce257492400a3b7,GDPR
germany/lower_saxony,5685dd0c9309f2aa8b69b77c2c0542fe,non-GDPR
germany/lower_saxony,ff18506d1cc834b54fa1c93b071b01d9,needProcess
germany/lower_saxony,8c7ca9994eb81ceac69eb56d782078ff,non-GDPR
germany/lower_saxony,7569037d578ac7bb5b1975338638486e,needProcess
germany/lower_saxony,039c625824eacf89b0b52d0224632fe1,non-GDPR
germany/lower_saxony,6ca6536f84a1393ea8bc940f9dc9235d,non-GDPR
germany/lower_saxony,4d0e853fdcc755545c408eca07990946,non-GDPR
germany/lower_saxony,70da27895a57c9031451253db995ae45,non-GDPR
germany/lower_saxony,16f1a080c213b31fe6e360263798ba67,non-GDPR
germany/lower_saxony,99bf56cad2d05bb3b8930c3fe66027d7,non-GDPR
germany/lower_saxony,a23fe1ce77d919b51464f7d8c1d072c2,non-GDPR
germany/lower_saxony,207b64145a0ea5d0d496db904916417f,non-GDPR
germany/lower_saxony,e88ba907b24d62ef873923b5570f2a29,non-GDPR
germany/lower_saxony,92f1aca401296801ce8ce9ec64963f88,non-GDPR
germany/lower_saxony,469910fa49672ab1ecb7dc45adb76897,non-GDPR
germany/lower_saxony,81aec3529f6933fcf0b54a2760cfea64,non-GDPR
germany/lower_saxony,09d182b1a0b2e11868f8b02fc7cc7679,non-GDPR
germany/lower_saxony,600cbc042531696af875a914d11f3855,GDPR
germany/lower_saxony,1afb93314be88469164f564552c757c5,non-GDPR
germany/lower_saxony,084328baa98da58a39aea34e97860902,non-GDPR
germany/lower_saxony,af5abeee25d2697370fc9c5336b1383c,non-GDPR
germany/lower_saxony,1000cea34ef881d084905b50e4b3bd7a,non-GDPR
germany/lower_saxony,ca295f54cc8b532ad971bfc34d2deba3,non-GDPR
germany/lower_saxony,75cb5af6edca0dbd7d1f6e906bf079ee,non-GDPR
germany/lower_saxony,1bf4f89c0ee265a795d0c4415b11051d,non-GDPR
germany/lower_saxony,ffeb2a6d92cb66a850daca61424fca39,non-GDPR
germany/lower_saxony,1093d4bcf85b751ae3432e8c6562d618,non-GDPR
germany/lower_saxony,310ad87b6897ca25876de6b7967c9f07,non-GDPR
germany/lower_saxony,ad2e67083d2a66c5cf258795d60e449b,non-GDPR
germany/lower_saxony,12c62ba0493a5ca8a0c341736122a11a,non-GDPR
germany/lower_saxony,932fc32eb47c9185bf76245833b6d39d,non-GDPR
germany/lower_saxony,7708e0d9cbe4a363baf43ab6f23964a8,non-GDPR
germany/lower_saxony,b9d710aaaff9d96ab0ed0fa3699912ce,non-GDPR
germany/lower_saxony,af38bd2ccef82c7517661e8eb146936a,non-GDPR
germany/lower_saxony,100d7853133197524fbeb7cdd196a7f5,non-GDPR
germany/lower_saxony,a3a2ba8c844357a08aa7a6a91c849f9e,non-GDPR
germany/lower_saxony,e542ee3125d3adb87befdacd5e56af5f,non-GDPR
germany/lower_saxony,50b5cbf2e0607c1a0c87e7b895202893,non-GDPR
germany/lower_saxony,94f52d0433381dd9405534faffc13525,non-GDPR
germany/lower_saxony,95ed4c8b1384527d4efd2b5e959de8d9,non-GDPR
germany/lower_saxony,57c924bbeceac87d0f406a26c8b3fa5b,non-GDPR
germany/lower_saxony,c2ed81c3623012286b940d276b094764,non-GDPR
germany/lower_saxony,0a9253df58f6ae261d7e172198dceeb5,GDPR
germany/lower_saxony,e952fa70d969e72e7b6e1458c9141e2f,non-GDPR
germany/lower_saxony,67c163140511de10b383d5d763658e2a,non-GDPR
germany/lower_saxony,959cd53b6d81b1d812b3f8aa504a04dd,non-GDPR
germany/lower_saxony,82b7f2aa58352f13c7dab5151cef535b,non-GDPR
germany/lower_saxony,14dcc5d191873461c36e9e8b1d1b937a,non-GDPR
germany/lower_saxony,33c54af63fa51c7106365b1ad43128a5,non-GDPR
germany/mecklenburg_vorpommern,6b1cb5aec23aa101aead7fed6d871438,non-GDPR
germany/mecklenburg_vorpommern,383df423f252e11df824bee1af24e6b8,non-GDPR
germany/mecklenburg_vorpommern,9f2f982f9f95bf1dd153d35e960d42e4,non-GDPR
germany/mecklenburg_vorpommern,bfcd7cc479050941361f02669a995785,non-GDPR
germany/mecklenburg_vorpommern,3daa62cc5af477468e3233de6f3aeb4e,non-GDPR
germany/mecklenburg_vorpommern,b67de7f23dbe181f796686f2b4e0cb9d,non-GDPR
germany/mecklenburg_vorpommern,e6d97f894bca4a831fcd6927d389c7f3,non-GDPR
germany/mecklenburg_vorpommern,37adb701ce4181f9db922e2f6d98800d,non-GDPR
germany/mecklenburg_vorpommern,3868b2a7066c0882a5039a0fd388ed7b,non-GDPR
germany/mecklenburg_vorpommern,59f0d8d7ceebc9d2eb45e4bb6554770d,non-GDPR
germany/mecklenburg_vorpommern,2d85eeebc9832926ff2bf9397123cd62,non-GDPR
germany/mecklenburg_vorpommern,c83e1ed68abfe291b90493c47ceb4c4d,non-GDPR
germany/mecklenburg_vorpommern,ee1dc2ff2be5c685c9882610738fc098,non-GDPR
germany/mecklenburg_vorpommern,c15f31aafd029e40b189ea7cf5582028,non-GDPR
germany/mecklenburg_vorpommern,365054bcabacc926416477ef9be6906f,non-GDPR
germany/mecklenburg_vorpommern,70403649876c7bc45b71d2e142d9c6a9,non-GDPR
germany/mecklenburg_vorpommern,d4d07412f8ae70c238ec8dabbbfccdfd,non-GDPR
germany/mecklenburg_vorpommern,1d826a4ddd93fcc4f7977ac60092c7bc,non-GDPR
germany/mecklenburg_vorpommern,0797edafb6de1fdb0053501024b54084,non-GDPR
germany/mecklenburg_vorpommern,34f6b18f00c197996746cf35dbaa0e09,non-GDPR
germany/mecklenburg_vorpommern,6e4beb7bcd0ef89c966b3372f1231507,non-GDPR
germany/mecklenburg_vorpommern,18c31b66e8a0e74a963449593124663d,non-GDPR
germany/mecklenburg_vorpommern,994b63fe9617115d4262cb20d4a86eb0,non-GDPR
germany/mecklenburg_vorpommern,d7abc1f266bce0cdb9fc7b3d9b64bcf0,non-GDPR
germany/mecklenburg_vorpommern,c574d4fd97ff9e5da4723c415e2b177b,non-GDPR
germany/mecklenburg_vorpommern,664488ffe85d3cfb3585b98afe9ea7f4,non-GDPR
germany/mecklenburg_vorpommern,a938697083ba83e2bc8272b01fc8db8b,non-GDPR
germany/mecklenburg_vorpommern,22368b34a5011222f57d9f8325165c3c,non-GDPR
germany/mecklenburg_vorpommern,be2feb79e3bfc84ae6608a40a0d8f0d1,non-GDPR
germany/mecklenburg_vorpommern,b4efc81ca3ff47c65d22998886f6ae5a,non-GDPR
germany/mecklenburg_vorpommern,dd66eb8cb2cc1303245795f29ee1cb12,non-GDPR
germany/mecklenburg_vorpommern,19d4d009749e021fee3d2dd960cab2ad,non-GDPR
germany/mecklenburg_vorpommern,bef8e20c8907edf1bf6264ceb09e2c65,non-GDPR
germany/mecklenburg_vorpommern,c4c8c7cf96fd2f3ac6b6198136bc07aa,non-GDPR
germany/mecklenburg_vorpommern,c12ac0b3ab4473d132a991046fd296ec,non-GDPR
germany/mecklenburg_vorpommern,45715aa729d5b1a271f7e08881f42d66,non-GDPR
germany/mecklenburg_vorpommern,389b402cbc282b36493745840cd1be78,non-GDPR
germany/mecklenburg_vorpommern,ecae1892fbca09aabe0bc7fc8db6804c,non-GDPR
germany/mecklenburg_vorpommern,a1af916e25bb3b26141ddf129789e8f8,non-GDPR
germany/mecklenburg_vorpommern,b010f2464127c45cfefc116c7ef111e9,non-GDPR
germany/mecklenburg_vorpommern,e5672da4d16fd129d2e0bd0479ebe85b,non-GDPR
germany/mecklenburg_vorpommern,9f564d285747f792fd86541119aa0ff6,non-GDPR
germany/mecklenburg_vorpommern,42d5681ee8a9590e9779d3d1b02d5ba4,non-GDPR
germany/mecklenburg_vorpommern,a25eacbe813a966d33d2ee9919b5d969,non-GDPR
germany/mecklenburg_vorpommern,379e2ffb36769736b84d7cd203645ef9,non-GDPR
germany/mecklenburg_vorpommern,c75c3b779751b4b087de07fbbcc47840,non-GDPR
germany/mecklenburg_vorpommern,f4659d60fead398aaea8c1daa3378bee,non-GDPR
germany/mecklenburg_vorpommern,5c824df0464efdf829d1cbba6a23ea95,non-GDPR
germany/mecklenburg_vorpommern,546a48665758922aed47dd15879288d7,non-GDPR
germany/mecklenburg_vorpommern,cb89d22373437042a0d1c03e95037be5,non-GDPR
germany/mecklenburg_vorpommern,6d8fd5d62c70aceb3a805064936791b9,non-GDPR
germany/mecklenburg_vorpommern,f8927713b1f5b680419a5273f9985a71,non-GDPR
germany/mecklenburg_vorpommern,4c92c9c511923e5daa8a6f2661c29a09,non-GDPR
germany/mecklenburg_vorpommern,c361f4fe2648a1b3502498e31fc5e26b,non-GDPR
germany/mecklenburg_vorpommern,4ee10661a314593905aff8e006bd0436,non-GDPR
germany/mecklenburg_vorpommern,2cf3f039eb86e724270d2db9fe578051,non-GDPR
germany/mecklenburg_vorpommern,cdf37dacd3ae6065b75005cf11c64c4c,non-GDPR
germany/mecklenburg_vorpommern,c43982f22235254126ebc395e5a1d8c5,non-GDPR
germany/mecklenburg_vorpommern,608049ad0690e49a73045dbd0adb28c1,non-GDPR
germany/mecklenburg_vorpommern,828737b2f877c6e7e2ad33e45a60644d,non-GDPR
germany/mecklenburg_vorpommern,63244f388e76098d530aa5bbe0056039,non-GDPR
germany/mecklenburg_vorpommern,479585791b9069d584ba6bb41f4294d4,non-GDPR
germany/mecklenburg_vorpommern,6b56b761c4c249b110f7a6d5b90805af,non-GDPR
germany/mecklenburg_vorpommern,e24400ffa7501bf4d13e15e437c918b6,non-GDPR
germany/mecklenburg_vorpommern,5cc57b458621d966384c1ee96d6c5de3,non-GDPR
germany/mecklenburg_vorpommern,8a8589874e6818771351438074253f62,non-GDPR
germany/mecklenburg_vorpommern,80bb55cfc25f37e8af1016a01a633095,non-GDPR
germany/mecklenburg_vorpommern,d9e24d8174512a19ec8f9fb4dbc5d8af,non-GDPR
germany/mecklenburg_vorpommern,9f31f5ab519008d8126cad10587576c3,non-GDPR
germany/mecklenburg_vorpommern,3d0e88d860001956cc532040611a5efc,non-GDPR
germany/mecklenburg_vorpommern,3e11a6130373d9f43e8eb49ae3dea6d4,non-GDPR
germany/mecklenburg_vorpommern,4a0e02d9ab640315c1fc5bd1168967f1,non-GDPR
germany/mecklenburg_vorpommern,4d906e0dba43f5cb027ddddfd20f3bba,non-GDPR
germany/mecklenburg_vorpommern,9e48f71e050ceac719fc32685720db3d,non-GDPR
germany/mecklenburg_vorpommern,cdc29a3e40d5625f00dd1a53a87e9212,non-GDPR
germany/mecklenburg_vorpommern,bfdfaf4286d6f491b68e055f093e4a76,non-GDPR
germany/mecklenburg_vorpommern,094d21b4958745a0abb8443763ee9173,non-GDPR
germany/mecklenburg_vorpommern,6f7df67d200118c56018c5a6b8c24765,non-GDPR
germany/mecklenburg_vorpommern,41e4531b5729567c49ba9133280eceb0,non-GDPR
germany/mecklenburg_vorpommern,592880a0792ddd96d0ad4997c76805b2,non-GDPR
germany/mecklenburg_vorpommern,59eb511b95656b29091748fae0cce96a,non-GDPR
germany/mecklenburg_vorpommern,b83e220011b79407c3ac9c35b9a27f3d,non-GDPR
germany/rhineland_palatinate,b262c03eaccb8c91b8e966282fcecf99,GDPR
germany/rhineland_palatinate,d687840eb4fb58ece7e9ee02d4f3f1ed,non-GDPR
germany/rhineland_palatinate,db7fc410f3e1a504bb2921ae31d556cb,non-GDPR
germany/rhineland_palatinate,8d578c13383614349055ec57ada1d25e,non-GDPR
germany/rhineland_palatinate,e49831233edf7a377cb68122776f7b30,non-GDPR
germany/rhineland_palatinate,2a51e872152a35abfa27ec6ff98bb17b,non-GDPR
germany/rhineland_palatinate,985139640676dd532235f88631cc4f82,non-GDPR
germany/rhineland_palatinate,b4435ef639f6a489034cbf63f9c97807,non-GDPR
germany/rhineland_palatinate,65fd2eb20293a530d8f9b8e77bde6695,non-GDPR
germany/rhineland_palatinate,ddea9aa8f206a2bbb10da26b62f06959,non-GDPR
germany/rhineland_palatinate,4b966a8e257eef5ea8099938226d03cc,non-GDPR
germany/rhineland_palatinate,0ddd5ff82aea490491a8a89c8308f531,non-GDPR
germany/rhineland_palatinate,fda5570f57c57c9800351a17c7d42c0f,non-GDPR
germany/rhineland_palatinate,e6cceff8daea435c241094159c7d57c4,non-GDPR
germany/rhineland_palatinate,89dbd1032904b0076290d644c7fd10b1,non-GDPR
germany/rhineland_palatinate,74824225bde78ebea02208fae6d8a2dc,non-GDPR
germany/rhineland_palatinate,90633bb3538aa60f5d04e0b2db80ee72,non-GDPR
germany/rhineland_palatinate,fb548c5dcd74c23be075e8e2508357e9,non-GDPR
germany/rhineland_palatinate,c0f8766b93c56201f508d5e42ae6fd7e,non-GDPR
germany/rhineland_palatinate,b57d8781f332f9852432054efac64749,non-GDPR
germany/rhineland_palatinate,e315e4b98647106fd56268334defe25d,non-GDPR
germany/rhineland_palatinate,fe992777a089e18d3710ee753cb90ca9,non-GDPR
germany/rhineland_palatinate,68a115b7ad2ca22978bb86eb7696208e,non-GDPR
germany/rhineland_palatinate,aba1fde47eab895c98109a649d349420,non-GDPR
germany/rhineland_palatinate,53b912291d5ae2a977a47586e183c9fd,non-GDPR
germany/rhineland_palatinate,2ff5cd5c6374654e20aa64bc5d30eed0,non-GDPR
germany/rhineland_palatinate,0a476450b9b36ca344328da2aafc50bc,non-GDPR
germany/rhineland_palatinate,a32efc15f63066b01b74a7d7ef22ba60,non-GDPR
germany/rhineland_palatinate,7b57a63d79989142301981b5a29b5649,non-GDPR
germany/rhineland_palatinate,694a32fd5ec7da210d2a9bbaf58a9e17,non-GDPR
germany/rhineland_palatinate,625084109724bdbcd071aa17aa574c93,non-GDPR
germany/rhineland_palatinate,412f699629c7e28f4349e02671be90e4,non-GDPR
germany/rhineland_palatinate,0a55114ccb84b384f3ad1cca19aba422,non-GDPR
germany/rhineland_palatinate,08f5cc8ac21d95d5003c184abb3a06e9,non-GDPR
germany/rhineland_palatinate,070f51d1199f82bc264201fd148f4b75,non-GDPR
germany/rhineland_palatinate,d6fe2ed07d0e810c98bce3a5d771cccd,non-GDPR
germany/rhineland_palatinate,d1df62046a4607d87fe15b507cf8271e,non-GDPR
germany/rhineland_palatinate,871d42406115b0ba7aafe3a8ae2eca8a,non-GDPR
germany/rhineland_palatinate,295d6ccf8d7116c82eee8a0ef0411b87,non-GDPR
germany/rhineland_palatinate,57efb2fea857c1b672e1fa220c213385,non-GDPR
germany/rhineland_palatinate,a092791a5dd61c1b3b66a5cb679a1347,non-GDPR
germany/rhineland_palatinate,cd69f168ff0c359d0f7fa47f8bf8549c,non-GDPR
germany/rhineland_palatinate,e2170997d99d99376ea3ee74573e87cd,non-GDPR
germany/rhineland_palatinate,21f8ed0538565cdcf5b42dd61f618af9,non-GDPR
germany/rhineland_palatinate,7ee8302cc52d1d8161dd5018166773d9,non-GDPR
germany/rhineland_palatinate,5a8544ded34023a67e2cf465ff0f1fcc,non-GDPR
germany/rhineland_palatinate,b976b43da9ebac212e279a8ce9cc3d0f,non-GDPR
germany/rhineland_palatinate,b1764becc0f8fa7e7230afab18d2ab5d,non-GDPR
germany/rhineland_palatinate,447457d24c5dd7a0ab431b68f46f98a9,non-GDPR
germany/rhineland_palatinate,ea2271f28b9d74672e9c6b51d1c84c73,non-GDPR
germany/rhineland_palatinate,56365d8e0e0a0ac9aeb01a671200aa55,non-GDPR
germany/rhineland_palatinate,82fc8bf890e8646036786e43c961df54,non-GDPR
germany/rhineland_palatinate,2341e7241d5edf3f4e4544b46ef06077,non-GDPR
germany/rhineland_palatinate,cde9b3669369a92c2176de7ba5bbaad6,non-GDPR
germany/rhineland_palatinate,c2a61300a1aca20f93796738a14c2f9d,non-GDPR
germany/rhineland_palatinate,241706a563089c0c7acf822691264d72,non-GDPR
germany/rhineland_palatinate,00b1e1b735bcab5af1f11a7116ac4952,non-GDPR
germany/rhineland_palatinate,84ce319f5d271a611465dbcf0a8de74c,non-GDPR
germany/rhineland_palatinate,eec63e1c1eef0b889fb880d53960730b,non-GDPR
germany/rhineland_palatinate,7ee35faadc279d0a2300e98921bd1075,non-GDPR
germany/rhineland_palatinate,c468792a738859d7fbaaefa4c385eae3,non-GDPR
germany/rhineland_palatinate,b888407e14e6322b725cfe80ad86df5f,non-GDPR
germany/rhineland_palatinate,d2ecc2846cff2b7354f6c891bc26eca9,non-GDPR
germany/rhineland_palatinate,07fb878f073088d3895e9d16fe2974c7,non-GDPR
germany/rhineland_palatinate,2fb4bb8c15a77a10382bb96cb4c601fd,non-GDPR
germany/rhineland_palatinate,e3610998c7ac25f9d93b46c30f9c1439,non-GDPR
germany/rhineland_palatinate,a91f459469121080fb37b7a6bd6118ea,non-GDPR
germany/rhineland_palatinate,50f3c87937c3a4d4face01087c83e6c6,non-GDPR
germany/rhineland_palatinate,2d8e2f2727b6c4c54a0238b6d2ad19d2,non-GDPR
germany/rhineland_palatinate,e54361f058b83ac36f20556300d13fe5,non-GDPR
germany/rhineland_palatinate,0b61797aadfd32e4366721fab8c44f8d,non-GDPR
germany/rhineland_palatinate,9273a57b5d25453b467eb9c781894209,non-GDPR
germany/rhineland_palatinate,945b5e1bf3c4a1eb793f8875776ffde1,non-GDPR
germany/rhineland_palatinate,4f7c5942d755854613de19d3cef67d46,non-GDPR
germany/rhineland_palatinate,c8e6e72aedaf4dcb765473e59e7f413c,non-GDPR
germany/rhineland_palatinate,3c6317f885945fa268a1343d343eb030,non-GDPR
germany/rhineland_palatinate,7e341280f32afe1f7729f01f4d39556e,non-GDPR
germany/rhineland_palatinate,dbaea7cf557062133ba7ae0ed7870c73,non-GDPR
germany/rhineland_palatinate,5a47bd890a7105516e428d4053b7c438,non-GDPR
germany/rhineland_palatinate,4cec4662386488e9cfb51b65a16881d0,non-GDPR
germany/rhineland_palatinate,d48fbd0b9dccc06ba75746443f0276c7,non-GDPR
germany/rhineland_palatinate,f1a2a3dfacf8a61bd7ec2529acb47913,non-GDPR
germany/rhineland_palatinate,9e46a86009bd5bea3270952785e7c747,non-GDPR
germany/rhineland_palatinate,cbd104c737342075a4b85781dfa6b9c7,non-GDPR
germany/rhineland_palatinate,ea4f32bb56f3b3a239f286af11619b8d,non-GDPR
germany/rhineland_palatinate,c72bbcdf2c17c3d6a70fc456b08df4fe,non-GDPR
germany/rhineland_palatinate,082904200591508129693ff873b7cc74,non-GDPR
germany/rhineland_palatinate,61f7329131b4a44c95026f7094cc64a5,non-GDPR
germany/rhineland_palatinate,b8b0bee86386fe919cd920106284f33c,non-GDPR
germany/rhineland_palatinate,5f73073ff74facd51e37e3c0b8de14dd,non-GDPR
germany/rhineland_palatinate,cf4d656fcda2b2228d5ff9ed060da3d4,non-GDPR
germany/rhineland_palatinate,1481f729daf5bf2e6abf3975dec52cc7,non-GDPR
germany/rhineland_palatinate,6e680c79c4443bbcb2b2c7cd1f7d8f8c,non-GDPR
germany/rhineland_palatinate,307d488d95a0df45576bc445a92fa438,non-GDPR
germany/rhineland_palatinate,d3deccc1d78a7b324bf75e6d40c6fc68,non-GDPR
germany/rhineland_palatinate,0277a633ae26a8d2376852b3d94ee607,non-GDPR
germany/rhineland_palatinate,043c2ccd95b9222f73a2b85e6980c493,non-GDPR
germany/rhineland_palatinate,48537dcd622dac9f932e48eeed1ec6db,non-GDPR
germany/rhineland_palatinate,e7c7fb94ad6123a56a897aa284799148,non-GDPR
germany/rhineland_palatinate,8ca3e7f88d84a9ee6ad3cd508909356e,non-GDPR
germany/rhineland_palatinate,e2c9a1f34a804d2b3ef16d1bbe6d7dcf,non-GDPR
germany/rhineland_palatinate,030eb6d713b3e7b8bb35eab4542b2edc,non-GDPR
germany/rhineland_palatinate,d17eaad3cc07f17e41d2d86e9f93f67c,non-GDPR
germany/rhineland_palatinate,5c3988289f078383e600e4433d8fc731,non-GDPR
germany/rhineland_palatinate,d590dfa02277db047e2bf872883c23e2,non-GDPR
germany/rhineland_palatinate,16bc348c8ea530e96c1af5858bc15f03,non-GDPR
germany/rhineland_palatinate,28a678673f836e13afeee77eac9a379c,non-GDPR
germany/rhineland_palatinate,ba128381171f19fbd8884d3741fbdad3,non-GDPR
germany/rhineland_palatinate,af512de1b806b5b0eddfd2bb95877e67,non-GDPR
germany/rhineland_palatinate,91a96d04e597ec26005b76cd25f88930,non-GDPR
germany/rhineland_palatinate,ca461f08c9496cb0078539d2461294c9,non-GDPR
germany/rhineland_palatinate,367c9fd3f27a6d2343008c2129b6f712,non-GDPR
germany/rhineland_palatinate,9b285bcfb3805a94d67be732e8975313,non-GDPR
germany/rhineland_palatinate,634dc018931ee2ae283d4732168155e6,non-GDPR
germany/rhineland_palatinate,37558397007357b63380fad735c4e9fd,non-GDPR
germany/rhineland_palatinate,b7b410ea135d0f9da237cdbf5aa640cf,non-GDPR
germany/rhineland_palatinate,88573282ca98812dff53eafe2707190b,non-GDPR
germany/rhineland_palatinate,bc320005e566202ff8dd525c604fbca2,non-GDPR
germany/rhineland_palatinate,a7fb87163c60a65fe64586c6e96f00ba,non-GDPR
germany/rhineland_palatinate,50764d6c249b0b4fca4ab6bfd440bfb4,non-GDPR
germany/rhineland_palatinate,af819c614afcfaa0a58622ada2d010ba,non-GDPR
germany/rhineland_palatinate,033232a100324bce6d22d71771fe36dc,non-GDPR
germany/rhineland_palatinate,3cf8371e954b6900241a416110df3ec0,non-GDPR
germany/rhineland_palatinate,fdd1ce47d9fa595145b204fb42e7692e,non-GDPR
germany/rhineland_palatinate,34cb8d322deae90bedb2caaeb33d9eea,non-GDPR
germany/rhineland_palatinate,3d92548152e3ddae10d7b534546511ac,non-GDPR
germany/rhineland_palatinate,d0f6d36f8928640ef979ffc8099689fd,non-GDPR
germany/rhineland_palatinate,0dd3dc60c66a041bcd8289033b2c5157,non-GDPR
germany/rhineland_palatinate,1d3546192f6e634b5cf831e55a20fa33,non-GDPR
germany/rhineland_palatinate,b898a3abf8e340ef7e18585333803676,non-GDPR
germany/rhineland_palatinate,b0d6a221fe832da595255a0163e8ab92,non-GDPR
germany/rhineland_palatinate,e8a21a1b335c4a630325e0691b219105,non-GDPR
germany/rhineland_palatinate,b14e097dd790b68723728aacc6348e91,non-GDPR
germany/rhineland_palatinate,2e4128c82aef88e80800ff7fd4e90686,non-GDPR
germany/rhineland_palatinate,f0d79f64f01c39f7244fb17672be0cc3,non-GDPR
germany/rhineland_palatinate,a3760eee3482e49675e2efd2bbb17bd4,non-GDPR
germany/rhineland_palatinate,4c1c6f6bb3e56b95e505ec8cdf9c75af,non-GDPR
germany/rhineland_palatinate,65d870fc68386a3410c443eb69670b46,non-GDPR
germany/rhineland_palatinate,37f35df20c6397602b0ead0239e75966,non-GDPR
germany/rhineland_palatinate,d46ec8e339dc50e0854d7036b7cff2de,non-GDPR
germany/rhineland_palatinate,9ed93b56101e3de6cc35d585edda5e7f,non-GDPR
germany/rhineland_palatinate,269b0224c997abce7b060c5c4019213d,non-GDPR
germany/rhineland_palatinate,64fdfe328a04f24646edd730d258ebe8,non-GDPR
germany/rhineland_palatinate,965dc65c8b4026510deed6cf99e9facb,non-GDPR
germany/rhineland_palatinate,4a2b6972965f1a22757eaf2557166543,non-GDPR
germany/rhineland_palatinate,23c17166341a4fc4731b2860227bf63c,non-GDPR
germany/rhineland_palatinate,d2b6501de184f64cbf76cf1fe88ce211,non-GDPR
germany/rhineland_palatinate,1fdb1089da1adf97a3136683e514bbc3,non-GDPR
germany/rhineland_palatinate,ccd34f4e90c5ecee53c07efb65d613ce,non-GDPR
germany/rhineland_palatinate,b1a9e8376c826afd9d6e6ef75b39f826,non-GDPR
germany/rhineland_palatinate,2975ff667181fe038b9e3648c1b540f9,non-GDPR
germany/rhineland_palatinate,2e119c03012f312cef0d5000707f476e,non-GDPR
germany/rhineland_palatinate,0d6ae8cd013715a25d755f3eeac159e9,non-GDPR
germany/rhineland_palatinate,c5c094e5ac78a400000bdc1abb6d6ae0,non-GDPR
germany/rhineland_palatinate,a719eb0a04a555f5716031882f3c440f,non-GDPR
germany/rhineland_palatinate,5c8408ef06ae1a9cc721a60f4ae265a3,non-GDPR
germany/rhineland_palatinate,8831abc9351abd5aed1abf1a0c863579,non-GDPR
germany/rhineland_palatinate,61625d232d401dd4795d38df7d268f6f,non-GDPR
germany/rhineland_palatinate,7cedf5a73b3c41bf96f07464d04fccc4,non-GDPR
germany/rhineland_palatinate,723fd58084e138c09c960eebd077d03f,non-GDPR
germany/rhineland_palatinate,be85689c983fa9d79b753198a4a7dd4a,non-GDPR
germany/rhineland_palatinate,1eee304cf5c7e5287c2e3d58c2e4753e,non-GDPR
germany/rhineland_palatinate,c2a82d25d7ce35b5d151ace2e47d8fd6,non-GDPR
germany/rhineland_palatinate,16a9af9ef090bee3050f1fb63e1ea7d9,non-GDPR
germany/rhineland_palatinate,19f0089c3d44418f509d9c87122d4ce4,non-GDPR
germany/rhineland_palatinate,3f9099e6a4efb99f1317da3a97aa2622,non-GDPR
germany/rhineland_palatinate,7272efa184a4662c4d11777f9b9678d7,non-GDPR
germany/rhineland_palatinate,f9355c40d4401afbafa541cbddea22d8,non-GDPR
germany/rhineland_palatinate,de0d29a0e1f91128d629700a68f4580f,non-GDPR
germany/rhineland_palatinate,c76fb1fec231af573f3a2f3b921893d8,non-GDPR
germany/rhineland_palatinate,528fd28d218814514574a14da5a1eea0,non-GDPR
germany/rhineland_palatinate,d2b88a793ea54f8f7992bffb414f7a41,non-GDPR
germany/saarland,75df23a0424b48cd5fd04120aad905f0,non-GDPR
germany/saarland,f302f4a7d9176aaf2728dcdbb9e9577d,non-GDPR
germany/saarland,9849c172f1a01d9c988896efd5034b42,non-GDPR
germany/saarland,a0be70f3cae63fd6f82d7e8dbd0cccda,needProcess
germany/saarland,8983485b6f51555b4ade077160add321,non-GDPR
germany/saarland,42141a8185067c26ece1e5f9022b2202,non-GDPR
germany/saarland,c383de1ce51819133dafdfbcd20b8797,non-GDPR
germany/saarland,4824d2de18d74dc4c3127bbecd2964aa,non-GDPR
germany/saarland,b2a0a753c4720040d7fe3bceae15c870,non-GDPR
germany/saarland,2c76c3c918f0fd018473c0df086e0be6,needProcess
germany/saarland,aac7e9a951b9775aeb2fcc0c91ce23bd,non-GDPR
germany/saarland,ef6cb22d98584a36169518cd10e57da8,non-GDPR
germany/saarland,c8db5aae665acd8f8a31f8d65efa26d5,non-GDPR
germany/saarland,8912591aec3fe8fe17ecd6c5dcd3303c,non-GDPR
germany/saarland,ad08b8d73c5dc4027417a3e07242a9c7,non-GDPR
germany/saarland,f53a1b0517805ecb2968202b63b7d7cb,non-GDPR
germany/saarland,cca30edf81abebb9962f2aa1252a1535,non-GDPR
germany/saarland,81b0ebcefce9f71bc0feb22d06089dc0,non-GDPR
germany/saarland,226e80d9ed3766857099ae8926bc6edf,non-GDPR
germany/saarland,99f7bb8e3ff6c93979791501914dd56a,non-GDPR
germany/saarland,33a7efc86200e47fa7bb1783c8ee12b8,non-GDPR
germany/saarland,12b1d72f02f7bf4ccfd6f94d7150d4f6,non-GDPR
germany/saarland,5a67430a8f878a540e3076d7b608ebef,non-GDPR
germany/saarland,2b25f5f982ac60b8d5d92aa45ea9fdae,non-GDPR
germany/saarland,11bbb63565f0932cd4803bbde26af14c,non-GDPR
germany/saarland,228c1d82a0ec5acdc40d5374f1ec5ea1,GDPR
germany/saarland,9a41fec1e691c6f754b84aab38d94a2a,non-GDPR
germany/saarland,0c52e1c0210a0f3647b86df99c3e02ab,non-GDPR
germany/saarland,61dfec83b0c8033cf869fa321f3c5310,non-GDPR
germany/saarland,bfdfaf4286d6f491b68e055f093e4a76,non-GDPR
germany/saarland,58323846ddcb295cb5a55dd4ddc2799f,non-GDPR
germany/saarland,ab24ac8ff3cd932484d12e1a5647adb6,non-GDPR
germany/saarland,9b212aea042f1af4e033186cd8249198,non-GDPR
germany/saarland,9d3e69dbc30d50bbf1054922c40efbb1,non-GDPR
germany/saxony,a173fccf4630553098a09b2e776e7bbf,non-GDPR
germany/saxony,c2cc28ab7a64fa1a98631e4ec5046701,non-GDPR
germany/saxony,2e721847bbf7f4ffa2ff1b476d4a5b75,non-GDPR
germany/saxony,ffafc6c3050d9dd7279ec84b1ac30485,non-GDPR
germany/saxony,2c7cbfc6f446ca273f313d3d9c551b26,non-GDPR
germany/saxony,fe7d548a6d8c6017f8c1cfd983a68b15,needProcess
germany/saxony,9dd90bba122279b5f43ea0d887502ab6,non-GDPR
germany/saxony,d14fd7fc1bd5477fae8e9e37e4938930,non-GDPR
germany/saxony,002d6dec0454d98dd0d872a21841260b,non-GDPR
germany/saxony,255c5980390a15a34f6cd52d3b091a79,non-GDPR
germany/saxony,cbbed75335fd2e2dd54e0db8f515f485,non-GDPR
germany/saxony,2c562b8df9b5a912a4fdeec3297dbf44,non-GDPR
germany/saxony,6f05b45833ba9307847585a3484987de,non-GDPR
germany/saxony,8a28061c35aabf9b93f5b461222c7637,non-GDPR
germany/saxony,63e24b663a2a5260f61836737356b889,non-GDPR
germany/saxony,e17f6169ff2e50fe7b77e10e2a769cdb,non-GDPR
germany/saxony,6f9dedcd9fc330a5ca56e2d8ee387904,non-GDPR
germany/saxony,9c56d501ae11a0a5b71cb189ebb2d80f,needProcess
germany/saxony,4711e76048757f632ca28397bff1d707,non-GDPR
germany/saxony,1eeacb9905dc324a26dc4bbef3a08b01,non-GDPR
germany/saxony,fc432cfe3789927c5b7486948594a27e,non-GDPR
germany/saxony,e9520df4613d64b1a3b7e8efcb6c440b,non-GDPR
germany/saxony,bbde3dec0017e808b0d770f0c16c42ff,non-GDPR
germany/saxony,33e4e38fadfcd37d36a33aefda47a3a5,non-GDPR
germany/saxony,2a9f7f0a5eaef669515254e224ddceb2,non-GDPR
germany/saxony,b0ff3ad4cdc6a6226113b90ff1237b31,needProcess
germany/saxony,d5fdc58d15f5a289a4e995f5511d4b51,non-GDPR
germany/saxony,776537a0fbb5d7b24cbd8635d9b22f11,non-GDPR
germany/saxony,9d6ae67a0cc95b26cc41f4c0d45e8f5e,non-GDPR
germany/saxony,c671605957ffb167a8f4a22e24a2946a,non-GDPR
germany/saxony,75b63333f46f026786bb1eff76552eea,non-GDPR
germany/saxony,8f50903f433980643ac64dfebb504c2d,GDPR
germany/saxony,46bd30875d107f18ff3a025f8de1ecb8,non-GDPR
germany/saxony,cffe3dde8863f0ef3037b59c0fd8b109,needProcess
germany/saxony,f9b18500b9101b298edd806e61d6d320,non-GDPR
germany/saxony,9811fcdff00bc454936b0829af404c7c,non-GDPR
germany/saxony,bcd46599fb366269a712daef321bf664,non-GDPR
germany/saxony,6022ddc50bfe572b72d25f9fa37a713f,non-GDPR
germany/saxony,7b114e5b4acadc2d531bc6d26fdb2b43,non-GDPR
germany/saxony,4efa36c27cb0302af75a4aeb351f02f2,non-GDPR
germany/saxony,fbcd23194a14a7ba4093d3347e814809,non-GDPR
germany/saxony,17c67c035fecdee7ca1840fdd03b5bc3,non-GDPR
germany/saxony,710a37cb04f863ae1aad3a4c52069bc1,non-GDPR
germany/saxony,8235039e279aaf9dfbcd3d9550b3a667,non-GDPR
germany/saxony,3610bf8ccd1f574079053c6b010db542,non-GDPR
germany/saxony,4d26c3e8f600a5fbd16aac91c5eed51f,non-GDPR
germany/saxony,f2b83fe2b12cdffacaaf9da016d9d04b,non-GDPR
germany/saxony,0d2a8c3be6fcd1b7cc71ffec023bd6cd,non-GDPR
germany/saxony,0c8c2b68ae56413472f4f6cc406a0591,non-GDPR
germany/saxony,8da40d8269789f223d218013231138d6,non-GDPR
germany/saxony,1800945dad1c50d2ff83ee5613b321db,non-GDPR
germany/saxony,7df3d70b98bce1e1af22f56d74e7666c,non-GDPR
germany/saxony,5dfb4b2b3c79357bd34a8f98f9eb725a,GDPR
germany/saxony,933c81f584a002ce05f9c5dd0e455698,non-GDPR
germany/saxony,658fa08a9c678318c0b6ab6002caa62b,non-GDPR
germany/saxony,ac875a55d31d474c05c07c47bde38e78,non-GDPR
germany/saxony,b5f1f4d4ff8525abd98f504736137410,non-GDPR
germany/saxony,c1f9d0e7b3e8aff1475d56f47733d1ae,non-GDPR
germany/saxony,084c3429c378bcc5868023a0620bae34,non-GDPR
germany/saxony,09d74305392eb9016206935ce1c0642d,non-GDPR
germany/saxony,4711da713848352e3883d36151d0385e,non-GDPR
germany/saxony,d5911898608f575c70a24119fa31bb2c,non-GDPR
germany/saxony,4cc57f086a7f1a2f7bf36d26fde56a1b,non-GDPR
germany/saxony,9e9cb9abaa329fb5d61127420a061083,non-GDPR
germany/saxony,4126aad019c1f7220aa763ddc61658b5,needProcess
germany/saxony,19df2b1950bb317eaad1879f2497bcc6,non-GDPR
germany/saxony,497d945a8de85e15e7f93298088eb729,needProcess
germany/saxony,963a0021e90972d46230c9bfa7678d97,non-GDPR
germany/saxony_anhalt,3eecf0a7bc35d2979d8cd453da8deb9c,non-GDPR
germany/saxony_anhalt,a5ed1d1c124d31c12f2e12c72e17390d,non-GDPR
germany/saxony_anhalt,268babbac166113beaf3212e0f3db958,non-GDPR
germany/saxony_anhalt,42e21dbcececf9e016955fd40d5622e1,non-GDPR
germany/saxony_anhalt,49684567f621162cdad7e08c834c4d97,non-GDPR
germany/saxony_anhalt,22232ee1f571893a556a20989193888f,non-GDPR
germany/saxony_anhalt,32da761c5f478866a6852413ef565ca6,non-GDPR
germany/saxony_anhalt,d769a0656e4603715fed3011663fa8c5,non-GDPR
germany/saxony_anhalt,1dfc9264068d9c46644d007f0577d16e,non-GDPR
germany/saxony_anhalt,0d1c1511440a4a3b21815350a4f1a06f,non-GDPR
germany/saxony_anhalt,285ee5428a5f0c352c47a0a92fd803eb,non-GDPR
germany/saxony_anhalt,525f3fac0e725965a96e810e3abbef09,non-GDPR
germany/saxony_anhalt,169ab65e0464a0e9df1f6f17ecde98d3,non-GDPR
germany/saxony_anhalt,f742b33e46bad0735510d15e0f1da135,non-GDPR
germany/saxony_anhalt,4942108c9c66fde25d4bf5e2ede7720a,non-GDPR
germany/saxony_anhalt,0257a9a752498a0effc6099befa56621,non-GDPR
germany/saxony_anhalt,019ed6cce85b7f4de39c30e6f5bdb800,non-GDPR
germany/saxony_anhalt,93afb8f1c166b4e95dc49ee45cb7c16c,non-GDPR
germany/saxony_anhalt,7baf4b3e3e4ea26c4f3126037193e335,non-GDPR
germany/saxony_anhalt,e024e8eea1caca65e6baedc101369032,non-GDPR
germany/saxony_anhalt,42b25e78c5d0b2f972bc621149912031,non-GDPR
germany/saxony_anhalt,2f1a57dc7bf38c795c0b565f34451a4a,non-GDPR
germany/saxony_anhalt,b48836c5913afb357dc1dfba665766ff,non-GDPR
germany/saxony_anhalt,e108347f0273a7400f66637602745e81,non-GDPR
germany/saxony_anhalt,badcab648a0b454ca4597fd9094b8650,non-GDPR
germany/saxony_anhalt,b544cd57f978ea058ad8204e9528c55b,non-GDPR
germany/saxony_anhalt,68cc3511060c34f83d82607b42c0df62,non-GDPR
germany/saxony_anhalt,75e96910f267f70e9014ed36f12f8e27,non-GDPR
germany/saxony_anhalt,6ec99def7e699b3d3a3689442bbff620,non-GDPR
germany/saxony_anhalt,c5be5a42f58cfa2eb6b726c971a446e8,non-GDPR
germany/schleswig_holstein,3aac3b740eddb7b33280ae528f8ac92b,non-GDPR
germany/schleswig_holstein,8bcafabf81be8bd416c74ab2fe5d1249,non-GDPR
germany/schleswig_holstein,5cbaa6d43e77f22c739694c61c2582ed,non-GDPR
germany/schleswig_holstein,cb2bca516c151bc6b9b2cc13708aadea,non-GDPR
germany/schleswig_holstein,ed6bc2ba8df717c915c4b699d5d524d8,non-GDPR
germany/schleswig_holstein,72c08fa5ecd761c99b6d95b484d1102e,non-GDPR
germany/schleswig_holstein,1ec8063f366be5ab4d1b25c00e4d8236,non-GDPR
germany/schleswig_holstein,794815d487d92e8a9557c9cc4475b0d4,non-GDPR
germany/schleswig_holstein,38b6fc64853f8d4ff074d7dff9f09692,non-GDPR
germany/schleswig_holstein,d3a2c3cb58a7ae083432e735f349d831,non-GDPR
germany/schleswig_holstein,92813eec671188af21a5f9e1e8547ab9,non-GDPR
germany/schleswig_holstein,56e1473fd6ca92889f27b7727fba8da0,non-GDPR
germany/schleswig_holstein,8e44e1a28b4395c282721c812a11480f,non-GDPR
germany/schleswig_holstein,5f150bb424649a6df05d99a0a347dec5,non-GDPR
germany/schleswig_holstein,e1e09be1ac5cd9e1771dc4f29ffe7359,non-GDPR
germany/schleswig_holstein,8521de0d236fb9a6851aa199f771a33b,non-GDPR
germany/schleswig_holstein,587d4121c53a19aeb9c8a5d3039bd25a,non-GDPR
germany/schleswig_holstein,51a6533cb252870600bbc9fbe2b59fb8,non-GDPR
germany/schleswig_holstein,7c7f0581b8d1b0e63b9883cba812cc5c,non-GDPR
germany/schleswig_holstein,9fbe17c52816f61ce0cbe122ecfcb366,non-GDPR
germany/schleswig_holstein,7facbd2631710e0119cb6c7b07c46d25,non-GDPR
germany/schleswig_holstein,021d4e5d3d4de484e252e701b46bb799,non-GDPR
germany/schleswig_holstein,a9168a2d6e48d2933dcd898e156fc606,non-GDPR
germany/schleswig_holstein,5cd3876a573a91671550d010b46ddcce,non-GDPR
germany/schleswig_holstein,b28cc6a91cc92b8d99e50f1388d6a824,non-GDPR
germany/schleswig_holstein,906d7419e97df3e70102f1ce5b0afc8f,non-GDPR
germany/schleswig_holstein,b888407e14e6322b725cfe80ad86df5f,non-GDPR
germany/schleswig_holstein,7269811805f0f404a8c45a008c4360ea,non-GDPR
germany/schleswig_holstein,d9d6e8a7bd3fe3a6d27effd358d305dd,non-GDPR
germany/schleswig_holstein,e3575a8800f068f2f9aa4271bcd31601,non-GDPR
germany/schleswig_holstein,6308ca73b727953e1826840a2eaf09b8,non-GDPR
germany/schleswig_holstein,7edb9e6c4dcb7e31b2898d4a97dcc264,non-GDPR
germany/schleswig_holstein,6a003800c1be057b8fb914a38682bb1b,non-GDPR
germany/schleswig_holstein,2efa52ead24fd7441a32e5645e35c72c,non-GDPR
germany/schleswig_holstein,46059f4ea5c6bf696c22e3030191e8c0,non-GDPR
germany/schleswig_holstein,e66d55e9c35448094d5a1403910d7e53,non-GDPR
germany/schleswig_holstein,43dcb093a0577a3b222a7eff12223d78,non-GDPR
germany/schleswig_holstein,36b70d8a785791d46f4f6ede29a18df6,non-GDPR
germany/schleswig_holstein,8258ceace8e87efe8315eb584f14817f,non-GDPR
germany/schleswig_holstein,1ae55da224fd5032159d6dce16018c67,non-GDPR
germany/schleswig_holstein,5b90dad47892328e4c04ac67786c25ae,non-GDPR
germany/schleswig_holstein,b200e1b03bbf7bccd571fbb902d417dd,non-GDPR
germany/schleswig_holstein,667258c82b228b00773aeb1c7c8762ca,non-GDPR
germany/schleswig_holstein,93967a7bcca5c1d9dd957325479b5db3,non-GDPR
germany/schleswig_holstein,4e29850385dd06611b44ad9bb0dd4929,non-GDPR
germany/schleswig_holstein,b61268f635858403b4af038988d85848,non-GDPR
germany/schleswig_holstein,a37dda34804461066797c5e3456b54cf,non-GDPR
germany/schleswig_holstein,1ada0c6e4f94ae0533f4c58c543812a5,non-GDPR
germany/schleswig_holstein,2f43014c05af55e713af9f4405a6ff5b,non-GDPR
germany/schleswig_holstein,ba601941e69fc918bfe57924fc1677a0,non-GDPR
germany/schleswig_holstein,662f9963ecc1957926dea888b1cbadbf,non-GDPR
germany/schleswig_holstein,e8abf89a80b671c0712a221e35c453b6,non-GDPR
germany/schleswig_holstein,c542a540fa205edfc354d17858df2b10,non-GDPR
germany/schleswig_holstein,6d06be7afaf879a66c517046c2312772,non-GDPR
germany/schleswig_holstein,4a7c6f7175389e4a6e57f2afb5ecbe30,non-GDPR
germany/schleswig_holstein,1ee7c1c1e7dd8738786f5e3a62a57318,non-GDPR
germany/schleswig_holstein,ee5f666fc98d6e539c8e747738a18370,non-GDPR
germany/schleswig_holstein,ddaa38040c56f00f39290731a8cec099,non-GDPR
germany/thuringia,7d0a6287e1bc1f3b8201936d018aea6f,non-GDPR
germany/thuringia,f321671c531da392375fe95b054c6f45,non-GDPR
germany/thuringia,63174fa3820a080fc0a9967a5cb57c82,non-GDPR
germany/thuringia,1dd7de78a446c5fbda528fa558d56b4e,non-GDPR
germany/thuringia,9363241a3cec85ffea6a7d7212a2f300,non-GDPR
germany/thuringia,3508e71af2dfdf5b4b521f5756f28e03,non-GDPR
germany/thuringia,f630399dde6f8cf87e81ea2e8a47b04c,non-GDPR
germany/thuringia,eff006662f3ab4b3b85be2c34cd2e87a,non-GDPR
germany/thuringia,913172c6e036b973304dbecb78812dbc,non-GDPR
germany/thuringia,ec81124629f09cfe60a9f21782a0fba2,non-GDPR
germany/thuringia,7fa606e3d8d3efee7791a8415d9e585a,non-GDPR
germany/thuringia,c49ba0974d8e385b48a166d89ecf9797,non-GDPR
germany/thuringia,f5f42408505850380729da93d165c637,non-GDPR
germany/thuringia,9030c8a4ae33be9f0cd0108782915c77,non-GDPR
germany/thuringia,610d4c34676e787a6c19f319bfca5e14,non-GDPR
germany/thuringia,d37c0705691555cb191d0caa0f534558,non-GDPR
germany/thuringia,1187369ab25036eb5a2035172d29287d,non-GDPR
germany/thuringia,7e45be383817237922f24d741246cdd4,non-GDPR
germany/thuringia,935aff8726e64e4cc05348206ca77e3c,non-GDPR
germany/thuringia,957a2851f20a70c903cdcca6723f33c2,non-GDPR
germany/thuringia,8224c65a814074ff720c5475763ca180,non-GDPR
germany/thuringia,ea41ab14fe0c35745108ff7a84eedf88,non-GDPR
germany/thuringia,cddc581f230a6dba82880d4e8c5af9a0,non-GDPR
germany/thuringia,8d7aaf36ef272f34f12fc8ef02c4b21e,non-GDPR
germany/thuringia,287e6749d3eda01e3fb3f965a1b3f557,non-GDPR
germany/thuringia,1834bc720fdca1031ec3f0c75052f7b8,non-GDPR
germany/thuringia,d158b9faa960135dfa096a7fe192da52,non-GDPR
germany/thuringia,a7dd7027ebd9ce6b3c07088b2490f7de,non-GDPR
germany/thuringia,8b315406388da9c696ccfe7a6a45aa77,non-GDPR
germany/thuringia,0004d46799db32e7437a0b59b94d3090,non-GDPR
germany/thuringia,ca1b24a19c8e873d7d88d02b53b7af65,needProcess
germany/thuringia,853617c0e920c56e9183b5e9d033283e,non-GDPR
germany/thuringia,c0160f09caa411e61efb51bd2cee246c,non-GDPR
germany/thuringia,3996c644bee650c99a116092a818993e,non-GDPR
germany/thuringia,31ace0901abf0dec80dfa2a5ef144f1d,non-GDPR
germany/thuringia,791f961df7a92eb246e31e676b227623,non-GDPR
germany/thuringia,e54bf6f4dd5ad2821fc1e4648e0c7884,non-GDPR
germany/thuringia,fd2c12ac2f337a1cbce149a8f844dd36,non-GDPR
germany/thuringia,841160a627b17c5f79d83f2c3c7cf24a,non-GDPR
germany/thuringia,944319e465bad22b806fa154ee1170fc,non-GDPR
germany/thuringia,cc966bd1d73a3a24d27aa7db17e558bd,non-GDPR
germany/thuringia,9df20856def5dd6a3584de471ba2e321,non-GDPR
germany/thuringia,7cacc46f5e5c0905cebca43acffc6cdc,non-GDPR
germany/thuringia,2b2655b759cd63ee5e2b813ece02ef27,non-GDPR
greece/Decisions,6f9e54720a01a0c4cd584d83a6a95fb1,needProcess
greece/Decisions,06d235a20d4dd75dada0229c739e89de,non-GDPR
greece/Decisions,fdc8ec48f5aebcb51f4342bbcef6f5e2,GDPR
greece/Decisions,6e556feb88cf12c81661720118fd3a7d,non-GDPR
greece/Decisions,4ad2be2f0359d1d7910861004e8a11e4,needProcess
greece/Decisions,f4cefbbeb842dd6152c3647e3e4bf442,needProcess
greece/Decisions,48762cff235d1fc18fe200e983fdcec3,GDPR
greece/Decisions,685570d69d13ccf004b127554e766b15,non-GDPR
greece/Decisions,09338bd0f95c9a74b33d3d87ec97eb1f,needProcess
greece/Decisions,74cfd40c03c8a95f29bcb465f51f13a8,non-GDPR
greece/Decisions,aa55227ac970e8d3490e2a33303e1128,needProcess
greece/Decisions,7c70be5031e6da444b60167c3b6dfe26,needProcess
greece/Decisions,8080c0707f7647c0104b234d84abffa2,needProcess
greece/Decisions,a6596f24284922153803336f893f3915,non-GDPR
greece/Decisions,95e1675e6421584e0b25d62409bfbc56,needProcess
greece/Decisions,48a010cf0ea3397f4d6d838f6472c89e,non-GDPR
greece/Decisions,75f6f5d88d34ca003c36be49e8036a73,GDPR
greece/Decisions,3529d85b8ad249ea2f45efe86a3bcafe,needProcess
greece/Decisions,e33ef42dfb60183b607cde7bd68ca5d8,non-GDPR
greece/Decisions,c493c7be120e346de92ffc8455508ac0,needProcess
greece/Decisions,3ad1834413d2822159b95fac396215a9-21_03_2023,GDPR
greece/Decisions,4bdf1d475ba7c79adc3a0aec5dab78d6,non-GDPR
greece/Decisions,7e6c3191f5d3bde9309cc9cd3ec0321d-08_02_2018,non-GDPR
greece/Decisions,e39d28faf9c22e84c79233eafaee5794,non-GDPR
greece/Decisions,ecb10cd879aeebd78fb262bef22e3480-20_04_2022,non-GDPR
greece/Decisions,b4b7ca9b7fdc9f3e1baeed82104e2b1f,GDPR
greece/Decisions,d99283314f0f3bdd0284573fc6124eac,needProcess
greece/Decisions,95136c33f8a27b86b8715f4d29addd00,needProcess
greece/Decisions,8350fe749f1ebd00e70b62d0f5b50609,non-GDPR
greece/Decisions,39101042b1959be4e0b942135093d8f9,needProcess
greece/Decisions,631c5296d6593270acbd919eafbca681-19_01_2018,non-GDPR
greece/Decisions,a91770710899e031b16f5ecc00819a3d,GDPR
greece/Decisions,af1f4afcbb39666c50a60e033b10f985,non-GDPR
greece/Decisions,391627a896f5687bf30ae8651c997020,needProcess
greece/Decisions,7dd4a783375a046855dd52eb333ad19f,non-GDPR
greece/Decisions,5c11689a3c2dc8111c258226be024059,GDPR
greece/Decisions,d3bcf59d35318b68484f9c7cea3e4f00,non-GDPR
greece/Decisions,2c51f82da42191ad1e21d3b37c8f6ad3,non-GDPR
greece/Decisions,697d9ccf303fe47403e9ad93508d087c,needProcess
greece/Decisions,a5d175e6cd856847a0432ff73fd8d98d,needProcess
greece/Decisions,eca01b25f6fe57306c721ffa82ba30c3,non-GDPR
greece/Decisions,408fed99564e5d3666db30c626c7ac06,non-GDPR
greece/Decisions,73c313fa8775981c1e78b6c1b64fea5f,GDPR
greece/Decisions,1744215c9ff9c19c4de20ae8ccab07f2,GDPR
greece/Decisions,1f84f3c13e47b56fe46acd120fe621da,GDPR
greece/Decisions,cd9f36ad32df95cafc53bc5dc6e0f5f4,non-GDPR
greece/Decisions,f9a27ef056a6f179ce170dbc2153800a,non-GDPR
greece/Decisions,87077ab5c451e98fe5c0e7b81502fb75,needProcess
greece/Decisions,28c58767b38b685d6d740ec1e92aa00e,needProcess
greece/Decisions,08a6b0c063aa7016e7fce8b8a9cd859a-25_09_2020,non-GDPR
greece/Decisions,3241a74b6d7f7b3eae5c8f55e27390ed,needProcess
greece/Decisions,21ebff51e4a20803242b96fb9e1a3595,needProcess
greece/Decisions,631c5296d6593270acbd919eafbca681,non-GDPR
greece/Decisions,ee88bdd294e06db924810bb58d164255,GDPR
greece/Decisions,a9888c8fbcf7c0be6050132a1becb8db,needProcess
greece/Decisions,49e8b1110aee7c82a64075ba383876a7,non-GDPR
greece/Decisions,11e96c912fcd6712ded22c7b72e9af9f,non-GDPR
greece/Decisions,b47a3e50d6dd94088f293379eaf00079,GDPR
greece/Decisions,23d3562b168ff46242f3e0d6a93a38b0,non-GDPR
greece/Decisions,c716c065cc0c6d5f357b2564389264dc,GDPR
greece/Decisions,69468989cf7ec76cc0e3dd64cf1b8c23,non-GDPR
greece/Decisions,033e1cfa87dee6d6dd62d77acb0d423c,GDPR
greece/Decisions,7cea5abc9489621b5649fa3340c94670,non-GDPR
greece/Decisions,4ce56b39f80513443d5685bda5094127,needProcess
greece/Decisions,6203891f27b2ab88ef28fa009c09aa7a,needProcess
greece/Decisions,cea2dd32dc4762f175b71769e12e15cb,GDPR
greece/Decisions,d95bc9e87600830a9556fd25286cb893,non-GDPR
greece/Decisions,ecb10cd879aeebd78fb262bef22e3480-31_08_2022,non-GDPR
greece/Decisions,ddef2744db6ea7ac473a84843a53a3e1,non-GDPR
greece/Decisions,aa55227ac970e8d3490e2a33303e1128-31_10_2024,needProcess
greece/Decisions,2564693f5316af947b9b5bcc8ccb0925,needProcess
greece/Decisions,38bfe833cd5ded07bf161ad0acfe40e7,GDPR
greece/Decisions,3ad1834413d2822159b95fac396215a9,GDPR
greece/Decisions,2b3fd8b7405f2bd178ed623650dc546b,non-GDPR
greece/Decisions,24ec85c908dca0047949eb4015a49da1,non-GDPR
greece/Decisions,2052d32c367b5f35af54c70722176ae1,GDPR
greece/Decisions,1a17db896156f3062c58642c232546ac,non-GDPR
greece/Decisions,b7701b9f9aeff601ae1117508152fe03,non-GDPR
greece/Decisions,7ae8556d39885dcddac616752c2830df,needProcess
greece/Decisions,d6d6bd01154d9ea8b973526b8894f8d8,non-GDPR
greece/Decisions,5ca0e3e999c100638962c1bc03f7efb4,GDPR
greece/Decisions,cf48a5917539ac7f281519e529630661,needProcess
greece/Decisions,94e6e9b1797f62a3fd67148e0993c959,GDPR
greece/Decisions,88c0df9dc5d2e159125b42d3689ded58,needProcess
greece/Decisions,78d79dd266d663f7cd9dd560b99aa1f4,non-GDPR
greece/Decisions,38ac5ddf5174b1fb89bffcd2c43fa808,non-GDPR
greece/Decisions,f98802555f64a9c155dc43a0a47d3422,GDPR
greece/Decisions,9e14aec60e9125014a444a0628d19e08,non-GDPR
greece/Decisions,fa5a972e433f27d649440a263b4f7bc8,non-GDPR
greece/Decisions,622763259b5c919e205aed38e4ac0eb4,non-GDPR
greece/Decisions,5f3901906497449586158dd0b12529e7,non-GDPR
greece/Decisions,65b1876880c465c7abff5434137e5300,non-GDPR
greece/Decisions,29dfc6ee807f5058c12f9c3decfa14a5,GDPR
greece/Decisions,51ee2f6159984019d393582f9da92559,non-GDPR
greece/Decisions,07bb9b5174f55eae3b647e4696aa241d,non-GDPR
greece/Decisions,af0d7ab2cf1347f210b0ddaf915cda44,GDPR
greece/Decisions,149dddac234f25118bd31a2e25e6b4c3,non-GDPR
greece/Decisions,13f1b43e04f485eed37c53a64677ff4c,GDPR
greece/Decisions,190af2c656582ae784b1470e30e6042c,non-GDPR
greece/Decisions,33574a2f65df5b702fde461d0d4c1215,GDPR
greece/Decisions,4e9613f77bfd3c5db1cbafabc5f0b030,non-GDPR
greece/Decisions,aee2762a70f609f1b6bbf903abd5170d,GDPR
greece/Decisions,63451e9c8b7feabea054b987849c6dff,needProcess
greece/Decisions,28b13bf560104368fd9a8c98c033cefb,GDPR
greece/Decisions,2ed0f904e0dad931d011d18519714331-11_02_2021,non-GDPR
greece/Decisions,c67f09f8a9107ad201b6e31bdd1d1fa1,non-GDPR
greece/Decisions,6500839cb02aa2886269e8def7760afd-23_12_2022,GDPR
greece/Decisions,f1466cb91db2744cbf54f6ec5d7364c5,needProcess
greece/Decisions,a538869577a3a36a1ef3ca6f66b083d5,needProcess
greece/Decisions,b2914314ddc18519f394b7f1a3567c63,needProcess
greece/Decisions,b4d392f9f43d0865e5bd76277f50ba3f,needProcess
greece/Decisions,b9ad7130d9078bfb3a791c1e23851497,GDPR
greece/Decisions,35cff1b9e7ea7a55685488322db3a439,GDPR
greece/Decisions,2e577b2c95b7f7477e83c714dd4bc2bf,GDPR
greece/Decisions,ae67b3c5e533505a82e19f04536d028c,GDPR
greece/Decisions,40025dc800e5c88cd0a243ec03796449,non-GDPR
greece/Decisions,895da8427fbc28c3b83638880c070931,GDPR
greece/Decisions,08ea0af9d1e501d6da9245c7d0226de0,non-GDPR
greece/Decisions,40f47d06bf0f4012abb04fb917a2556b,needProcess
greece/Decisions,15360b39446a040337c81c91516569af,non-GDPR
greece/Decisions,64184adff81636b468161f732cbb04e2,GDPR
greece/Decisions,37b39d918f531b804b82669075b080d1,GDPR
greece/Decisions,deda9d94b43651100d3d19b47c4f4890,needProcess
greece/Decisions,239097287f3788601bc1d35e7a73ae51,GDPR
greece/Decisions,b7b9cf711cdf1b40ffec40ea9df37790,GDPR
greece/Decisions,ae88ef3decb25fffdbe2168af815dada,non-GDPR
greece/Decisions,86f03f06b5ee8de3717ec4dffad27454,GDPR
greece/Decisions,2cd06895cb60982e5fede515cf3ec333,GDPR
greece/Decisions,b368abd06636313a7080e5b7fefe4aae,non-GDPR
greece/Decisions,aaa502ac2f208a1c9edcaf3cfc4d0a69,GDPR
greece/Decisions,ca1a30f13b4f7d18b5d014ebd09567c4,GDPR
greece/Decisions,ecb10cd879aeebd78fb262bef22e3480-03_09_2021,non-GDPR
greece/Decisions,fe3c196bca022cb8b4be49fca05d77a1,non-GDPR
greece/Decisions,c9e39378bbd098741af7111a3a8b0c64,GDPR
greece/Decisions,3f458bd41d177682603ca8711d83b459,needProcess
greece/Decisions,c8962e43c0805496aead8de32f3c1bae,needProcess
greece/Decisions,6c7d132a34a6a9d2b173f5b92d26e2d7,GDPR
greece/Decisions,be88ea113cac000ca032bd5f81aaf304,non-GDPR
greece/Decisions,e5d1ca0d7cb26ccd13a49f60fd58b0b3,non-GDPR
greece/Decisions,9275db8a1813ea293555315ab22ed5e7,non-GDPR
greece/Decisions,c40fa3f2b7f5b80fd1a71e4a1ffa6ecf,non-GDPR
greece/Decisions,03a7c1afe9931bb5f8a3af7d3ee46837-13_09_2019,non-GDPR
greece/Decisions,69e89683b350952e121cfeb03556a9a8-02_12_2022,non-GDPR
greece/Decisions,880b68411bda61c7dff444a6bda01be4,non-GDPR
greece/Decisions,2c51f82da42191ad1e21d3b37c8f6ad3-25_09_2020,non-GDPR
greece/Decisions,3241a74b6d7f7b3eae5c8f55e27390ed-28_12_2023,needProcess
greece/Decisions,bb00262d257f0efb7dafcef637480c00,non-GDPR
greece/Decisions,72efb6f6f08f2e87dc4e9a8e775a7d91,non-GDPR
greece/Decisions,bc02302473a30000285961f6ceee8510,non-GDPR
greece/Decisions,ecb10cd879aeebd78fb262bef22e3480-28_03_2022,non-GDPR
greece/Decisions,559145ac48cb93699c05b6569d1e2ec7,non-GDPR
greece/Decisions,cab3fcd9e04ce83325e15d5949a951a9-24_04_2019,non-GDPR
greece/Decisions,ddb9247b4333be09047092e8372f98aa,non-GDPR
greece/Decisions,83a5c08b6d78817426d808f93d498885,GDPR
greece/Decisions,49bea9bf79cdbbd2759d0f17658b1b58,non-GDPR
greece/Decisions,7af640579770a71834ddf1f02ea49e2e,needProcess
greece/Decisions,fe96106f60c51ec854d9c6caa2741575-28_03_2022,GDPR
greece/Decisions,85a5f09968d7c1542ac2f1f086e12fc5,needProcess
greece/Decisions,63fc0f397dd505630ef92945043a1d95,GDPR
greece/Decisions,7b22c8fc898e9a33ef9e92981beaffb9,needProcess
greece/Decisions,7c23a5f208afafc4c562d46afa59fba0,GDPR
greece/Decisions,b7f9e98aab397a35f3face8930b143d4,non-GDPR
greece/Decisions,5148022e627505ccb19dada2e34f5706,GDPR
greece/Decisions,e5e40094e2b3bb6ae475c21037c8b23c,non-GDPR
greece/Decisions,329e5fd93b8f0f8832fe5a826f76154d,needProcess
greece/Decisions,9ce8748b0151f2846f44bd214f0f6fcd,GDPR
greece/Decisions,0677106d951ddd48f33d05112687d111,GDPR
greece/Decisions,b3a45c5bb3cbc5ae3f2076ef1b7beaf5,GDPR
greece/Decisions,9ee2e6cc1b168b24c4b75b3b3d3b4ae3,GDPR
greece/Decisions,221b8d52db9adfdf334324d0ca2cc49b,non-GDPR
greece/Decisions,b86da62b607685d1cbfdf67223def993,GDPR
greece/Decisions,3c96dd692dbf10dddae1f9984c68b419,GDPR
greece/Decisions,ef1a152d257dc697ce62b82dd227e901,GDPR
greece/Decisions,8c34a2def7f4b94507f9cdd7216645e9,needProcess
greece/Decisions,0003e1e6dd19d2656c3c469b6d49d322,non-GDPR
greece/Decisions,c7db468317e2f2aff7af8f0f2d6cbcf2,GDPR
greece/Decisions,e82f1c607d0f2a7a43536e1303d9fb65,GDPR
greece/Decisions,4dc870c4e9cf1e9c4456be77a8697253,GDPR
greece/Decisions,ae815a714caf4e0db643622d763cf8e6,non-GDPR
greece/Decisions,0b44951fe27b7539cae004ea93616e2a,non-GDPR
greece/Decisions,91d2d0ab9cfe13073ae91d2b3e6d0ca0,non-GDPR
greece/Decisions,ecf702d9ce1fab0024332362b36c41fa,GDPR
greece/Decisions,ffb9233b5c71e83697bd1fa3555f6c80,GDPR
greece/Decisions,58d8aa707e4f82ce84286c63902fc15d,GDPR
greece/Decisions,efa70a7b2c0e06737292e8886c8fe3f6,non-GDPR
greece/Decisions,fef25ad68a2453839edd649eeab13d4d,GDPR
greece/Decisions,e83161a383fc73fabe8e6f6a31c3d77e,needProcess
greece/Decisions,3f1bad19b0e97f1f4b555f2abb5e863a,non-GDPR
greece/Decisions,02c3803e47e2bb24a2feb07e1eb0a1ea,GDPR
greece/Decisions,d970f082bc285106312a5a4f6c151191,non-GDPR
greece/Decisions,d248e3cb913474741879f884ea4338dc,GDPR
greece/Decisions,08a6b0c063aa7016e7fce8b8a9cd859a,non-GDPR
greece/Decisions,97964d25d4d08f2e53dabf4467e0de23,non-GDPR
greece/Decisions,2817d2252c8cffbe4a95d6eb82acb39b,GDPR
greece/Decisions,f3b3746b9d35a76e51a44402f920d0b3,non-GDPR
greece/Decisions,cb9bbf526d6edca52fd8a39a1d084ca8,non-GDPR
greece/Decisions,c5e9d30ec7d3f9e19fdecdca9623ff22,non-GDPR
greece/Decisions,e332adee84d6150fcea789b2db16954f,needProcess
greece/Decisions,02dd0432d4097661c0536d45c8293507,non-GDPR
greece/Decisions,ecb10cd879aeebd78fb262bef22e3480-16_12_2021,non-GDPR
greece/Decisions,95e1675e6421584e0b25d62409bfbc56-28_12_2023,needProcess
greece/Decisions,bf3e3ffc1d1b3df210f628a7df9303e4,needProcess
greece/Decisions,ff2a18a48089dc81a84ec3e3df7c091f,needProcess
greece/Decisions,03901abc041cf3983121c819ff687846,non-GDPR
greece/Decisions,18046e16d9e4fc8eb51a7c215fdff450,non-GDPR
greece/Decisions,186aa07b853952997598c737862eedf8,GDPR
greece/Decisions,9d8cd0dd3e5186ff59d7f08dabd5a6a6,needProcess
greece/Decisions,5b4b174dd0f347def6011b16dba32b2f,GDPR
greece/Decisions,bbd2bdd7d90fe1bb4de33dab107cd7d3,non-GDPR
greece/Decisions,c51ae5a1d5cba948b1d9a3c9eb160508,GDPR
greece/Decisions,6762f783c49e496a2047f31717cf6c3c,non-GDPR
greece/Decisions,5bb3e6068c85399f5d7aca58339a9dad,GDPR
greece/Decisions,0f5fcd52296baa4f73b0619084e55dcb,GDPR
greece/Decisions,c6d3a707d2496c61b0546b63656bbfcb,non-GDPR
greece/Decisions,0b44951fe27b7539cae004ea93616e2a-21_08_2018,non-GDPR
greece/Decisions,b3a45c5bb3cbc5ae3f2076ef1b7beaf5-13_01_2022,GDPR
greece/Decisions,5f0ce988f3bc09a9915deaaefb7c6bca,needProcess
greece/Decisions,08a6b0c063aa7016e7fce8b8a9cd859a-10_06_2020,non-GDPR
greece/Decisions,dfe8c38f1d6856c9234ebf67a1c026e1,non-GDPR
greece/Decisions,d5acefbcee8a000f8c71bfe4e467dc5a,GDPR
greece/Decisions,fab9d537e2f5b476a8daca875842bb25,GDPR
greece/Decisions,b3ffa33846f9baeac0aeada35f359849,non-GDPR
greece/Decisions,8ae736bbc7e419ce9ae1a8b7a67bad9c,non-GDPR
greece/Decisions,22e04bea084e92d060942848a5985994,non-GDPR
greece/Decisions,c76ae09b4c19c4fbfa235d8ff7085a4b,needProcess
greece/Decisions,0c6a12d4be59b55a5a62c0e7de512118,non-GDPR
greece/Decisions,03a7c1afe9931bb5f8a3af7d3ee46837,non-GDPR
greece/Decisions,69e89683b350952e121cfeb03556a9a8,non-GDPR
greece/Decisions,a426ad33bdc00c00c2ba96f17f705ee1,GDPR
greece/Decisions,ecb10cd879aeebd78fb262bef22e3480-28_09_2021,non-GDPR
greece/Decisions,1662c745bb4edae13cf6026fe106267a,non-GDPR
greece/Decisions,ecb10cd879aeebd78fb262bef22e3480,non-GDPR
greece/Decisions,7cd48c5665756ea7a6d1ebe277f6d779,GDPR
greece/Decisions,7415cee119f08bd92042836ffcc81b63,needProcess
greece/Decisions,9e9357c3193d941fb3361fac933316cc,GDPR
greece/Decisions,71323dd06057920a73e680fc8e429975,needProcess
greece/Decisions,0a1554c761b8c8cbabeb7d564ddeb285,GDPR
greece/Decisions,9f57fbad0172651dcbb9fa28c2054dc4,GDPR
greece/Decisions,12d35096cea2abd1d02857c92cf17c23,non-GDPR
greece/Decisions,6a4738fa3f4bdb9c6efcc7dd0795ebce,non-GDPR
greece/Decisions,02a3c44b8994a8f107fe5f0710e4cce9,needProcess
greece/Decisions,54f0523564c9bb9c8e30de250640e688,non-GDPR
greece/Decisions,284e3590848712af62b442a5c30521e0,GDPR
greece/Decisions,42bf14310e9fe2662cc0be20467b34ff,needProcess
greece/Decisions,77132be08c138f00b5b0c3ec6156b1ee,non-GDPR
greece/Decisions,f18f026d36c01edb189b23079812979f,GDPR
greece/Decisions,78e9f4e033fc9197acc0698312ce1aad,non-GDPR
greece/Decisions,4fce77d194d27d8ce77e080905dc9ea1,non-GDPR
greece/Decisions,9d82b756e045fea37e8dc3ce17189626,non-GDPR
greece/Decisions,377f2343309a6b89b003d667e3d92a7c,GDPR
greece/Decisions,31bd4474ce4284d9064cc0502bfe5ca6,GDPR
greece/Decisions,4e587c56f2fb55914e1b27b35c0175bd,non-GDPR
greece/Decisions,9918c291a9e77e48534633e3cdfa8c0b,needProcess
greece/Decisions,72f6c5257ca779658274307c7c93584e,GDPR
greece/Decisions,722fc4d9fe6f7d064d6a1ea579d74b5f,non-GDPR
greece/Decisions,5ff681d17995b4fbfb1101044ad128e6,GDPR
greece/Decisions,f62fa2100738d05de570afe2795bb403,GDPR
greece/Decisions,75367753a3817702351cf32957a1de1a,needProcess
greece/Decisions,8293a84233467391ca864ecadfa51f86,non-GDPR
greece/Decisions,e521534e1d73e0d8f77b1a43ae3e4ccd,needProcess
greece/Decisions,cab3fcd9e04ce83325e15d5949a951a9-31_12_2019,non-GDPR
greece/Decisions,246044d61e9ab0ec073c2f2293f2d5d3,GDPR
greece/Decisions,bc3035efc06f3348e945567859f49b3f,GDPR
greece/Decisions,e89c78d29560f8caaa595f473724f913,GDPR
greece/Decisions,1e369b50ba5b6b7e1a2e52cd8c90c8f7,GDPR
greece/Decisions,ddb99774e493d8d19d049d8049f04ebf,GDPR
greece/Decisions,727e4f8d3077aa0b7d3127b764d9b1e2,needProcess
greece/Decisions,396d6d3503e636a568bd4e9a131bcd11,GDPR
greece/Decisions,f2ab218d21904056dc14be58ca81a36f,GDPR
greece/Decisions,df4b526e4264c28299fee0b2f4aab3fd,non-GDPR
greece/Decisions,989cc24338006f4950e01ba80c93e5c6,GDPR
greece/Decisions,cab3fcd9e04ce83325e15d5949a951a9-30_05_2019,non-GDPR
greece/Decisions,d5e06897bb5e9253cc8ca2c0c5c4ec5d,needProcess
greece/Decisions,08a6b0c063aa7016e7fce8b8a9cd859a-08_10_2020,non-GDPR
greece/Decisions,6b24f63fc758526334830e713e94eb8c,non-GDPR
greece/Decisions,bdd284d469177ef65b82436d48b37b84,needProcess
greece/Decisions,b611340cb042618566fcccfffe3034ba,needProcess
greece/Decisions,5a7f727bd50a59414178d6a2bee6337b,GDPR
greece/Decisions,5c2483dd554f8f30d274e41fce463dd9,GDPR
greece/Decisions,34072a6c363223f3052d63f171b210ed,non-GDPR
greece/Decisions,e332adee84d6150fcea789b2db16954f-29_02_2024,needProcess
greece/Decisions,1cc37877740f6a57adbd85b20240d72a,GDPR
greece/Decisions,32528e0f79a09051fba7723c6d3f5339,GDPR
greece/Decisions,db5e794389f7993686661c2e070695f6,non-GDPR
greece/Decisions,84333b24e00e6984a8e28293f4304cfe,non-GDPR
greece/Decisions,84504142ae2fd0fe5e240498c286b450,non-GDPR
greece/Decisions,6aa9b16139d1cfffc2784f0264ca1ec1,needProcess
greece/Decisions,7e6c3191f5d3bde9309cc9cd3ec0321d,non-GDPR
greece/Decisions,5e9de1f0b148d2bec56fee0f913002a9,needProcess
greece/Decisions,10ad65c85e868f77b9590587ea16f1c3,GDPR
greece/Decisions,5cad85778dc98dee0805069bd5397ff8,non-GDPR
greece/Decisions,f8cf86661446743edbbebb8f3716d4a3,GDPR
greece/Decisions,0a41409cb4612fced8d6dd6cf694df76,non-GDPR
greece/Decisions,11e96c912fcd6712ded22c7b72e9af9f-09_06_2020,non-GDPR
greece/Decisions,10b219a2521360af622564aa16642e5d,GDPR
greece/Decisions,2fae6579966185376922bdbb5ca13b60,needProcess
greece/Decisions,b3093de9ee5a052888fa2a1397dbac21,needProcess
greece/Decisions,6500839cb02aa2886269e8def7760afd,GDPR
greece/Decisions,8bfc6e8a42291af13de6bbbf8d8cc61f,GDPR
greece/Decisions,fbab22947cfe279a3fa0c98b3eeb8ba5,non-GDPR
greece/Decisions,8555b240522df221555de31f14ddb876,needProcess
greece/Decisions,7f18931ede94db2c54dd2888e5ff2852,needProcess
greece/Decisions,261009ea719db3a8743bbfc35939f5bc,GDPR
greece/Decisions,959409996fb7728ee4d55711435eff45,non-GDPR
greece/Decisions,c16e4ff22c01bef4a5f464d3f1f2f628,GDPR
greece/Decisions,64cf42e736e3692206e1d4a79c65bbc4,GDPR
greece/Decisions,2ed0f904e0dad931d011d18519714331,non-GDPR
greece/Decisions,7112f3c606450d7d9939ff9be1df91a0,non-GDPR
greece/Decisions,7fad4e9d35cef2a726f60bf2bc187a78,GDPR
greece/Decisions,47384daa133f0ed2564eb1aeea36ba37,non-GDPR
greece/Decisions,1cd68e4b2b5d496ef5d9cf7e5738efc3,non-GDPR
greece/Decisions,0db2645e83240f08347494730a080152,GDPR
greece/Decisions,31643cd6211005d48b40c4aec7e07598,GDPR
greece/Decisions,43f15909af94b7e5935d2eab3a36dfdf,GDPR
greece/Decisions,adeee8a9d1cde3d98742347df03ce28d,needProcess
greece/Decisions,cab3fcd9e04ce83325e15d5949a951a9,non-GDPR
greece/Decisions,827ccece2b73fc81004ca379458eb8e8,needProcess
greece/Decisions,2430b56a94fff286b68ef1c42bdfb8b8,needProcess
greece/Decisions,78d79dd266d663f7cd9dd560b99aa1f4-19_08_2021,non-GDPR
greece/Decisions,da76e2e4eb1638c07b8bf74ad7c73c75,needProcess
greece/Decisions,e7b1240c0ac79ddcb1125c4c19d5e02a,non-GDPR
greece/Decisions,fe5f128fe904b18bba474882d82ca9a4,non-GDPR
greece/Decisions,e33ef42dfb60183b607cde7bd68ca5d8-11_01_2018,non-GDPR
greece/Decisions,f204b719c175090c91812b8f2e777d1f,GDPR
greece/Decisions,86ec5988757cf1e3a93f460c7763394d,non-GDPR
greece/Decisions,62cdda4dd0713283d65aeaa95827bfe0,GDPR
greece/Decisions,ad4a0addd3a61a69336b998257dd05bd,non-GDPR
greece/Decisions,23fa59c19bb3f8d0d3745b36539029d5,GDPR
greece/Decisions,0463a37ce7679affe6a17fff548a89de,GDPR
greece/Decisions,e143560adddc87301425453e9455064e,non-GDPR
greece/Decisions,44e2a6be6bc53ed9c5f8910124053dce,GDPR
greece/Decisions,025b36018030b278944d08180ef64ff6,non-GDPR
greece/Decisions,e7c36a3454c6ffa517b93b2437a05ca6,GDPR
greece/Decisions,2370ce1b4d9ba05aef36f3b5bdc8187b,GDPR
greece/Decisions,a752e1f2561188c536729a1b54a7a972,non-GDPR
greece/Decisions,5a973a972261fc3afcaf1379434202b0,GDPR
greece/Decisions,36a7e8d54355e89f4fa0886f6cf6d969,GDPR
greece/Decisions,07c34474b18005d6337e349e86bfc3f4,GDPR
greece/Decisions,aed18b29bcc5ffb5551815f04eb37ca8,non-GDPR
greece/Decisions,239e9c0783a05d67599a0dd0210622c3,needProcess
greece/Decisions,a757c72754a6cd869186dad014ab4062,GDPR
greece/Decisions,ea4fc394a8306d145f7277a096a54b6c,non-GDPR
greece/Decisions,c7d9e0b25de9d7b1f94543d254879ea0,non-GDPR
greece/Decisions,045374ecb725d237f0cbabe98c2b94b7,non-GDPR
greece/Decisions,3360b1fbc2f44249183d8c81ef3ed789,non-GDPR
greece/Decisions,cc80416f2f8b1e63fcc5682a4ea6af08,non-GDPR
greece/Decisions,b87a9f53dfa68b8cc951bd4e3fd432c0,non-GDPR
greece/Decisions,8e6870b5c15a401fc32bfbe16fcb35c4,non-GDPR
greece/Decisions,7fed0cccc294f48c2b2d252f9d633076,GDPR
greece/Decisions,4ae70a219f0544f713bf5ea0cd3ee4b7,needProcess
greece/Decisions,f06b06d9838d3f7ac6b1c38b9fd8129e,non-GDPR
greece/Decisions,ce6aac5b214ed7beffdae6f7938b0a33,GDPR
greece/Decisions,a0320acffeaa9ecc1d0aad62fa8504ba,needProcess
greece/Decisions,2c51f82da42191ad1e21d3b37c8f6ad3-08_10_2020,non-GDPR
greece/Decisions,cc05bb56310e8b7bf35fd460617c7e6e,GDPR
greece/Decisions,3b0078c83e9e34b6f8458d8e6624c484,GDPR
greece/Decisions,5480eeb0968b36ef9d338940406ea457,non-GDPR
greece/Decisions,fe96106f60c51ec854d9c6caa2741575,GDPR
greece/Decisions,bcacfdd355917c89b59ac8e7cecce031,GDPR
greece/Decisions,7eaaa7f7c1b6220c5202129fcc254056,non-GDPR
greece/Decisions,889359e21c438f6c5e3e73eb4226a20f,non-GDPR
greece/Decisions,8e934b2cf38a08bdf52aff449430a5db,needProcess
greece/Decisions,591b1dd68d96f5e30ce82807daf36e9a,non-GDPR
greece/Decisions,a4d6dad4f18b1218dd572e08fbb0339e,non-GDPR
greece/Decisions,db24d90519bfcbc479a41d858f2a99eb,GDPR
greece/Decisions,f73b48959b89ee3f455639c40a5dda81,non-GDPR
greece/Decisions,38cb7c579163775b335c639f086190e6,non-GDPR
greece/Decisions,2c51f82da42191ad1e21d3b37c8f6ad3-09_06_2020,non-GDPR
greece/Decisions,2ed0f904e0dad931d011d18519714331-29_03_2021,GDPR
greece/Decisions,a24ae6d467e4048a1da31fcd0031ec8b,non-GDPR
greece/Decisions,b01fbafead740804e48ea5822da35924,non-GDPR
greece/Decisions,c8865fb723d93739d67ee059151a05a3,non-GDPR
greece/Decisions,42c8065eb75e460213aee582f4cafa86,GDPR
greece/Decisions,544e0487d175353bf21f650f1e8845f4,non-GDPR
greece/Decisions,e728244d430004cad0fa2aa344b34542,GDPR
greece/Decisions,5e781d8a93509a764e3ac0cbe971fd9f,GDPR
greece/Decisions,44fb1325a856b4ff90d3a90e84d81305,GDPR
greece/Decisions,0af8ee60688ee8664db219031d0704d1,needProcess
greece/Decisions,e33ef42dfb60183b607cde7bd68ca5d8-15_02_2018,non-GDPR
greece/Decisions,c39e9e065b7213e3e49cf974d52d0511,needProcess
greece/Decisions,abfcf9b6293a68d1a5f829d8cf3015e9,GDPR
greece/Decisions,bb0221bb83374f95e1e18d2c16fed09e,non-GDPR
greece/Decisions,23e58f02c13d4ce7742580b1c3155d2b,non-GDPR
greece/Decisions,b3e539960cc8acfabcbcfb8e77135485,non-GDPR
greece/Decisions,c70106d3b4b6c42937cfb20a1ef66158,needProcess
greece/Decisions,05d17cf58808348152ab1eb0c2565a68,GDPR
greece/Decisions,67244b0907e992d7965c5c7dea049794,GDPR
greece/Decisions,a4210ef0df4f2a9830b4b17d73c3c3f2,non-GDPR
greece/Decisions,1ae88a9bebdef3aa96871f77a4fe873d,GDPR
greece/Decisions,f8bb01c90f5e0217adfabb43f3f36b28,GDPR
greece/Decisions,2dbff72f20fbef13f2c1acd906881c70,GDPR
greece/Decisions,7861b2995ccf083e8b3b793f8a6c114c,GDPR
greece/Decisions,0e87564586582297bfed4a92fe08f6cd,GDPR
greece/Decisions,1662c745bb4edae13cf6026fe106267a-09_10_2018,non-GDPR
greece/Decisions,b0216010caadbc21d73f30478501775e,GDPR
greece/Decisions,96fb74e3e9ee0a2486e5b7ce80f7a2fd,non-GDPR
greece/Decisions,2c51f82da42191ad1e21d3b37c8f6ad3-10_06_2020,non-GDPR
greece/Decisions,b05d70c03d4415da120b80afc9ef0277,needProcess
greece/Decisions,520bac2487ddf03c6e5d70c439cd6805,non-GDPR
greece/Decisions,6ac5d2f889dd4e9f635eb25d1e6d51fa,needProcess
hungary/Decisions,b9dc76c6b6ea293c11fa4b7a3c2f4227,GDPR
hungary/Decisions,94391450911f75e29c84b04fc833fceb,GDPR
hungary/Decisions,5a9154a9e349c7f05b8459d3dca30362,GDPR
hungary/Decisions,52352ca4dcbe2d1d649fa195fe9d7d4d,GDPR
hungary/Decisions,4b87ee11365cb915dc1b92f818ea8447,GDPR
hungary/Decisions,ce0078643bd672d8920171a63ceeada3,needProcess
hungary/Decisions,83da7cb28d79b0b66825dfaec1f35e6a,GDPR
hungary/Decisions,7944400f35007c7e64d8adefa9947693,GDPR
hungary/Decisions,4743d9bf767218843ba355e88f342409,non-GDPR
hungary/Decisions,d35c210c7251ef459db375471fdf1b0e,non-GDPR
hungary/Decisions,06053d7d911c16754fc44394b7d322cf,GDPR
hungary/Decisions,816d887bed95c7352d867dd189ab175f,GDPR
hungary/Decisions,87e845162a7d9d15ad6919f0676e4607,non-GDPR
hungary/Decisions,78ad96abaa9b133a31c8af5450021a1d,GDPR
hungary/Decisions,d8780cbb50b9221896be72b513d93f64,GDPR
hungary/Decisions,4ecd0e218f13925b009c8631723ca094,GDPR
hungary/Decisions,0ac034d20557c4088014011cc5b4b4c0,GDPR
hungary/Decisions,c79a1dcf9c11fecebd0d5ddcd1968b12,GDPR
hungary/Decisions,477e3223fc7b90e6645e23d23885b72c,GDPR
hungary/Decisions,7039ec029dece2f7c6f761ea04093172,GDPR
hungary/Decisions,7ec4cecb15e859304e05f5fcb8a31d86,GDPR
hungary/Decisions,44fab4faa81c142c3db2a5380fa19ab0,non-GDPR
hungary/Decisions,d85ec6165b54b0efbaa7d3435349dc91,GDPR
hungary/Decisions,7f971895929701f0f835e95982cdf5df,needProcess
hungary/Decisions,61ac2bb7732b4c122f091a5e5d457e03,GDPR
hungary/Decisions,35bdb54ad9b30e15c9fe4279f6ffddb3,GDPR
hungary/Decisions,2a072c6b722f30133b44c732b5449997,GDPR
hungary/Decisions,0ffe602f4ac3b90c75adcb1fa5918fbc,non-GDPR
hungary/Decisions,05ea685754ed76b30732540547f02e8c,needProcess
hungary/Decisions,11b562c95cb963ecc9d7db2c7c7e0935,GDPR
hungary/Decisions,717d809f8a65ad2969f27f2351f6c1c5,GDPR
hungary/Decisions,10eb36362024575a60521298632843aa,GDPR
hungary/Decisions,d7d7fee5745351ce29ab4329b8ec7eea,non-GDPR
hungary/Decisions,b054a90b8d2550fce2409dadd81fc86e,GDPR
hungary/Decisions,109af1929361dafe51e9f7a455707114,GDPR
hungary/Decisions,306b86b7712d05863ae66bc564df24d8,GDPR
hungary/Decisions,8772f4d7fe7834005440647fb7690d1e,GDPR
hungary/Decisions,b54fe7b7b2133a1b06cc2c82ce5cc90f,GDPR
hungary/Decisions,a65052e1c56c3f8100adbce824894725,non-GDPR
hungary/Decisions,bea949e6d04c57259fcf969dbdc0de7a,GDPR
hungary/Decisions,38d678dd6b399ed8f8e746d76994afac,GDPR
hungary/Decisions,03a59d9ed9a9c24f54479c369fe99ec2,GDPR
hungary/Decisions,f8d20ba66b0560521582381934a8ed9e,GDPR
hungary/Decisions,e97f41dd66419015c12442f97316d7e6,GDPR
hungary/Decisions,a3f620136922e74c5f3886c06cddfcb2,GDPR
hungary/Decisions,bf54072061d08acfe26b789a448c63c3,GDPR
hungary/Decisions,d9e6771264e8e5a669ab0fb021db72c0,GDPR
hungary/Decisions,bd4fc41259ffe5e8874effc50947c48d,GDPR
hungary/Decisions,d21a11167a5c045fef8b45be8eca4526,GDPR
hungary/Decisions,d42d6e920e5224a14ca35e61993da468,GDPR
hungary/Decisions,eb93e1e2d1d4c004b47a45be638ebcca,non-GDPR
hungary/Decisions,8f26afd8b807ae057e13f7adcc8af1ab,non-GDPR
hungary/Decisions,374921fe51dd2003b9eaa703230fab6c,non-GDPR
hungary/Decisions,bc1a41b3ca9a706ba657628f01873eab,needProcess
hungary/Decisions,b8d584c6b4cfdebec22ea103fc74d5a2,GDPR
hungary/Decisions,ddb7ec610abf0728599d20a390a46941,GDPR
hungary/Decisions,0b3e76a05b997ab870f4f11042995cc1,GDPR
hungary/Decisions,465c57e2b7f1df391f1a82dc9c0c2bad,GDPR
hungary/Decisions,164eede2a0f99b3ea6a13070608f10eb,GDPR
hungary/Decisions,4f4edfec010921fb88aa7a0e7d6260e4,GDPR
hungary/Decisions,1bfa9652325b72d9c57dfdcd2be73b45,needProcess
hungary/Decisions,1e8323aa1cf4f868b3336c3db3b2f8a7,non-GDPR
hungary/Decisions,639ab1c5c672c276c263c74548416c86,GDPR
hungary/Decisions,1ebe0bc89dce18697927af2546495674,GDPR
hungary/Decisions,cdb4ed5c6121c24fd41a28cf7113ac2f,non-GDPR
hungary/Decisions,4315603ad0618a4c7764f72a4f922bf1,non-GDPR
hungary/Decisions,599d8a69a9910dc7ee45dbca04bc8374,GDPR
hungary/Decisions,3e5bc8107b224117876c5d6f8ee3953c,GDPR
hungary/Decisions,4e8a8118900a5cacdbd87718a9fa5eca,GDPR
hungary/Decisions,091c7222b37cc921434b77a3cbeb4d56,GDPR
hungary/Decisions,127c1f27d76dcde2866199b55345f7db,GDPR
hungary/Decisions,ce5e17335408bc4af2a7606e7e6642bb,GDPR
hungary/Decisions,c6ff10410b95d8e615b8112469b63390,GDPR
hungary/Decisions,aa8156516c6b8216c47e32ccb5a0db79,GDPR
hungary/Decisions,fbadbd66c776f0e4aca9028d2c3a9548,non-GDPR
hungary/Decisions,e711c7356f883d441789fa5c8cce336c,GDPR
hungary/Decisions,7b4e785daf2086c0df783abe58aa8dc7,GDPR
hungary/Decisions,431e79558d3f1458f69d1d8d140a43ac,GDPR
hungary/Decisions,20b8a72d048f48f43e5582fd5ef1fe85,GDPR
hungary/Decisions,b80df6830f727aad418222b00b665428,GDPR
hungary/Decisions,55869e73a0928470ed6e920e43304f89,needProcess
hungary/Decisions,f3c67effd3b9d758352660e6e9263574,GDPR
hungary/Decisions,38b358970777b57f399756df7d1dfa60,GDPR
hungary/Decisions,09f5c31b32acfed7c16407e1e6e36fde,needProcess
hungary/Decisions,052a60aded107889595aa3d63848a650,GDPR
hungary/Decisions,bf2bb110845be85a182386851340eec2,needProcess
hungary/Decisions,be3c90c940adfb52c0a5cd839a760291,GDPR
hungary/Decisions,e50d3f598b3f4855a60eda3c83c56aac,GDPR
hungary/Decisions,4d434a56d0a8bf0a47e8e2b0ea1d2c70,GDPR
hungary/Decisions,1e78acb147699c619b4f35e6178f9041,needProcess
hungary/Decisions,c19d8ed387f0e04ca7c871849c6b8794,GDPR
hungary/Decisions,0623e74e5548ba5aeddc2cfd992adb42,GDPR
hungary/Decisions,f27af87a0bd9fce61690da4f23d81640,GDPR
hungary/Decisions,855cb8f49b4260ad34829d8978cf9b5b,GDPR
hungary/Decisions,f07334127b42cef356338f8d5f28a6e0,GDPR
hungary/Decisions,a825aa229dae50efb4b57688b7a64e26,GDPR
hungary/Decisions,110707d62a0e3a0b444893d267fcab11,GDPR
hungary/Decisions,d5a7825d69d6a14b80f33855d5a5e568,GDPR
hungary/Decisions,acd849e7a73b7979efba6182cd1aeded,GDPR
hungary/Decisions,e7d9cc72d7d49f0d3998c0a3376022ed,needProcess
hungary/Decisions,323bc1929a48bbbd2782518cd7cd68b6,GDPR
hungary/Decisions,15035a601b489d139753ee651012d265,GDPR
hungary/Decisions,5dc6367fc198dc9767a773427a5d5e9e,needProcess
hungary/Decisions,c2214f65a828f83176728a877c2151e3,GDPR
hungary/Decisions,e39f7c769b7f1abbae53f4d51d081c49,GDPR
hungary/Decisions,3512978ca4ff505ff6b02d4d85ff68f5,GDPR
hungary/Decisions,08dcd263a80612a5d13f94973d7a2c0b,GDPR
hungary/Decisions,ed910936ad7507cbe67e5a3d2a739105,GDPR
hungary/Decisions,69d3def516daadb2780d6ff9593d2730,GDPR
hungary/Decisions,e0c7cb3e012c0f128a60f208f6d7f318,GDPR
hungary/Decisions,f21efbebb8fd25b5dc4b6ac247670692,GDPR
hungary/Decisions,eec74a6dd5a24a07bb29c33dd61353bd,GDPR
hungary/Decisions,811ce48ef14e2bad5926e00994171aa2,GDPR
hungary/Decisions,760062df121cac3da5228a57985f3f20,needProcess
hungary/Decisions,c6199054eb5cd697e0c41983819b3a14,non-GDPR
hungary/Decisions,b54d8025836383437c2e6a13fa1da0a8,GDPR
hungary/Decisions,f1ce87bbbec779a528df582c38ba06a6,GDPR
hungary/Decisions,8b91cea68456003ec3679e33d3082044,GDPR
hungary/Decisions,4e9b3f52abba56c67937e26fd8da2d07,GDPR
hungary/Decisions,127886cc84f57cf88a9676fad609a876,non-GDPR
hungary/Decisions,25e8ee40e4b5072509b89d5f78f2c21c,GDPR
hungary/Decisions,74dbf1bb36f4c3eb42d6f6e31c190f73,needProcess
hungary/Decisions,6964bc5806c45e3ca5542354f07b605f,GDPR
hungary/Decisions,2e842dfa2f66b334807f89b73ef89181,non-GDPR
hungary/Decisions,81e4755ed9cbccc121b9625a81103b7f,needProcess
hungary/Decisions,f932b7996260f1ed2d124652a0913ff5,GDPR
hungary/Decisions,2ebe222581f5a1433d5f793b81ed5b3b,GDPR
hungary/Decisions,1030c2f97326379d5546725c67289f6a,GDPR
hungary/Decisions,23f74f3d7a456b359158e5bb8c12f144,GDPR
hungary/Decisions,03ff40ebb44e66c249f11a2a844eef2a,GDPR
hungary/Decisions,ac9027e58b3ba46d4504424138a341a1,GDPR
hungary/Decisions,b1732cc6ef5c0c720d18c09e2296a2cb,GDPR
hungary/Decisions,faf17df7927060b693dffaaaffc83871,needProcess
hungary/Decisions,088057564340b1a081a26db90d7a0c29,GDPR
hungary/Decisions,4d4b00ea77da23bdd8d453e5e353125d,GDPR
hungary/Decisions,a0f43bf61512b99b77f1f4b1a767fb3e,non-GDPR
hungary/Decisions,c55c3a76f59e856173a106b0a3452637,GDPR
hungary/Decisions,7209d5e695d9bb621c4a6b81e9712f1e,GDPR
hungary/Decisions,80f0883bd4c252bc25093f3b0e38b3fd,GDPR
hungary/Decisions,effc978b02b4272c79f3ed0fc31f0cb0,GDPR
hungary/Decisions,614d2bd80ea3ebe8c6518cef021ab109,GDPR
hungary/Decisions,de1ce9aa50b455a77d31b9c190825594,GDPR
hungary/Decisions,5c8cd96a4230d9a683bfc3c0fc6bf777,GDPR
hungary/Decisions,9a7a75c10f432569a91d31f9a3af7240,GDPR
hungary/Decisions,c090f2cf3bd373c4e99f361a161c8f0d,GDPR
hungary/Decisions,674e763a8daf16ff74c73e2fb1552de4,GDPR
hungary/Decisions,368ebcaead9d3449912811c274dff827,GDPR
hungary/Decisions,0eaba88980cf9aaae4e3889b96611f3a,needProcess
hungary/Decisions,cab4fffd8a8cb7e48dc4c6408c6eef28,needProcess
hungary/Decisions,e80d1ff21dead75fc61b5739b827373d,GDPR
hungary/Decisions,29e172757d5378ee6a25515550d1d993,needProcess
hungary/Decisions,db6871b74e50e80c18a6b65ef6d56fd2,GDPR
hungary/Decisions,acf57b529fd5c45fdcdf4d92bb236c06,GDPR
hungary/Decisions,d54a487eaafddb6748917a9cf9e033d5,GDPR
hungary/Decisions,a44ff1e6e6031900b98707076de76118,GDPR
hungary/Decisions,3f73bddd4b87266339e8762b67b5d5ce,GDPR
hungary/Decisions,8fb9a5fbec54e5c0cf1ca2961e49ecfb,needProcess
hungary/Decisions,0010be447dd92b37ea8fa471cbb2d490,GDPR
hungary/Decisions,3f9fcb61a5f40147790e89afb60597f7,GDPR
hungary/Decisions,7f581067e6bbf9d2be935274fe482605,GDPR
hungary/Decisions,398f7fb894ccb5f0c57aebe4e72d6e1a,GDPR
hungary/Decisions,5d18e43167635cfb6bf187b29eefff7d,needProcess
hungary/Decisions,49e221c5a39f6b856a0db6922d914d6b,GDPR
hungary/Decisions,5ccbb8883282f4aea1d731e9b65fc585,GDPR
hungary/Decisions,0e9f829473171fc3bf7a06f0b6b68333,GDPR
hungary/Decisions,55c25580390b43ddf88ad11e9ed56a3e,GDPR
hungary/Decisions,2a9debc6cc7eadc2afeb17b0028dfbad,GDPR
hungary/Decisions,7b395a9c0542fed532884fa880e93b4e,GDPR
hungary/Decisions,ff107a731885d62b545ba833b6741af9,needProcess
hungary/Decisions,71b801e6d681b086d364b8345c91ba41,non-GDPR
hungary/Decisions,9155a17a5939cacfdf1bdd117e3f88ec,GDPR
hungary/Decisions,667fd1a1b3bab54fd19c823a997217d9,GDPR
hungary/Decisions,fdece82e9cbe5a6b2423a33a6b96e944,GDPR
hungary/Decisions,7f4ab7a10c2ce3c93fee283e1d3155ab,GDPR
hungary/Decisions,fe9967ff1374167b75a2b4268ce9a00c,GDPR
hungary/Decisions,4f3176633e32f665d5ac32bcd15812bd,needProcess
hungary/Decisions,4fc63300a6fe1d531996907562c90a7b,needProcess
hungary/Decisions,d765deb9f9f75bc54608c8a9551667de,GDPR
hungary/Decisions,649ad6bfd8c2adbd0d1133f5c97679ed,GDPR
hungary/Decisions,ac64fee78b7e4b6158a6482acefc8de7,GDPR
hungary/Decisions,ed010c23aa2b6f66b7a47e552d673105,GDPR
hungary/Decisions,7617c2d7cb33c1c5511032ad78607936,needProcess
hungary/Decisions,854f1444ac1de2cc417003f92c2a3fa3,non-GDPR
hungary/Decisions,b966614311b056f129982922f6732e18,needProcess
hungary/Decisions,85a01ec83d662653077eb94149ccea60,GDPR
hungary/Decisions,ad71af4a8c23a41ff88fa130995a0f6f,needProcess
hungary/Decisions,44dab077f3050d6871e65c787df7afe4,GDPR
hungary/Decisions,5af34cdb523d5257daabf8e5f8b81103,needProcess
hungary/Decisions,50bf9d57ae71b44f7e0de044f08b3627,GDPR
hungary/Decisions,884605bd680976a3f723b5d98584c6d7,GDPR
hungary/Decisions,46fe04c816e7db3f31a38e28c6246bb6,GDPR
hungary/Decisions,6191336ca088df0205ce5f2640379776,GDPR
hungary/Decisions,3e769c3851f7f51e31227474351d754c,non-GDPR
hungary/Decisions,59cfd847eb221055c50021f6b5081d46,GDPR
hungary/Decisions,44eb563c23c0e50f5e13ba7f6a9e69ea,GDPR
hungary/Decisions,a95b42d1f8217a030a56beb86572ea20,GDPR
hungary/Decisions,0e309ad2dceb426e2d8dcc5e7ca03f87,GDPR
hungary/Decisions,9dfe9d7c3c4f8197ebb1098bf445ce1d,GDPR
hungary/Decisions,9c2cb96ec0df12125a01ee37cb218b1a,GDPR
hungary/Decisions,e1b1027084cc0378415cc4d70441a12b,GDPR
hungary/Decisions,fd58dc75deea712c8d1f5d0cd46a86a8,GDPR
hungary/Decisions,5e1743ed4a916f0bddcee38645344540,GDPR
hungary/Decisions,7b9683c7c70f988d8eded043d584ceff,GDPR
hungary/Decisions,b1302f6dd08217440c29419740fede3d,GDPR
hungary/Decisions,e25ece969b86edf18b12afb7e5d13ec0,GDPR
hungary/Decisions,b604105c50b9a4ff34695225e75b3a3a,GDPR
hungary/Decisions,64b04a79191642af69879208cb80e0e2,GDPR
hungary/Decisions,1f35ea6f319a6095502cfda4ce0f2224,GDPR
hungary/Decisions,353d251448788f021b393f593baf7343,non-GDPR
hungary/Decisions,87ede986baf9bb016c169f02d5417a04,GDPR
hungary/Decisions,79dbf295f28a79aaba26eb67950915d0,GDPR
hungary/Decisions,dbbe579f7b7aab6be6fb7b7f36d13a5f,needProcess
hungary/Decisions,babf04c937761e0b22d78a16b2571bbb,non-GDPR
hungary/Decisions,6320a2aeb9802079e273766d30edb1cb,GDPR
hungary/Decisions,dd7bdf997fd3bc30294d2796af122d29,GDPR
hungary/Decisions,591e14b3c465b3de92cef4eef0dc6ca8,needProcess
hungary/Decisions,66c504eb305a17eab49edcebe8143836,needProcess
hungary/Decisions,f90be92f77bf4f8e654b3d46ac1f00b4,GDPR
hungary/Decisions,4f71682548a48abd71a5f803067b8984,GDPR
hungary/Decisions,32a5a0b722788971e405b581967267b1,GDPR
hungary/Decisions,a34d1d0b0219875d29b51f40a0dc40bd,GDPR
hungary/Decisions,1262ccc1d6074f0912bd4c68153b07b6,GDPR
hungary/Decisions,e2c0b6a7a6cf9e8a9d7fcd16873879e1,GDPR
hungary/Decisions,85e461d315633702e54b542f53296288,GDPR
hungary/Decisions,cb0adc9596b5f7cd784c248531a9ca5f,GDPR
ireland/Decisions,9531441221585e6987d87e66bb1fcde6,needProcess
ireland/Decisions,cdd6b19eb6b1644fdce81b642c69b110,GDPR
ireland/Decisions,97cd2829f66590c62cfe88f5a03a5825,needProcess
ireland/Decisions,8fd413f931d667a76720210f23b5c862,needProcess
ireland/Decisions,97c5371d58e5456207e3141cf0503576,GDPR
ireland/Decisions,9684a7495ea655cadde9eb72a6801eec,GDPR
ireland/Decisions,56bfa74ea25b26467f20fc216040f474,GDPR
ireland/Decisions,c8c5d97b20393102946eb6ebc6a80f79,needProcess
ireland/Decisions,e7e94815db7c48877c758090ad209e62,GDPR
ireland/Decisions,5789bc0182d7f54811880bf13ffc7138,needProcess
ireland/Decisions,c67cd1a19e6d82423211df0ba5cde0d8,needProcess
ireland/Decisions,1b2d782caf8fcc9818906f6ce969ac99,needProcess
ireland/Decisions,e88e8d969b0ec304e4860692a1a830ab,needProcess
ireland/Decisions,a49c18ef3e05681df970951c016243e1,needProcess
ireland/Decisions,94d0f354b63674f05e05e14487d61938,needProcess
ireland/Decisions,f581716256589a1dd3211dc535ac4008,needProcess
ireland/Decisions,46ca5c134ac5aa1dff9d8d4d0e0ca46f,needProcess
ireland/Decisions,e20c4f1ee7e5ca5413a67c1b3c661526,GDPR
ireland/Decisions,e3ce165e42c10efa33060c866ee4ff74,needProcess
ireland/Decisions,9bfb51599b68a533d3f98284f27384df,needProcess
ireland/Decisions,f3a0efe9eba239a35fee4b06236c8983,needProcess
ireland/Decisions,01f8e7102c9009e7e8a99e74edba27ef,needProcess
ireland/Decisions,f7c93f7398d4ed82bd9a919cf839bc30,needProcess
ireland/Decisions,0b31e5f16ddf7716420f51f459855437,needProcess
ireland/Decisions,0e04183422669bb13eb97d385a67d976,needProcess
ireland/Decisions,26ebf4dbe3059931d56cd59383a8fbcc,needProcess
ireland/Decisions,97f038088905c8658eccbcdf07877af8,needProcess
ireland/Decisions,5839b972f8591f7cc59873ce8cad46bb,GDPR
ireland/Decisions,6c8e970788bcb68d52cb4e4f68fee549,needProcess
ireland/Decisions,e76a171b095e4e8dd038e7cd611ce418,needProcess
ireland/Decisions,9a9c14ce8ae5516a54a11062c6267302,GDPR
ireland/Decisions,815151d716891a0d0331d37351a2b705,GDPR
ireland/Decisions,5120d05d4129907e1b934b23a6ad8ecc,GDPR
ireland/Decisions,cc899c88674686f631c24cc63ea90f0a,needProcess
ireland/Decisions,5c923fb8d7bc91891c39a8c57e84e6c7,needProcess
ireland/Decisions,d0a6bf31790c25691dad6a871ff18494,needProcess
ireland/Decisions,eaee00471c6bf2ff52cf14a1ba1dd298,needProcess
ireland/Decisions,18923e7190d6c30aa048f8e1de6da3ae,GDPR
ireland/Decisions,fec3371d32c94613217de9f3033dfe3e,GDPR
ireland/Decisions,126d3e6f16866139b61485971780fff7,needProcess
ireland/Decisions,981502cf2c3e1a28874310965ae7b7bc,needProcess
ireland/Decisions,44a28688c432c864fa0eb7848e8077ae,needProcess
ireland/Decisions,e3ca90acff6b693f6fb86a0bf0be48f5,GDPR
ireland/Decisions,7faa317add242f6605cd9c875c9ef9ba,needProcess
ireland/Decisions,213ee01a22066307d5ed947994620840,GDPR
ireland/Decisions,9534ea585842c02936483afb94b26275,GDPR
ireland/Decisions,26bee42306cf846f4bbf24b54831e0e0,GDPR
ireland/Decisions,84c2bef6cba31dd34ca843e787910f8d,needProcess
ireland/Decisions,7b06593d9ace878c725ad8340b67d086,GDPR
ireland/Decisions,4023b64db64af157d2a19cd30490ced6,needProcess
ireland/Decisions,9ff1e425e6f2d18fa82f0e0ba5f89238,GDPR
ireland/Decisions,b819961873d35440935501bb002bfebb,needProcess
ireland/Decisions,d00533e1c5e6e1b974b72c9f150439ad,GDPR
ireland/Decisions,74c2cb1f4b76c6e2aef168da2ec57e72,needProcess
ireland/Decisions,8c7b3a5d8fc5e4c248e4ded48b0ad630,GDPR
ireland/Decisions,3fe2eb0b980932326bc1777f0ef12e22,GDPR
ireland/Decisions,0e6d1f54cba958bc29c8f7f7032563b8,needProcess
ireland/Decisions,617fc97e49a978721a11a2f39a829db0,needProcess
ireland/Decisions,e66709c978839c4f6958438c7f5cf22c,needProcess
ireland/Decisions,9ec233f69f8a546e5eb63a890794648d,GDPR
ireland/Decisions,497edd11ac2eb0f6b05d955e971fff1b,GDPR
ireland/Decisions,ee1c42b8a86f9a4620de49b2ad21944b,GDPR
ireland/Decisions,0c61f3f24b78ba3f0945a0db84fdc311,GDPR
ireland/Decisions,bfa132defbca00ca4cd3f8575911eebd,GDPR
ireland/Decisions,90d6c7912c0c31b0b310a310791ac1b9,needProcess
ireland/Decisions,28f0560b85e89555c760cf4ad6319e98,GDPR
ireland/Decisions,84ffd267250473d25b55cd81f1fc3e8e,GDPR
ireland/Decisions,5a268af5b0162bbb6950ff2ec7ea9398,needProcess
ireland/Decisions,6eb5d91d918d82213e55fce02682bfb4,GDPR
ireland/Decisions,197bd8cac086be6bbe9ff34c4ea79f85,needProcess
ireland/Decisions,9a0b7ded4ea89dbfc5873ca802743b4d,needProcess
ireland/Decisions,150c74ab267e0a8ae9de3caeda8ede5a,GDPR
ireland/Decisions,a22b2a5474fc37ce86a1b9ecd2620608,GDPR
ireland/Decisions,d7351b7f3be97e794f8ed341df877591,GDPR
ireland/Decisions,d48495e8fe96620f77b9d5bdba4cff51,needProcess
ireland/Decisions,6fbbf5474d97fd809a9ce210c204b6c1,GDPR
ireland/Decisions,d345de18792689b676e068a08319c3eb,needProcess
ireland/Decisions,da4785cd33e3d6ba0af329133e11e5f8,GDPR
italy/Injunctions,dce53d4c656350b05755def35c6afe84,needProcess
italy/Injunctions,2bc021bf0d642589d4239281717a10be,GDPR
italy/Injunctions,1ccda6ad1c9487d037f683c1c15500db,GDPR
italy/Injunctions,067be2d0bf59c9188f66c310983958d7,needProcess
italy/Injunctions,81468845396948598b6851de5e50d422,non-GDPR
italy/Injunctions,d391dc1a03459aea7e04aa9790638e1d,needProcess
italy/Injunctions,e438ac3d6636b2212a78305f1e2c754d,needProcess
italy/Injunctions,636ed038596189c2d6dff0e0176aebd0,GDPR
italy/Injunctions,72613ee5ffbd8bfbf7061c4a89d52cc2,needProcess
italy/Injunctions,44871de58d9a8db7dc0a4b7e8b3ed8ba,GDPR
italy/Injunctions,579f0443cc18c34a4a41aff40523e195,non-GDPR
italy/Injunctions,246f89c860a285dd699297d2390bb593,GDPR
italy/Injunctions,40f61b671fb8b16d076edb243d58c645,needProcess
italy/Injunctions,bb9a685a06ff3ebaf2f640e745091972,GDPR
italy/Injunctions,efae9647c3f8bd7ae05cf36e6c9514f7,GDPR
italy/Injunctions,45402cb8cf7f66fa7ab72f171e2702c9,needProcess
italy/Injunctions,b2e333a1bd09520756f430b0096b98f6,GDPR
italy/Injunctions,edef9cc8b81ca26a11e5db74c4520f58,GDPR
italy/Injunctions,69154c794735f3db157bf49b8405e3cf,non-GDPR
italy/Injunctions,a58776b58d13b5635a9e7778576230d0,GDPR
italy/Injunctions,ae3e1af4389f2f6986a3db90b602f0f8,non-GDPR
italy/Injunctions,83eaea94e4b60d0cc4bfbae4205f6a5b,GDPR
italy/Injunctions,c921e6c552d9d99aa6b975690c6c23e4,GDPR
italy/Injunctions,f00b6b52d3aa3565301a166d6f9eb29a,needProcess
italy/Injunctions,e7861b0f790f7ba69d73d0c98e0cbd41,non-GDPR
italy/Injunctions,0f7327d06d8df07451458a17a3c771ee,GDPR
italy/Injunctions,f2630f9a186aa9d24ceae36fdc41291a,needProcess
italy/Injunctions,b118094bed2d4bb67ba65ec6abfd9447,GDPR
italy/Injunctions,392b064bb1e4b332222b2a7cb9cf7bd4,needProcess
italy/Injunctions,cf21aa980e3745174f3bfb49d05198d5,needProcess
italy/Injunctions,c012debf5d088a103ace849fef0e8564,needProcess
italy/Injunctions,df3e68ac15e25ca620bc158e42be12c4,GDPR
italy/Injunctions,251b4dd5e648a426ad305f2e2258d623,GDPR
italy/Injunctions,e3b719acab312d7ae7da75e9f5d4ffb2,GDPR
italy/Injunctions,098685a2e1278b68cb47b004ebc6b440,GDPR
italy/Injunctions,9209d50ed8b6031582ba1716d05c3e08,needProcess
italy/Injunctions,85fde5364ca1de19676d06826a2d4bd9,needProcess
italy/Injunctions,85265dead7cff79498fb81edc1b623b9,GDPR
italy/Injunctions,91259ab91bbc7b96620212d3b66ff4c4,non-GDPR
italy/Injunctions,a93999c6a5541f6c1a6cb70df726e215,GDPR
italy/Injunctions,6d24e3e41212f17f894343764ba59d73,non-GDPR
italy/Injunctions,53006b3bb8ff65d9123b6df97efaf557,non-GDPR
italy/Injunctions,93828c61d4d67a1a4bf0728229fa4141,needProcess
italy/Injunctions,b0809f5bf626a4aff5b13de233749531,needProcess
italy/Injunctions,8b87dfd7229750aa40faf91b773b71d5,GDPR
italy/Injunctions,213dbfc5f8ed042d350c70f8f5529bec,needProcess
italy/Injunctions,06712a1adfe8c5dc154cb0f80b129d9f,GDPR
italy/Injunctions,cb7ff2b5e5fcd9a1de9a4fccf54f212c,GDPR
italy/Injunctions,186c29f05369fdef260406e5ede6edb3,GDPR
italy/Injunctions,480bdbf10ca30eb7d0513a2ca7548eae,GDPR
italy/Injunctions,2dd8a952d9032d55d268e25dcd35958e,needProcess
italy/Injunctions,eee88838bb0e79f83d0f6cf8b38552e5,GDPR
italy/Injunctions,7e88df9dd14dc294990e3102cd11071e,GDPR
italy/Injunctions,e57b5350ce118a3750dce8c3d20abbc8,GDPR
italy/Injunctions,a47c02b6192d1d84584791822a58aeb1,non-GDPR
italy/Injunctions,b659cb28d2dd38a43476f97d0c0895e5,GDPR
italy/Injunctions,290e4b751c0f1ff75980308c8a995309,needProcess
italy/Injunctions,f207abc3e8a9adeeb3608f824df4b8ea,needProcess
italy/Injunctions,976dc8fd22492c47ea32bb276ad31a8c,GDPR
italy/Injunctions,e646f12caf8774dbbc34b77e3349ba2f,non-GDPR
italy/Injunctions,1b32b6b738fc7edca13d106b658031bc,needProcess
italy/Injunctions,335fdc1ec98c8cfc929935422a54dcfa,GDPR
italy/Injunctions,00441c30f244120e78be5a41c380533a,GDPR
italy/Injunctions,10135922a8e46e67bfe426ac8ab10943,GDPR
italy/Injunctions,99d94137dd30120e430264f6a468f994,needProcess
italy/Injunctions,2a173b4849c66e8902718d7eb6556b0d,GDPR
italy/Injunctions,d01f1e5b32a8a45647366fb602a56b30,non-GDPR
italy/Injunctions,1d15a58903aea5621cf17fa49c567c59,needProcess
italy/Injunctions,a7eef657eaee9dcde1a074277106fa3a,non-GDPR
italy/Injunctions,4d90216889774c3910ab6f228aa22ea3,GDPR
italy/Injunctions,6179003390d45bc549209ba913c9f720,GDPR
italy/Injunctions,5238c4edd46f75fe72e84b1fc92a1812,non-GDPR
italy/Injunctions,0546ecca8cbe1ea254a59b8a85f9af5e,non-GDPR
italy/Injunctions,08113725a1d237eb7b85f5131761e5ff,non-GDPR
italy/Injunctions,ffc7015e7a4a7a94a09b3db793939ad3,needProcess
italy/Injunctions,c5fc501bd1909351156cc03e6b278fd3,non-GDPR
italy/Injunctions,0b0a4246eaaa4a3488f866e363658e89,needProcess
italy/Injunctions,8b23f422a2a59859a53aa22862550837,non-GDPR
italy/Injunctions,47d8e082d4cccdfb79d011839e9827ee,non-GDPR
italy/Injunctions,e44ba3246c2f01de9f70c5945af1f61e,needProcess
italy/Injunctions,b7336504217e4f95605a2a70f43e4cb9,non-GDPR
italy/Injunctions,a91b4113188cfd316cbc2cab4157c12c,needProcess
italy/Injunctions,33938bfafb384f626cf0fa399c31c3f7,needProcess
italy/Injunctions,264a73a3e19e28b664cb1e1e3c8c2738,GDPR
italy/Injunctions,1b526840f9ecd81132753b2cd36b4829,GDPR
italy/Injunctions,404ffe7aa0ec4e6d1e987f8c492906e7,GDPR
italy/Injunctions,bde565d3ff4934ab04d12c75912f9963,non-GDPR
italy/Injunctions,f5a0423c50c5917f3893548e41456914,needProcess
italy/Injunctions,778c7cf62559ce300db9dc661534348d,GDPR
italy/Injunctions,b0c1e8c5de8193c8974a6806f6ec270f,GDPR
italy/Injunctions,e83460f97d46189438835316667365c8,needProcess
italy/Injunctions,d6020aa88aa66c0c39e279d819797fa1,needProcess
italy/Injunctions,29322efa0d3ae4af7fcbb9ef4690bb93,needProcess
italy/Injunctions,b2b10ce139b3d39dd438643aee3f15e0,needProcess
italy/Injunctions,217363b438238360559697eacd810ce1,GDPR
italy/Injunctions,79def590391ac8c92dc9032d2b315450,GDPR
italy/Injunctions,75583f52be1a7c7478edd0bd566ba185,non-GDPR
italy/Injunctions,e5f77879b9eb651684a425d1a464e900,GDPR
italy/Injunctions,d376ffa722ed1862c2ed59862f608f71,needProcess
italy/Injunctions,030aeee6bc7cfeb88fd3db5719da44e9,GDPR
italy/Injunctions,e766c09640415f43f5b235207c00f8b1,GDPR
italy/Injunctions,31cc052c5bcc3ae44c98c65e546d928f,GDPR
italy/Injunctions,1a0a3b73b68a09139602505c7e0d3c11,needProcess
italy/Injunctions,6f3f391da4fd9ffbc9595ff230d44091,GDPR
italy/Injunctions,46512b2281453eaa49d6490ae1c271ac,needProcess
italy/Injunctions,b37f28b0941c10d1c861faa22bca41c2,needProcess
italy/Injunctions,d4a3a3f8bc90124e08997cb7e4d3bf04,GDPR
italy/Injunctions,065d983a293f82f120b1d592a2777e0b,GDPR
italy/Injunctions,a2d59ac4b24a5428290fd27c79461f3c,GDPR
italy/Injunctions,34efd233117b17e02270174274f3ea75,GDPR
italy/Injunctions,66a0f1fae8a802ffb318c05659a92fe8,needProcess
italy/Injunctions,e741d51f8b86bb89fd4220599290ec2b,needProcess
italy/Injunctions,290c1428edc317728741607014b4ee12,needProcess
italy/Injunctions,d562ad9301909ee998f21c5b5d485191,needProcess
italy/Injunctions,1a85c774688b9924a5818f4056761529,non-GDPR
italy/Injunctions,f32fd0eb03fec0d5751248ddb964f4cd,needProcess
italy/Injunctions,dea98d0ed06c6693764f0b1f49e3061a,needProcess
italy/Injunctions,ae623832a8bd10a305e95312d9de17dd,GDPR
italy/Injunctions,2f9eb8ba7cb730c2c80f8f4dbe4b9c79,needProcess
italy/Injunctions,e51d5722b3edb0cde2afc017d91f5e6c,GDPR
italy/Injunctions,364596cdd84881faa84367cfe6d27c66,needProcess
italy/Injunctions,b744f5e81276a8ec21faa7986247eb0a,GDPR
italy/Injunctions,61093a2e7c18e97ea35a0326f185ccaf,GDPR
italy/Injunctions,292c4f98791f54593bdc7a44af43cbe9,non-GDPR
italy/Injunctions,92e1a42f6d06c4b86e7cea2de274cc70,non-GDPR
italy/Injunctions,4d53dbf73e1d3bfb55c7fab2d7e9932e,needProcess
italy/Injunctions,f4b1ca3332a217d91f8985eb3440364f,GDPR
italy/Injunctions,ce8e03e0dbaef85bb12bf2cbfcd056c4,GDPR
italy/Injunctions,a5d9775d51570389e4c0ac287a8b83d3,GDPR
italy/Injunctions,9a9f701622aa09a6c36745ac8f505675,GDPR
italy/Injunctions,dfbd9cefd7ffe18b96fc8e2e36baa904,GDPR
italy/Injunctions,0a50345669f7835b1c5d75cb7a1af9ee,GDPR
italy/Injunctions,f3bb7a8d1a96be6d7dc4cfd0dbbc5429,needProcess
italy/Injunctions,e376bf34abbaefdf70c375272362ce15,needProcess
italy/Injunctions,ed474998e47437efd51c4aa30ee56ae5,non-GDPR
italy/Injunctions,740bcd5c1055d27919c854c5d22ad2b7,GDPR
italy/Injunctions,ee9a8d58b86946cb7f1758695d027864,GDPR
italy/Injunctions,f496b0c0246e545f2a50050c3becd592,non-GDPR
italy/Injunctions,004e9294e5ea038d7a134d13c2ce0f30,GDPR
italy/Injunctions,dd5c89381180328164e50e32d981baa3,non-GDPR
italy/Injunctions,a8b4e31b258614b75c3a24e594e32503,needProcess
italy/Injunctions,e7a26717a19e5001614c94257d6c78f1,GDPR
italy/Injunctions,9dd27009394c3f852ac1f6ab5acc0d34,GDPR
italy/Injunctions,8fa00cf395d94687ee6675aec26f9ef9,GDPR
italy/Injunctions,ec14bb407c644603915241abe7b197ea,non-GDPR
italy/Injunctions,1c29d93ce1eda2aed6c887fc94975e02,GDPR
italy/Injunctions,d75d7a514382c489bd37052d8186d943,needProcess
italy/Injunctions,b0b9a002fc0df2fbf393a949b95d9f1b,needProcess
italy/Injunctions,fa0b67a99171be20096b85ab7a33b916,GDPR
italy/Injunctions,80e1f2264ecf24ad1354e08fd223f304,non-GDPR
italy/Injunctions,09e10c47ce1d5adedd670bb7e235ec6c,needProcess
italy/Injunctions,133042f782b9361be0e737ea84ad226a,needProcess
italy/Injunctions,bc40d77f604e37cf8b071bf66a984de7,non-GDPR
italy/Injunctions,c1cea9d5b28c6c86546047055ea962a5,non-GDPR
italy/Injunctions,11a5cf839ff72d1ab95b87c33316cbe5,GDPR
italy/Injunctions,bf70fc953cfe496b14cb3941ac33dd0a,needProcess
italy/Injunctions,99ca7a74e2a8c018567f1182a085fc57,non-GDPR
italy/Injunctions,bb6c4f259d51569244725f7b917613a5,GDPR
italy/Injunctions,13b88ecf1993ab4d8fea0abeed52c4c5,GDPR
italy/Injunctions,817c902399165fdb11f36058f1153083,GDPR
italy/Injunctions,77fa03730b702477ba3ee73138c4fce0,GDPR
italy/Injunctions,22106a177e3c9e86babf5386b5fd49b5,non-GDPR
italy/Injunctions,18b00b8da5f9d127469aaef284d28bd8,GDPR
italy/Injunctions,e71e85ecad9e517b0390b247b9f85f58,needProcess
italy/Injunctions,4aba20368f4e5033b78976b730b9acc4,GDPR
italy/Injunctions,2e8926de5ba8e2ee9680a0cd9d96861c,non-GDPR
italy/Injunctions,f3b574bac76acd0c0bfaa4a8174bcd9c,GDPR
italy/Injunctions,5a51da200248036d42cbf56f7d44d77f,non-GDPR
italy/Injunctions,827438644c6a2e7d33edfede7f13ca7e,GDPR
italy/Injunctions,4b63309ee5d328f80e47b0963431ac51,GDPR
italy/Injunctions,d748fb0bca49fae5ecf134ef72a8b6ea,non-GDPR
italy/Injunctions,bc77467e9c8a4ee49acffd3f4af6d7de,needProcess
italy/Injunctions,ec011be4ba450a2ed753c9b283f947a7,non-GDPR
italy/Injunctions,fe9b28e8576b3369bc2a64a7a12b8ad9,GDPR
italy/Injunctions,ca5e8fd29a61ab6586c5171d6d926dd5,needProcess
italy/Injunctions,c7a6863401c7f7424e1013fdb1996d65,needProcess
italy/Injunctions,e200a24104f1321b4896e1b4356a3bcf,GDPR
italy/Injunctions,39c895eac4413544a756b31df47174f9,GDPR
italy/Injunctions,ff742a240427c8e7f447d3109d5daf69,non-GDPR
italy/Injunctions,404d362031545e149bb8d6f75492a29f,needProcess
italy/Injunctions,2fd075f1394b1ed0fad02c85fb6e0b4c,needProcess
italy/Injunctions,2b461816ea16503a2186a0e73a40c739,GDPR
italy/Injunctions,4adff24b66003df19eab016af1e5bfdc,GDPR
italy/Injunctions,e0cfccab9c3c79e988fc60dfb86419e3,GDPR
italy/Injunctions,929e1d6fccf48c1e0d664adc4c82dc38,non-GDPR
italy/Injunctions,9b56cd57b839d7189c4747cdd274d4a5,needProcess
italy/Injunctions,fed5f1913e95fd9ee1af1f894ce59b33,needProcess
italy/Injunctions,7b40c989a8105b0b0d61479e63ecffe3,needProcess
italy/Injunctions,3b64df106cd659a17ed79a4abfabda1c,needProcess
italy/Injunctions,b3ab0fc8f103f6edf128171955c58dd3,GDPR
italy/Injunctions,8e0a4f2e196f598f7b30f16f5a2ca004,GDPR
italy/Injunctions,50fa1f8c6e616923ffc8e149c0324156,needProcess
italy/Injunctions,e7bd49ad8b9ca7682a2aea61d89f622d,non-GDPR
italy/Injunctions,118850950e9e0573f45ec9649806380b,GDPR
italy/Injunctions,1d4d5be9acf2d459e6247f6156ed9c02,non-GDPR
italy/Injunctions,675cfc5e4efd2f72b9fa5d8aefbc4ba1,GDPR
italy/Injunctions,5c5a913cbbe9dd979087a0c94d4df13c,GDPR
italy/Injunctions,ca4d553868adaf76230b871d720cd37f,GDPR
italy/Injunctions,9a3d6636e2ebd0718c327429edbe2ce3,needProcess
italy/Injunctions,abbb8615bc8eb1804174990de4481836,GDPR
italy/Injunctions,4759921368ae9904d313ca7388bea44a,needProcess
italy/Injunctions,a7bfe1d7cd5d4a45d5088fddbed9e63b,GDPR
italy/Injunctions,b0f9f9d88bd078ad93ff707eef1c5380,GDPR
italy/Injunctions,3932af9065a22028b02f940cda5ca296,GDPR
italy/Injunctions,216a63e11e95411f10a522aee2371ad5,needProcess
italy/Injunctions,303ee39e1e250d384c1f5f47c25d015a,non-GDPR
italy/Injunctions,f53f267fb0b80aa030e9de94c5b43e16,needProcess
italy/Injunctions,18c8fdd75e0651158237b67584e37fa1,needProcess
italy/Injunctions,817f89576f44d4d7982e0b200d5666cd,needProcess
italy/Injunctions,bc49ade562b484d85122685e37ed2100,GDPR
italy/Injunctions,a3aa03c9d0ae0adf25dd301fc7e80c0a,GDPR
italy/Injunctions,5079b5c8a0732684c4b8be578fc406c0,GDPR
italy/Injunctions,d7e1213a42ebf9e5334ed30022200d87,GDPR
italy/Injunctions,e3ce63d1df01135f832b200688a697ad,GDPR
italy/Injunctions,f648809c5d3840cb9e1ff4adaa70f53a,GDPR
italy/Injunctions,f4a8ec0f51901af94509eb7929003fc0,GDPR
italy/Injunctions,17114e51210f4d480f7daeeeedb393be,GDPR
italy/Injunctions,b31282b63c59e7a008eb282c0e5299f5,non-GDPR
italy/Injunctions,faff4d189568423717b85338d84300ef,GDPR
italy/Injunctions,fbb0b49c24204c8af9ce20e04c0b99d2,GDPR
italy/Injunctions,5278cf04f6b96fa36e0a7fca1bd155ac,GDPR
italy/Injunctions,33d7e83e5403dc9dd7c856610596e377,GDPR
italy/Injunctions,171fcaadeb93f375fa52bec27b7ba113,GDPR
italy/Injunctions,8c1951a53ee4eabd925f6afd3b795b1b,non-GDPR
italy/Injunctions,4362430f6a9c7df1d6e4db51651b4639,needProcess
italy/Injunctions,85c9ff08098ea9cd385f787147aa74d3,needProcess
italy/Injunctions,263944675f44aa6944fa042c64de98e7,GDPR
italy/Injunctions,d76e24f91581de1b1170f2246ba77260,GDPR
italy/Injunctions,f767095111506a992c8325cb1173e41b,GDPR
italy/Injunctions,7a5c5fee713ad99cb7c9b91d3a5fd7bd,GDPR
italy/Injunctions,ffa6e695633e8e1332ea63afaf02ad45,needProcess
italy/Injunctions,0dee2a18a0f1e24f11bbd1d4f0e4f296,needProcess
italy/Injunctions,29674db24f4b510c919ee3dc71f0b8ec,GDPR
italy/Injunctions,89e5685331dc6282d5d4e953eea9ac57,GDPR
italy/Injunctions,73c0db1efdc62e326c0d3689ecb3b850,GDPR
italy/Injunctions,45cadee0d012e26d499f709649f0bfbe,needProcess
italy/Injunctions,bccfad5bcb80045e7c7bd3de03e1d0cb,GDPR
italy/Injunctions,0df29d1fd4acabe3a63dbfc893318be3,GDPR
italy/Injunctions,cf82d37402098f5acedafb42ad6e81fc,GDPR
italy/Injunctions,5ae57ba9b0811b967d12527d45d8ab0a,GDPR
italy/Injunctions,d70e86a243f6d863e70f72afb1875b7f,non-GDPR
italy/Injunctions,d4cc0421aa923fe98e1d931d1ab4366a,GDPR
italy/Injunctions,f35241bb6e8b7419f16e41b34f0f5b6d,needProcess
italy/Injunctions,91055460fa9844bc6e20de69c4b941c8,GDPR
italy/Injunctions,c42b412f8a91f58707d2e6b18ab733b2,GDPR
italy/Injunctions,c6c23c9ff9ec0a3b193069acb921d364,non-GDPR
italy/Injunctions,4a5cd65dd64a0ed4086f73586216ef20,GDPR
italy/Injunctions,793faf6c398243bc1a67a86a6683d70f,needProcess
italy/Injunctions,673ff2d457f373a45d36d667586d2552,GDPR
italy/Injunctions,464108bb1d6629f06709b6da7a1bd99e,non-GDPR
italy/Injunctions,2f52919c03b0f227ffa58fa75147b496,needProcess
italy/Injunctions,7abd43edccff09c7239714798b91f0af,GDPR
italy/Injunctions,af90d985238635e6bbd363a1a215040c,GDPR
italy/Injunctions,9152ca02c34cd550c6f89d2854115374,GDPR
italy/Injunctions,321ce5db7187a65e5c946fb61cd58e18,GDPR
italy/Injunctions,42f0634fee525bc1fb2b108e6e8498e4,GDPR
italy/Injunctions,41c9d5ff62fddd69e79073a285157c2e,needProcess
italy/Injunctions,c9ec3b98fda32cf5950ef80f93ae9e32,GDPR
italy/Injunctions,e1596ca99b33c0c76beb216486f4fecd,non-GDPR
italy/Injunctions,52d7cdec15c57a056aaaa8b3b0e0dbaf,non-GDPR
italy/Injunctions,790dfaa9ee7326e7609d65e0ce1e1b80,needProcess
italy/Injunctions,a6a11f6e6cf41d18cf36932b5d788df7,GDPR
italy/Injunctions,230274e16d303354eb0e73d6e6505206,GDPR
italy/Injunctions,b4906039cedfdd13570e2ace0ca39b1e,needProcess
italy/Injunctions,bdfe1d4d5a002801dd10aeb31ef167b7,needProcess
italy/Injunctions,4f5e5f906540766d1786690178404c69,needProcess
italy/Injunctions,37006cefbf7a56f4c37de6e116d1288f,needProcess
italy/Injunctions,149af98fda0267269ccd92f445836c8b,GDPR
italy/Injunctions,c4d493cc12699f23e128d4aed9913a04,GDPR
italy/Injunctions,abe14c1b42e8a46628288d92cb25ac07,GDPR
italy/Injunctions,9629dbdc383f0fa219777efdfcb604e6,GDPR
italy/Injunctions,4dc3c5ffe99cffe96d8c55cd5fc581dd,non-GDPR
italy/Injunctions,81bed652b5ffe41d24b867ba3e02a57b,GDPR
italy/Injunctions,4ca20580ef545bc9eeb0f94d1ca5a3b5,GDPR
italy/Injunctions,cc234b86577426566fceb66116941aae,needProcess
italy/Injunctions,018349967401b2193416f03cd9016621,non-GDPR
italy/Injunctions,4e93becc89727b28e61c250da31e618e,needProcess
italy/Injunctions,929066fea6b0d980f611e74bdfabc574,needProcess
italy/Injunctions,4b67d3ef79d3921af9fcc1fec58698ca,needProcess
italy/Injunctions,be384b39660d05120e267981d5fd3c30,GDPR
italy/Injunctions,f75e5126a18882719e0987a57ba2ec7a,GDPR
italy/Injunctions,79cd636e72096ddb3189f8703c6ab105,GDPR
italy/Injunctions,7522151e4988a6621dc053c6d34502f5,needProcess
italy/Injunctions,6a16822a1cc095ec39e7df7b32eb0f9a,non-GDPR
italy/Injunctions,575adb07de23ace7e43896abf3ab5227,GDPR
italy/Injunctions,fc5a1c611955c0ce227b9f1820e4feb3,GDPR
italy/Injunctions,a4dd8f7c4c209647cc8a70a42546380a,GDPR
italy/Injunctions,6db9baec345fa3857bb39d4b96e0ef21,non-GDPR
italy/Injunctions,63bcaebfd43deff45d683e623cb4b509,GDPR
italy/Injunctions,d299b54148f553830bde0ce820240a5c,non-GDPR
italy/Injunctions,3ca71cf58c5e750c39ca976f8072542c,GDPR
italy/Injunctions,7a42d1d97a063887cbce381bb9bad8f9,needProcess
italy/Injunctions,8e875448d1b3dd56832243ecc17d3646,needProcess
italy/Injunctions,f93a14d9291fb7d4d7fee3c66daa2e1b,GDPR
italy/Injunctions,d6df91d6f6da90f19ca1c569b0d99ce0,needProcess
italy/Injunctions,706b39b1d309b8cd566bbcb6915d3e19,needProcess
italy/Injunctions,085358f31f22d69437250a05bc179a4d,GDPR
italy/Injunctions,8193f56d921bd63155a0a0924bccdd58,GDPR
italy/Injunctions,9dd2c65e5e99ad352c2b94c455eec3af,non-GDPR
italy/Injunctions,7bd766816903510e8cf6794c65fca2ef,GDPR
italy/Injunctions,f2f1d94b65a7a2b3c1ee26b01a4f675d,non-GDPR
italy/Injunctions,d6506efe6982e90408e1199f2d29f2d6,GDPR
italy/Injunctions,aa842d9ef14351aed14665584570547b,GDPR
italy/Injunctions,563df8893df25d44485beb510a479d7d,GDPR
italy/Injunctions,5f1a791ebb9943e35529387e54859e6e,non-GDPR
italy/Injunctions,0b09b19298f5725e588504e8a3a7ec1d,needProcess
italy/Injunctions,c96f8ecf40f548c0b08d17dca8e189f8,non-GDPR
italy/Injunctions,0483af3ac4c37ab47736ee5489c1c4d6,GDPR
italy/Injunctions,a879fad10f411a21e03727608c734fcb,GDPR
italy/Injunctions,7fcc83875be9f343b7a4f43fd5fb1d17,GDPR
italy/Injunctions,4ec6cab20a824a1dce520e69aad9bab9,needProcess
italy/Injunctions,873caf328ad1ef6ebd59452f3165c81f,GDPR
italy/Injunctions,c0ffde2ea1e04bed368e7df91f0ef024,non-GDPR
italy/Injunctions,cb2cf9e6abe7f535e357c111ca846ada,non-GDPR
italy/Injunctions,12e5c8be633f1b40124dccb28f09d1c3,GDPR
italy/Injunctions,5f5568f0e4dba84486b2ce6c1f1c46ee,needProcess
italy/Injunctions,b682c8202efbc0e007e4f6fd38b63000,GDPR
italy/Injunctions,bee1a1cbb34fc24b044f8cbfd4ac58f4,needProcess
italy/Injunctions,3da7162eb1c3bc9b8c1b7a5590b38038,GDPR
italy/Injunctions,8e8c0ed6313b52f593743b544bf44351,needProcess
italy/Injunctions,1e701dfb7edb77cc5a50dfdebfecb921,GDPR
italy/Injunctions,05e22d1491e32bf5c86c230fde564705,non-GDPR
italy/Injunctions,9290deb2064bd7bdcc7fe0a90dbc6f34,GDPR
italy/Injunctions,c8fffabe4296993e7378823d5ab87ee4,GDPR
italy/Injunctions,ea55331198108fe9c2e066d35fa5e233,needProcess
italy/Injunctions,e9b2fbd3137418db88aace2deef5a3ba,needProcess
italy/Injunctions,eb86466bb53799cfec026cf799ee79e6,needProcess
italy/Injunctions,4ac3160e9bc41df8dca933ab75d1d792,GDPR
italy/Injunctions,f433b8bb878fd692382dbc6950c8e243,non-GDPR
italy/Injunctions,ac0680c09ce9e1e6cd6510ab67d38a0f,GDPR
italy/Injunctions,5316e0e3e4417e7cd17d14832cf845a6,non-GDPR
italy/Injunctions,368e18bf5057d64c4a94381b717b135c,GDPR
italy/Injunctions,83ef4a5fdd28ec7cfb295565327d4bdd,GDPR
italy/Injunctions,c84ed2dab1ae57198386722d4121c3ba,needProcess
italy/Injunctions,7a336d06c6e80e15e87d4eaf6adb74a0,GDPR
italy/Injunctions,7615765d3d8536681a2755be57d07ef7,GDPR
italy/Injunctions,fe8f8a0464d0d944a9342aff273d6da6,GDPR
italy/Injunctions,6137f35c24f494cfdf0a0f39bff3ad20,GDPR
italy/Injunctions,eae1a3ff86a0e86440649047244821ff,GDPR
italy/Injunctions,18a41f4ea19b26e0123643936cb3da56,GDPR
italy/Injunctions,b494c23d10e15502afa8d80c5562fdc2,needProcess
italy/Injunctions,8a581427b74e57f5b8eb10152b499c16,needProcess
italy/Injunctions,0838535f2d7a83f2336bb1e392c2b105,needProcess
italy/Injunctions,0d4372948964b244783832a63260ac2e,GDPR
italy/Injunctions,99cdd9666601b6c1e14b90d93e69a8c6,GDPR
italy/Injunctions,917c85c4baa16800dc79aa93667dd6f5,GDPR
italy/Injunctions,c92ae898527d9e50c8ef689ccffa9036,GDPR
italy/Injunctions,f16dec87c4576ae0c3a741e213ae43d2,GDPR
italy/Injunctions,60f2d783c681f3c36045780a3ced156a,GDPR
italy/Injunctions,09d5d86deab5de8b1a67990410aba49f,GDPR
italy/Injunctions,6ec505895980adc8eb183490776a9b36,needProcess
italy/Injunctions,63b48b7ddf316805effb3de4bfe01202,GDPR
italy/Injunctions,d9f4b616a3a8773ce6d00fa58ecd0f32,needProcess
italy/Injunctions,47e528a11de2050c65cbfcab24553a85,needProcess
italy/Injunctions,f4fd464345ae0d88456061dd7be9e358,non-GDPR
italy/Injunctions,79a6982c9ee6b42b25d4568fa63269dd,GDPR
italy/Injunctions,6e149f57048c048ae2965906f9858d0a,GDPR
italy/Injunctions,df529aca0603a2d32d4847276f17976d,GDPR
italy/Injunctions,a0f33fe437bd7bd36bebfe28071e69db,GDPR
italy/Injunctions,ca4672f7c19da4d3af2c0583c2b3eaa5,GDPR
italy/Injunctions,38d5602932a7add5b6fd7f548b56bc22,GDPR
italy/Injunctions,184ce53729454c9daab66dbb213bd622,non-GDPR
italy/Injunctions,9dcb6662754fc9b5cd141def5620f9bc,GDPR
italy/Injunctions,172332d706b1882621933af03504d729,GDPR
italy/Injunctions,5cc665c119c79ddc473f70fd6383a33b,GDPR
italy/Injunctions,6381ea409244b483eb00dbfc6828dcf3,needProcess
italy/Injunctions,d9a3c3856f9265616c5d814e74217628,GDPR
italy/Injunctions,02edf5782316afe54031904aaff68f9b,GDPR
italy/Injunctions,34d337cbfb172f3b59146a4790a38c00,GDPR
italy/Injunctions,99aa46ff97014377d770c5faadf74b16,non-GDPR
italy/Injunctions,bad07de1d42a4a56c9f21d65f9d26ac0,GDPR
italy/Injunctions,d9816f6abd5f1c05ff80f7d553975660,GDPR
italy/Injunctions,3d8376915fc57d222ad4cc3f7c362f14,GDPR
italy/Injunctions,7b92a2a1379887dc1249074eef163f19,needProcess
italy/Injunctions,08508419e4c0c6c96adea59928343ff9,needProcess
italy/Injunctions,88939ad72d20d9568fbb69777aac091d,needProcess
italy/Injunctions,d546402cffbec05e988166ee89b19541,non-GDPR
italy/Injunctions,9f51c877cbb9f0e3286d29fa30e330d5,non-GDPR
italy/Injunctions,ae3950051bf2d6a33ffa4b0a8af68b2b,GDPR
italy/Injunctions,4ef20fbf689b6d591a1508de8108208f,needProcess
italy/Injunctions,5f3d868b4439e10be3c9768b9bd5da6d,GDPR
italy/Injunctions,8f148a451c695f7581d31776ff943856,needProcess
italy/Injunctions,0e4fffa62636a12c5bad35778668fe63,needProcess
italy/Injunctions,1669649b00601286c2142c80990a4cc5,needProcess
italy/Injunctions,2c76bf637b7cdf984a4a407cd95f708c,GDPR
italy/Injunctions,f8ca3b96c40bf2647012689b9f52474f,non-GDPR
italy/Injunctions,75500690993f3fd0c99d98d518c393c6,needProcess
italy/Injunctions,c8fef2e454923f25ba754a7093ad4264,GDPR
italy/Injunctions,6a75979aba8cb0703bbaca3f7a5c9f7c,GDPR
italy/Injunctions,4adcd52b46ee766c50021a2d1ee368f4,non-GDPR
italy/Injunctions,4d163366da97824e84a323596a15acb7,GDPR
italy/Injunctions,4bb2b739538a25bdf53bfbd7b27e11da,needProcess
italy/Injunctions,f02b61f3304f7d76d6918f04c2002675,needProcess
italy/Injunctions,3f92b81ab15551323f8a0c95bd1fd968,non-GDPR
italy/Injunctions,32b526f68288b15484b3037cb399f392,needProcess
italy/Injunctions,d5a2322759f7dca62ec3b33808328ab9,GDPR
italy/Injunctions,d361716e119b873517d638264f468273,GDPR
italy/Injunctions,cf7bcd97a4efc8b68dc37ee36e52742a,non-GDPR
italy/Injunctions,70ea4c4b744d5d7e6e99ba4e02140c0f,GDPR
italy/Injunctions,76f0a17ca5acdf8924ec4f998836b57a,GDPR
italy/Injunctions,7edadaafd24fe2859e3cdba6c51abc47,needProcess
italy/Injunctions,452665364f47fb53f78af0bb76fcfaa7,non-GDPR
italy/Injunctions,7e27042718dbaeea8ea3390107da7cd9,GDPR
italy/Injunctions,d3aceb0351edff08551acabb3ddc373d,needProcess
italy/Injunctions,bfb1b782c0f1f6a44d9c22b0a22b4b76,GDPR
italy/Injunctions,89c076ede48345c7ff934be9a4653384,GDPR
italy/Injunctions,dd912696f6eb247244e357b0859380c6,needProcess
italy/Injunctions,0a63db32774c232676d4411e467bda26,GDPR
italy/Injunctions,9f2a49e205207f15fcdd87ce8da1e1f8,needProcess
italy/Injunctions,e931e2095c09eda244d3d953eecefe68,needProcess
italy/Injunctions,29dfe914e17bb61a3eafc2344e238301,needProcess
italy/Injunctions,3279252340465571a0db360c1bde8455,non-GDPR
italy/Injunctions,512b39fcd27ecb3b75eb515ddcab3ab3,non-GDPR
italy/Injunctions,cc97ac37a3ac04389241e5f56ebd29ca,non-GDPR
italy/Injunctions,b2de604a470968f1a0109dcd936a6c61,needProcess
italy/Injunctions,d0636c64a9099d97bd97d0079b642513,GDPR
italy/Injunctions,03df15e8213a4851118df4611f28edad,GDPR
italy/Injunctions,673aeb7fcf2c631bfa039f99db9bd98f,needProcess
italy/Injunctions,ba7c146e94747862b6faed3e5c91c4b3,non-GDPR
italy/Injunctions,cd00972fabdb8f2c3deee3fdf147649f,GDPR
italy/Injunctions,0266dc251b4f4b3eaad97a7f8208994f,GDPR
italy/Injunctions,062328938bd07496018224e999409c77,GDPR
italy/Injunctions,11698fca0b642631f263756621407e9b,GDPR
italy/Injunctions,9b766c7551e191a2763395d69c05cb6e,needProcess
italy/Injunctions,9ed11e7df618de4d66977db5a45ce3c5,non-GDPR
italy/Injunctions,4d2ddfd07926b5a3e2c66dd1cbaeb39b,GDPR
italy/Injunctions,e5fb0d6aa569c1d128538dbdb81cf787,needProcess
italy/Injunctions,a87facfb3fa7b4164e16544998d499e3,non-GDPR
italy/Injunctions,bcbc72995e56ee52fa40716599521de3,non-GDPR
italy/Injunctions,6c43f7293dea3a32fc1cc36bde0cc2bd,GDPR
italy/Injunctions,cf1674eaf1fb2fa148eca2f64e543990,GDPR
italy/Injunctions,f82f72ad5d8b9534436dc6cd3991d802,GDPR
italy/Injunctions,4dc1fee940333b49abf655c8e5903376,needProcess
italy/Injunctions,09a8543c211f2b3ccb4e9d77a9dafe82,needProcess
italy/Injunctions,a26f20a877a2cdda0bbc36e261947053,needProcess
italy/Injunctions,81c36b783038ec715b5dd5674f74b3b9,non-GDPR
italy/Injunctions,5222b2258ddf2169d8a92d496dc3ee4f,GDPR
italy/Injunctions,1d2c5964bb3776e390dc7d1a393518cf,GDPR
italy/Injunctions,e275d55591b19ee329ad94fc783baeff,non-GDPR
italy/Injunctions,a9018fd73eaf97c758e13b900bb31d57,GDPR
italy/Injunctions,5094a006f33c3949252e3ed9bd936383,non-GDPR
italy/Injunctions,20036165a4e75296ef29d9cf56381ee1,non-GDPR
italy/Injunctions,cf11b70e6bf4a70da683af042bbdff5d,non-GDPR
italy/Injunctions,f288485dffad240a979f1b59984955e3,GDPR
italy/Injunctions,a2e1c2e3c83908ad5db5b1172c2d1d30,GDPR
italy/Injunctions,695422c00f325177a03d4212f1475a19,GDPR
italy/Injunctions,d42d5cc0be197330da41150e27382eba,GDPR
italy/Injunctions,4e76332848ad89a81b5754b72e5ffd77,GDPR
italy/Injunctions,4e393244b7a8afde67e89a471b70043f,GDPR
italy/Injunctions,9438c9c1a5bedc4562766d6ec4a0a73e,GDPR
italy/Injunctions,2314ac3892bc1491fc12cc2ba0920644,needProcess
italy/Injunctions,73c33c112f45af65b5002b366a5fad5c,non-GDPR
italy/Injunctions,4e8c3a1d272910ead32596f65b8d1cb7,GDPR
italy/Injunctions,e4c788d1073e7ee74235282f8c391f71,needProcess
italy/Injunctions,343ba10b7a82feade717fee402f007a2,GDPR
italy/Injunctions,837f0ec054ba9b8e41a12603a86e3106,non-GDPR
italy/Injunctions,c378bea7520f5f0f6636c7bde48257bc,needProcess
italy/Injunctions,225bdf0805b79d5e5ae8357f827fdfee,GDPR
italy/Injunctions,432be7105df921538d23c6635a5cffd0,GDPR
italy/Injunctions,bae5cd7cad464e4998a348509ab24306,GDPR
italy/Injunctions,5cea1a397c2a5ef29dd17277847da17a,needProcess
italy/Injunctions,d4412e00b4a743dda630ffeefc53969c,GDPR
italy/Injunctions,5b11aa03ef0d684dd9fa03844b42f1d4,needProcess
italy/Injunctions,6008ee7c6d5179b3ec37e9d5037862b4,GDPR
italy/Injunctions,7fafbb1a40d364e6b1576c4bc56e44e9,GDPR
italy/Injunctions,15f339d2dd518e604bc41dbeea600ab7,needProcess
italy/Injunctions,1e43afde4ab95009a2b5c30db5ad5993,needProcess
italy/Injunctions,6b2cf381e947b9f60c04b08392f98a69,needProcess
italy/Injunctions,91b5fff8b9cf586c97976ea90bef7a08,GDPR
italy/Injunctions,de01b5bc58aceaeccc2cd1f96f4064c7,GDPR
italy/Injunctions,a9aa70d05252d6e5539c4f06dd6ef918,GDPR
italy/Injunctions,3c8d101f8ed0179d5182cb3cd601b50f,non-GDPR
italy/Injunctions,e8c562617d14fe581474ac96f850c86f,non-GDPR
italy/Injunctions,1543e68cf99c791d0bd0398db28170b7,needProcess
italy/Injunctions,2458a4211b794cdd50feb05806fa8144,needProcess
italy/Injunctions,c8ddefb5c133b457a1832e315ba0dd75,GDPR
italy/Injunctions,b5954b17e4ea1434038927c3d2e9a4f5,needProcess
italy/Injunctions,9577c9d51f71dce01b7a7e5aa0a7a144,non-GDPR
italy/Injunctions,0776caa2c4c0e8ea0f18a1173ebe2452,GDPR
italy/Injunctions,2c57ef47c32e2c87131a75ba4e942d3e,non-GDPR
italy/Injunctions,d7bea95fb6801e4056f1ee7c62f1ac39,GDPR
italy/Injunctions,9eb5e104f247230a97289e1b758c7405,GDPR
italy/Injunctions,91c18ba0f2a8571e1d21b7cee7f8cb5a,non-GDPR
italy/Injunctions,af660ef7f946b5439b81a1e788ed09a1,non-GDPR
italy/Injunctions,faa469a2a0da7f15ef933a89eb6e75a3,GDPR
italy/Injunctions,880a73200b1b0b502c1a45e060833fd7,GDPR
italy/Injunctions,c13368facbd5e234c40ff72476d80e38,non-GDPR
italy/Injunctions,7f1aef52dca1b32732af7bb1bb9b291c,non-GDPR
italy/Injunctions,36cf9d738d1ad249dac66351537e971e,non-GDPR
italy/Injunctions,3b362b843700b235e0e81bcbf4a0b9d0,non-GDPR
italy/Injunctions,4715563e2037c77632384c2fe3da19a8,non-GDPR
italy/Injunctions,72cb0f2d689668e4a3dcaf4739c00983,needProcess
italy/Injunctions,e2beb99bb988c347dafba9e4f74844db,non-GDPR
italy/Injunctions,576a964b166064b68639fa0a2f977a37,GDPR
italy/Injunctions,cf64191e4bad9ff03fe6b6b358d8e8f4,GDPR
italy/Injunctions,b944665eb1fd2b7893c3488c51c17ae9,GDPR
italy/Injunctions,984903a061a4a80a74119251e1093fae,GDPR
italy/Injunctions,ba96bcd47467ae370dcd71c59633d8a2,GDPR
italy/Injunctions,96221a05846895b1cdef8efa010cb886,needProcess
italy/Injunctions,2dd9ff6bc574dfefbbbe0288de48cad1,GDPR
italy/Injunctions,d8c043d1308c6554e7d0cec5d1a72aa3,non-GDPR
italy/Injunctions,0366d1fc403972763b8946a10ee60384,GDPR
italy/Injunctions,711d3a4bc41d41ffe635c7f25b0a65e5,non-GDPR
italy/Injunctions,5c8545611abace12ce3ce3c1bc83842b,needProcess
italy/Injunctions,3871982ef4b49b296e54969650cf288d,GDPR
italy/Injunctions,41c4860207617cd68019a1ad8975ba42,needProcess
italy/Injunctions,926ab667d9a9bf248b3d5465f006ce0c,non-GDPR
italy/Injunctions,001f81e355c839c5c00b50fc97cec212,non-GDPR
italy/Injunctions,fa58d282e0c03e4b5051c58a2d3e0070,needProcess
italy/Injunctions,5f9556645bee92d17a05b7b32aa26e5a,needProcess
italy/Injunctions,a70ef2b232f7834e62687ab18600e1ed,GDPR
italy/Injunctions,63329e306844908466fbfe73e472c198,GDPR
italy/Injunctions,fb948fd693764ebfca964abaca6029d8,GDPR
italy/Injunctions,d711f9b35a58f7ab780007ce144e0b52,non-GDPR
italy/Injunctions,65fdf50ca28d4f6b94e74e3ba31a478e,GDPR
italy/Injunctions,0e531f98d2d874411e3a2a99233d98f6,GDPR
italy/Injunctions,4bc716ddf2aa57b47f6732ae6fd20c61,needProcess
italy/Injunctions,fad2d28bd8776204ad1632612ec25ded,GDPR
italy/Injunctions,a0617377c798f3287d2463a00a7db493,needProcess
italy/Injunctions,4f43044b6d68315c972303f7b247f71c,non-GDPR
italy/Injunctions,7a817c77b19e458fa6e0051bc58b236c,GDPR
italy/Injunctions,7a9cf29c82438396c6ab2ed009c33207,GDPR
italy/Injunctions,f765f6adc1af28557f88e4cdd39c8b88,non-GDPR
italy/Injunctions,cbee19c457807d70217665fb590435a1,GDPR
italy/Injunctions,d07172aceb489c1a8805d65378375a99,GDPR
italy/Injunctions,d23746a3167984430efd4d290578133d,needProcess
italy/Injunctions,6a12750c29bb1590e7403eef383feeee,GDPR
italy/Injunctions,73b568dc0f0e6d17308394b2c1ec68b8,non-GDPR
italy/Injunctions,c080680e1aad4b96affc122a11e206d3,GDPR
italy/Injunctions,3360d76a38747748ad8a2fe65cb1c0eb,needProcess
italy/Injunctions,cbd13b9c76a2aab4bed3583d3bdf4e09,non-GDPR
italy/Injunctions,5a47ef39962d13f76a8b88422c333052,non-GDPR
italy/Injunctions,85b33b317d9d15f7ae51a303b6107481,needProcess
italy/Injunctions,01df1ce80bf50874a6074375e9044a7c,needProcess
italy/Injunctions,d05d06afb07a12c92bc31f74a26d9af3,GDPR
italy/Injunctions,cc31ad23ae7132d98db7664fc5863d5a,GDPR
italy/Injunctions,af211f1571d8d00ad4255e620fc16fab,GDPR
italy/Injunctions,2f966ed70d7fe1b7af553691e7135e4a,GDPR
italy/Injunctions,5af2785690cf18d3779c66c01141069b,GDPR
italy/Injunctions,3cb891456b3cb731c203a0315035a9ae,needProcess
italy/Injunctions,ba4bfda8cc49400d2c0a80bc975e3f02,non-GDPR
italy/Injunctions,7a41a7800aa32a37e022c3bad481e214,GDPR
italy/Injunctions,528b3b0ff5cc7ea6a456de4a230d353e,GDPR
italy/Injunctions,d99e10bcfd43e1b009b207f9108695f5,GDPR
italy/Injunctions,a25df50600d08e62870a4cc9c04851d0,GDPR
italy/Injunctions,1f6421222b5877ca1223bc1fbfca8bb1,needProcess
italy/Injunctions,5e913c5bb70e622516f4095f3811a957,GDPR
italy/Injunctions,a096612f9a3afa18c7fb7aee44236531,needProcess
italy/Injunctions,c90e2c0193ac6ea56341d22406df9f4d,GDPR
italy/Injunctions,577c00a22b284257495fb2abcb969761,non-GDPR
italy/Injunctions,2647fec5a8c62dd8df7edb4f6e1485ca,GDPR
italy/Injunctions,5bef5131fa42b5bfd4e1a87bf50a3e05,non-GDPR
italy/Injunctions,aaececb680ea78f74a28ed675b355239,needProcess
italy/Injunctions,ac12e2c70bd72da7ec9d6a3f8c74e0a6,GDPR
italy/Injunctions,23fcaad56de2a528a613a6561014bca5,GDPR
italy/Injunctions,c74db3c31c3092422b601247a9d9448e,GDPR
italy/Injunctions,3e959aa362aa97dff0295c1505684a13,GDPR
italy/Injunctions,363a2c55ba5dbf8262d02e24e6386933,GDPR
italy/Injunctions,398ac3a0d17ecd9760a1666337f9705d,needProcess
italy/Injunctions,e29235e6ae4108dce1c925976102cf7c,needProcess
italy/Injunctions,e6b931027942069671ae4c140bc9954a,non-GDPR
italy/Injunctions,1ad404a1cb826d2a6332d5eb7b535ca1,non-GDPR
italy/Injunctions,59d3811b7a5d11aad38305157457c1ab,GDPR
italy/Injunctions,02f9d209c595126a0b97636b5546924a,needProcess
italy/Injunctions,2e4cd8aeee6809cdd997b2fdb4b079cf,needProcess
italy/Injunctions,022f1fcc0b1e2a5187571d2e6180c90a,needProcess
italy/Injunctions,e62bd3108734c46a39e9b130d9d3fbe1,needProcess
italy/Injunctions,7b1724bf52885d60a16c88759026683b,needProcess
italy/Injunctions,d22847e7dcb3fe7195d8a12e12a44bb6,GDPR
italy/Injunctions,9cae46551ef44a4c89a41f1fe7541be1,needProcess
italy/Injunctions,bc6acc23709a08903c2980e2b922e1f8,needProcess
italy/Injunctions,4328a4db4930071142cd34d3b0e1981e,GDPR
italy/Injunctions,d90e07e202be5511823aa90ff89a806c,needProcess
italy/Injunctions,eb0a0b9edd470cef5381725807215a0e,GDPR
italy/Injunctions,5296b53b73f97c46687d93e6326110a5,GDPR
italy/Injunctions,b89d3ccdd4d89697e338b7df14eb153b,needProcess
italy/Injunctions,427cb9c2ad4abfd27581cc72f6082768,GDPR
italy/Injunctions,fd75e889b785429a84758aa69df40f6a,GDPR
italy/Injunctions,f293ee09e5e9d60b668e618a7882f4ff,GDPR
italy/Injunctions,d22b4d803172850e778226e96b2abe44,non-GDPR
italy/Injunctions,85f64aeb5ef3646a579632457a1ce455,GDPR
italy/Injunctions,0f549d36892eb40fa747a4fe82306c0b,needProcess
italy/Injunctions,61fd1b60a48b3653d817e7feb523a550,needProcess
italy/Injunctions,7d0128227c0ced93adbcd2112e44d4d7,non-GDPR
italy/Injunctions,9dceb2654102cbd1f5ed4384b64846b4,GDPR
italy/Injunctions,ab0c01601e9f883877feebc512018ed2,GDPR
italy/Injunctions,5ade3433e2b4ca54936f66047869c568,non-GDPR
italy/Injunctions,681c6bd9c4dfd64edcbc930000f3976a,GDPR
italy/Injunctions,12330ba7e049bc15f58432f20261dfff,non-GDPR
italy/Injunctions,34d5092a64acea52e5ab21ec0c762b68,GDPR
italy/Injunctions,38fb0ea2b0d251fa6be775177cf54b02,needProcess
italy/Injunctions,b14cf7c487c49f0a1a6081d7a132e877,GDPR
italy/Injunctions,d914c6d4c446eb013ef8756af4d6240e,needProcess
italy/Injunctions,fdf7aa00c61860e92d5e2eb787a5cff0,GDPR
italy/Injunctions,7b2fb77870736fc16face91b420fb5f4,non-GDPR
italy/Injunctions,8a7c3b687dd65efaf9b5e4f7ce8adc5b,non-GDPR
italy/Injunctions,0d5dafcce6d4c39d177135928e306e2b,GDPR
italy/Injunctions,d264282240168d4a7b7d30e8bbc315bb,non-GDPR
italy/Injunctions,fcafdc93f06165d15a9277f893b0186d,needProcess
italy/Injunctions,403b6b97dd6f78ae0e5d6095a3501d49,GDPR
italy/Injunctions,c2b08f2adefdeb2893d409f69d7ea4b5,GDPR
italy/Injunctions,7f94061a5c084a3bcd208c09ce8dac7f,GDPR
italy/Injunctions,87cd9d6443019dd9666088789f41e054,needProcess
italy/Injunctions,c11cf010291237d06e7b5ddde8b7700b,non-GDPR
italy/Injunctions,6415025c058b7bc794c673ae2dfdd6dc,GDPR
italy/Injunctions,02491a3d3590ef6f4b9970bf293fe327,needProcess
italy/Injunctions,2770ebb60c3b12b11a48c3395e8f4305,non-GDPR
italy/Injunctions,4dc43c56ee91ae91b468decb8e06bb00,non-GDPR
italy/Injunctions,7333e4fb5495ad51bfcd376627a5015c,needProcess
italy/Injunctions,d8ca55fa21be39e68c3f5b3f49b82052,GDPR
italy/Injunctions,cf5fcc6180638cd16019996dd6ef4c6c,non-GDPR
italy/Injunctions,1250d1dc2c4330ba6a64e69ca41a3cc5,GDPR
italy/Injunctions,774d41772c99ca23ee97942da4019929,non-GDPR
italy/Injunctions,3310b1a5881d229af1b54adf4fef99c7,GDPR
italy/Injunctions,5575a2e24535d9cc377f8fe13e2783ac,non-GDPR
italy/Injunctions,221dc7d8127a69cfa3784d3bc6e03f34,GDPR
italy/Injunctions,3558ce1111b0f90d06608b9bddd0455a,needProcess
italy/Injunctions,d717d45dc29ba61559d0458204e81781,needProcess
italy/Injunctions,d9a1e3a2e4c06603fc63046cf38fdf2d,needProcess
italy/Injunctions,94890064b611e1e00dd0d1040ee9fd9a,GDPR
italy/Injunctions,b2d17e96523b39b74e4791b2fc23f6b9,GDPR
italy/Injunctions,d89e72effb5f17d1268a72d839a3c9f5,needProcess
italy/Injunctions,7e0e777364d27ab595267ca4f5368882,non-GDPR
italy/Injunctions,f72a95d7ec37188ce159ca6b95437389,GDPR
italy/Injunctions,adae952955bdb41acf77a1ec108b7ab8,GDPR
italy/Injunctions,7058924e2f4150ddb272feb8c9e68199,GDPR
italy/Injunctions,21e0344288cf1cdd1a36c10efe5b53d6,needProcess
italy/Injunctions,7aa846879d798aa7f792828b9ebe54e9,non-GDPR
italy/Injunctions,f6cf0aeab3242d272125a9e12107e19e,non-GDPR
italy/Injunctions,fd8780c33a253eff7e3549b557834404,GDPR
italy/Injunctions,46ab5da0bc9f5d560e13f8bc1b15863c,GDPR
italy/Injunctions,43d80440074822d765681cd4f54d2ff1,needProcess
italy/Injunctions,f2dc14fd04697d0b1e673020dff32aad,GDPR
italy/Injunctions,685bb2e73998a7cc8eb8c3fb1bb80fee,needProcess
italy/Injunctions,f77db12e3b1c505a3863d713b4317682,non-GDPR
italy/Injunctions,dbc7b34762574caddfaf512709b217d1,GDPR
italy/Injunctions,6603fd9c918f3d50d9ef16ddb48e2585,needProcess
italy/Injunctions,dc2e635aa22b1954af4833d7a8c8cb6b,non-GDPR
italy/Injunctions,8c055bd25e76d3d84a55a856d9f46b79,needProcess
italy/Injunctions,785dfbb0b9b5a415e44b2f374d01ac8f,GDPR
italy/Injunctions,2baf380c6f29f554a8e41b9623f457e1,needProcess
italy/Injunctions,fb967323b4ec25199b1dfbb1f7205ea6,GDPR
italy/Injunctions,7a84e531bf9e60bded531e944f710319,GDPR
italy/Injunctions,e8a79d79c5bdb6fbde49e3929a89c43f,GDPR
italy/Injunctions,b96a2dac7cdce9ab368f90ea545af943,needProcess
italy/Injunctions,cf609f69ddb4abb7f576989e307b73c0,needProcess
italy/Injunctions,73f57f8baefc1c4abb22dc52466af32e,GDPR
italy/Injunctions,5c147202e872e86ff132db0219540934,GDPR
italy/Injunctions,ca095d6a3c510c88bcd83e411473fa0a,non-GDPR
italy/Injunctions,8e6bc5095c3d8c18ccb69bf19f07385c,GDPR
italy/Injunctions,0a9bbd8712c287b35f537d415e2bb9a4,non-GDPR
italy/Injunctions,d8f3fb2382a335afaef3ebe6b1e6c42b,needProcess
italy/Injunctions,4a2a50028e2af241c51ae865881974f6,GDPR
italy/Injunctions,3d55649960e17392289bd1a4406c892b,non-GDPR
italy/Injunctions,7ef4a66ba6e88ae7154400efe4093077,GDPR
italy/Injunctions,b93a0d7d5910434a1cee3ad6bcb77ac0,GDPR
italy/Injunctions,29ecfa6bdcee993a44a1fafba771d1f6,GDPR
italy/Injunctions,e3cd2864b93cce9384310da15e34d41c,GDPR
italy/Injunctions,5982760875d3f1757dcbd66405e18990,needProcess
italy/Injunctions,f58e6a92e3357826158799955f9df331,needProcess
italy/Injunctions,a043e1341f8d4c23248ae435ee992a90,GDPR
italy/Injunctions,e9ed0754e1ea652def0f9e16206893d3,GDPR
italy/Injunctions,18b3a13b3a175fd54443b612449b2d9e,GDPR
italy/Injunctions,2c96a088561c1414579e7273a15c9829,needProcess
italy/Injunctions,b17045135246dd0debea276a2ab74a93,GDPR
italy/Injunctions,af9f1dde55e5f08fb69649d7475ee510,GDPR
italy/Injunctions,c6728eacc63527d67cf74a2bcceca012,GDPR
italy/Injunctions,9b5b037105526c13116de5cc632a2f24,needProcess
italy/Injunctions,be4683f2515283293c0b037a818fe078,non-GDPR
italy/Injunctions,6562f763af4c5a5a3cade9067465918f,GDPR
italy/Injunctions,48afcb2b930f74ef178bc6e52ddacdde,GDPR
italy/Injunctions,5535e597968aece33a864478004c97df,non-GDPR
italy/Injunctions,735564e1d9f262b12d1c23e46ad19610,non-GDPR
italy/Injunctions,be45756e9577b15ff4a535d06c206bd7,needProcess
italy/Injunctions,df8f9b90a173422aa49f7465a8f9d2e9,GDPR
italy/Injunctions,6575261b142e5d4e1e62899e9e1e8973,non-GDPR
italy/Injunctions,7f6f83edcb90843d2c12c1a9e4a37f61,non-GDPR
italy/Injunctions,9ab8fb640aaa783a9c6c43bdbc766390,GDPR
italy/Injunctions,52d8ef65c0f57c8d4faab188cd96c649,GDPR
italy/Injunctions,7ddb5f9541733b1256c3f083c5863c5e,GDPR
italy/Injunctions,dffb28a155689bcbd7f42e646ea434b5,needProcess
italy/Injunctions,326c5171bb2369b1d9bb31753d358db3,GDPR
italy/Injunctions,3ffcf5bbe40be006881bed99aac9f5b2,GDPR
italy/Injunctions,10179db68b4d240a0afddcc9db693e39,needProcess
italy/Injunctions,15cfa4edee6ecff976a39ff6de39703c,needProcess
italy/Injunctions,da6412b861f0ac0ae45f9df1807b7f0a,non-GDPR
italy/Injunctions,da44c87bed110dbe700cea49c5261360,non-GDPR
italy/Injunctions,df18741169d2c766f36e5632cf9ffffe,GDPR
italy/Injunctions,eed8bc38f8d0b2afc377afa6472904c6,needProcess
italy/Injunctions,1dfa6a8b4afe0ee5680f102fdadd9322,needProcess
italy/Injunctions,35f068a8fb239908f31f08a4b34d5fbb,needProcess
italy/Injunctions,14e1e3bb8ce5ef7d9bdccabf5e0e4134,GDPR
italy/Injunctions,ce7b2eb5473053f86655bf4cad434ccb,GDPR
italy/Injunctions,e6eeddbcd353bf0e2757476596ce6592,GDPR
italy/Injunctions,005ff8639262f28a0f7de717e941683e,needProcess
italy/Injunctions,e362ee7a9cec6cc14093c70268e6d9de,GDPR
italy/Injunctions,78ea23dca3a515f0b5b87bdacf30148a,needProcess
italy/Injunctions,6b56099947225c6021c3ee489fcc1777,non-GDPR
italy/Injunctions,db7cf42411d991430e3c85efa826b857,needProcess
italy/Injunctions,db98b989058cf764ac8307ed1e27b320,needProcess
italy/Injunctions,2e76beea5e2c1c0bc4de6ab06a510593,GDPR
italy/Injunctions,810b491a59bbb680e97bf6d68070ff19,needProcess
italy/Injunctions,724f69359e173bd934a5b80374f423b5,needProcess
italy/Injunctions,01b54d65cbea3093572e688336657aa8,needProcess
italy/Injunctions,b5b5112aea0ff95741555547b24c14c1,non-GDPR
italy/Injunctions,e6a5b442e9f675c269d848d55cfdda6a,non-GDPR
italy/Injunctions,0a4d3e94cde4a0fb910241d1ef0ca5cc,non-GDPR
italy/Injunctions,b96c5dcb2fb6c48a354caace3fda450e,GDPR
italy/Injunctions,89ef8ac796fb6cfcc08c161412aa2410,needProcess
italy/Injunctions,4dec9cfe152b6e3dfef6d9ad4fdefca8,needProcess
italy/Injunctions,eaa67c05089b7a5ec2427cc8a2928c4a,non-GDPR
italy/Injunctions,a60c7cb44751b0de907ac378804bd337,non-GDPR
italy/Injunctions,2f0f90ba200b27bd69fc4f6d5be4856c,non-GDPR
italy/Injunctions,fc3c009bc92716a3af60278e517eb88b,GDPR
italy/Injunctions,780e812a195e3b6bdf5aad6d4a1155ed,non-GDPR
italy/Injunctions,f3f9971e7cb15ba3afd3a55dec38d3e7,needProcess
italy/Injunctions,517d95bc0125dbdf9798eb825a3abc00,GDPR
italy/Injunctions,fbcd770f08588fec4826d3594af21449,needProcess
italy/Injunctions,2d0fa8cfcf553f110d3a3533ae97e8a3,needProcess
italy/Injunctions,2ae979fa58ac01462de7b6b4ef0975a1,GDPR
italy/Injunctions,3359c08ff355a8b709eaac36f64cd45e,GDPR
italy/Injunctions,816d210ddfc55486a562a8db9f98ff78,GDPR
italy/Injunctions,a7b90fd7e3e53220d34b803bc29d313e,GDPR
italy/Injunctions,6f3c3978a0aa3a688dad7a6169d46e8a,needProcess
italy/Injunctions,101934e719960b8e2b0583658e842fe0,GDPR
italy/Injunctions,f69abad953943973ec8a726e112cefa2,GDPR
italy/Injunctions,f713e913e49794e9c0eaa3e042c602b3,needProcess
italy/Injunctions,4ff701551ae375fe772ff705bdb3cf51,GDPR
italy/Injunctions,41dc9e014cb186b9ea7bfede5731f9d9,needProcess
italy/Injunctions,a73394c97ff4d53ad81bf007cdb87768,GDPR
italy/Injunctions,3245fe52d83e0facb9c209f14ccbed62,needProcess
italy/Injunctions,8bea0a4acab6c35a5ffbb2f0af7bd806,GDPR
italy/Injunctions,39de04e8f4ca1dd3910edb8f8924129a,non-GDPR
italy/Injunctions,d5137a24229e11be86f6afa6a6031738,GDPR
italy/Injunctions,a1556f269f1d9e3288f2bc42bd77bb95,needProcess
italy/Injunctions,a938161c286a832259eb371b05de5981,GDPR
italy/Injunctions,4412a1b33135fa2b19a14484f3b9683c,GDPR
italy/Injunctions,456de5ad98a5051cc0bab54c80405cc0,needProcess
italy/Injunctions,8c45684a497bd9ff0f4ca460f9078c83,non-GDPR
italy/Injunctions,617292ebe1b7d4da9574b0ca2658c8aa,GDPR
italy/Injunctions,b8a56c7abe6eef77ae50dff3ec2597a6,non-GDPR
italy/Injunctions,2a6d96c2a987b686e70178a6f7a1f2bb,non-GDPR
italy/Injunctions,50b1b0324770e25d7d6ee0a6f9b80bf6,needProcess
italy/Injunctions,6d7120152f258db7ad60f5b2717ee0f8,needProcess
italy/Injunctions,413f83e2125825ad5e20fccfef7fad2b,needProcess
italy/Injunctions,3c2800f240c802722f050b737ea0f706,GDPR
italy/Injunctions,e6750a59e336e90be064df5ef6aedd24,needProcess
italy/Injunctions,9ecd54d6115a8d087b7964c55a23a923,GDPR
italy/Injunctions,a79b14e503f9fe8f82986c55331d9111,needProcess
italy/Injunctions,bcf5ba49b07a4a3b65ced03dff2f911f,GDPR
italy/Injunctions,73eb17a5a5cbc7629510efd299099c49,GDPR
italy/Injunctions,7b27f40d29dcabb095b85d7f8b09e498,GDPR
italy/Injunctions,d36909b349e423b813dbce2b4436f2c2,non-GDPR
italy/Injunctions,a2185dea0c2ccac8a77b33eba7feddba,needProcess
italy/Injunctions,5034854524b5f038236cc24f01ca2bcf,needProcess
italy/Injunctions,a09c7d7a42990e0f6db73412d6341258,GDPR
italy/Injunctions,18a30d47abcdc046c2543e8a5b92dd94,GDPR
italy/Injunctions,2c5d62f3e95962429125a63012c820ee,needProcess
italy/Injunctions,a563d0d75571ce2bbce6a2279ecd21d4,non-GDPR
italy/Injunctions,fdbfe62885a3b5f2417a423727ce05ed,needProcess
italy/Injunctions,66b0d71994feb5a8e4b30fbc0379a333,needProcess
italy/Injunctions,feab15afa184f6032f5e5f907f2f3b86,GDPR
italy/Injunctions,e63690bd5daa6524a9f746b00510d1bb,needProcess
italy/Injunctions,0b4401152a2a02a272340d6016cd1037,GDPR
italy/Injunctions,8059ae038b3467b922e1b1f00a6b4984,non-GDPR
italy/Injunctions,9503e5d3ee6ef62e75255ecee1576120,needProcess
italy/Injunctions,022c4e3460f451837bd732158582cfa2,non-GDPR
italy/Injunctions,9f50088f065b33b336780edfc5ba330b,needProcess
italy/Injunctions,b551e53f593d04d0a18db70fa8434b9c,non-GDPR
italy/Injunctions,bcc011d87fb52450c8b8140cc57f937f,non-GDPR
italy/Injunctions,ee23834ef785e8254df1a6bdbe7da243,GDPR
italy/Injunctions,f0a50511f694fa433271a5076919cde8,GDPR
italy/Injunctions,2097bb381be2849bfb6835e86162af73,GDPR
italy/Injunctions,4f92610bc1c8b746c9347085580ae5f6,non-GDPR
italy/Injunctions,c51aac5851914e536892af3e4ed9a35a,non-GDPR
italy/Injunctions,281026bbe4e051102c23a06450c124a9,needProcess
italy/Injunctions,41f450cd4140a809dc365eaac2bb3546,GDPR
italy/Injunctions,bd46443e19505d8a98b238dc999e7664,non-GDPR
italy/Injunctions,28fff6bbb037eec26a28e5f88fd88970,GDPR
italy/Injunctions,b619242cb8d70bfefe5074e382891907,needProcess
italy/Injunctions,a8c3e4c055f802c51782293c45848784,needProcess
italy/Injunctions,889b9f6fa0518bd3eb0af3c79cc9c342,GDPR
italy/Injunctions,5cc83fbc92e79e4acbec3b983f8d872e,non-GDPR
italy/Injunctions,3dd2166912b91350a1d5e63708751707,GDPR
italy/Injunctions,aa1f717fa82baf2b688d31e87dc8241c,needProcess
italy/Injunctions,60ca84eb8a838ab6003e8c727dff447c,GDPR
italy/Injunctions,4b7f25146760296583b3e16ab86e64b0,needProcess
italy/Injunctions,067398bdab0cc1ac5cd3ebad4ecc1a21,GDPR
italy/Injunctions,aac4e71aa8729f35d9efec72ac07d566,non-GDPR
italy/Injunctions,2b2ead67cc4dffbf07f9a9b403004499,GDPR
italy/Injunctions,540855e1c73f8fbf075c8f2e71015026,non-GDPR
italy/Injunctions,1e53b126e17aa843fb6feea5bde6ce8f,needProcess
italy/Injunctions,b9cdeb2ed7e4337ff40e70f2500b0c1d,needProcess
italy/Injunctions,b7432dd1e088d22a3245121f07c68e55,needProcess
italy/Injunctions,e7eca596470b05adac80d4a5e0cd5008,non-GDPR
italy/Injunctions,3b77e37a64f8a118df5aa0ca7f736ff1,non-GDPR
italy/Injunctions,58f22d09d7d16e5209366f68f796527d,GDPR
italy/Injunctions,cf78a52bce93bee8b7da7314f4f98806,non-GDPR
italy/Injunctions,f391ebd8aa9f53c554b835005486f233,needProcess
italy/Injunctions,20e1a0b0a0bb878352c113a2260d0c19,GDPR
italy/Injunctions,df3fa9e4d6905c75d2aeaec4ffc8bc67,GDPR
italy/Injunctions,688463f4b27f97a7486b6c85964791ab,GDPR
italy/Injunctions,b7f3dc4976caff68412f40f9672696cb,GDPR
italy/Injunctions,ffd4fbe865cd2d81f5a1c5267b82b168,GDPR
italy/Injunctions,50f52c206476be4eafde1c968b51fecf,GDPR
italy/Injunctions,cd41e478cc400154714aa2115c62c8e7,needProcess
italy/Injunctions,fc62ec303ce37b21f3f31fef30fd563e,non-GDPR
italy/Injunctions,6bc61b3536a2a5b83d4f20b79b155207,GDPR
italy/Injunctions,19b42a813cbe7779bd0bec7aa3926559,GDPR
luxembourg/Decisions,d4f5248e2110e86067b8a1177db44eed,non-GDPR
luxembourg/Decisions,7240fc443a41904cb3571a3fe2364b41,GDPR
luxembourg/Decisions,c0cba8393c07def4d7057c8444921888,GDPR
luxembourg/Decisions,aea6a19d6183eba360c264020dafd390,non-GDPR
luxembourg/Decisions,c7769ea578351f79a8179eef8bc87f2d,needProcess
luxembourg/Decisions,74736507e1c000588f3fecf06da7eb77,needProcess
luxembourg/Decisions,da0fa51d7095e4ea18e6a71e6ce85a8c,GDPR
luxembourg/Decisions,990336c88d62c933e3a5b67d04e171b6,GDPR
luxembourg/Decisions,498defd0a9a36c30f0eaa5a8c644aab6,GDPR
luxembourg/Decisions,5ff3b860ff7e0753b1a3de00de764ffc,GDPR
luxembourg/Decisions,bb0e48c473e49c3f8a88730e415e1022,non-GDPR
luxembourg/Decisions,b6451d7f801705729bd75bef10f88ef3,GDPR
luxembourg/Decisions,325f9ed123c6936ef1cc20eca516bb49,needProcess
luxembourg/Decisions,6a6276de237f1bf26a72e71d63f4c682,needProcess
luxembourg/Decisions,b4ff5091570ff81cd4df9f6414a958d8,non-GDPR
luxembourg/Decisions,e00d6523edf4dc5bbec7a589fa543b98,GDPR
luxembourg/Decisions,719056a3fb069fe192d8ebdd830749a9,GDPR
luxembourg/Decisions,62e58c36340fbe125adbf85d147bd2ee,GDPR
luxembourg/Decisions,15e85c701b3b8f79d8a801f9465fa71c,GDPR
luxembourg/Decisions,1ac5a8bbcec6c20c149e40c2d5e2fc97,GDPR
luxembourg/Decisions,1324ff1f5aeda534f6415f3b1569b3f5,GDPR
luxembourg/Decisions,8099d3761d47d8c63560ea79a753fc8f,GDPR
luxembourg/Decisions,c910e8606c37c426676b69624c7c0b0b,GDPR
luxembourg/Decisions,d0958830df3cbbf295fdca73841d4966,GDPR
luxembourg/Decisions,5b2fe5af8ff1a917393dd2fcbc6bd8f6,GDPR
luxembourg/Decisions,5b7a5221f7cdbb61c9ecdf660a891872,needProcess
luxembourg/Decisions,38665e0faf4a68607221022a78af2580,needProcess
luxembourg/Decisions,c0025dbb92944d5066b47fd391d8fd2a,GDPR
luxembourg/Decisions,6b10b3a3cba2a08ede7b829f55badd11,GDPR
luxembourg/Decisions,1873236d490341865ca591a961f62a99,GDPR
luxembourg/Decisions,5b133f9d508056b5734179268f718a6d,GDPR
luxembourg/Decisions,b403c6a01648b77b478fc1d3bd57fa03,GDPR
luxembourg/Decisions,33a65809f71faaf3b7b7cff90be7ab59,GDPR
luxembourg/Decisions,c2fea2f7f077d4a7225e169b9dc7c939,GDPR
luxembourg/Decisions,60942fae000112309180ecb50c75007f,GDPR
luxembourg/Decisions,e042b9a54deec6dcc67184b265b01c35,GDPR
luxembourg/Decisions,5dc4dd9953ae0c4efbd6a6b2c5f64610,GDPR
luxembourg/Decisions,d6b13fb1b9da708d790ecd89c664b69e,GDPR
luxembourg/Decisions,9b0c212d7ff0ef1b5f98d0132a3e9239,GDPR
luxembourg/Decisions,b2b49070f5cf8a51b3c5f056da4a6d29,GDPR
luxembourg/Decisions,564c80d50ba3910f00975bc80a68b149,GDPR
luxembourg/Decisions,ddfc00a7ab0cfbaf269eecf249f10a4e,needProcess
luxembourg/Decisions,5e8d5ed6a81ac905bce0a6a4fdc00ba3,GDPR
luxembourg/Decisions,de4d8bde460b425403c18af4407abeb0,non-GDPR
luxembourg/Decisions,073cbbeedc885cc9e06a59d34c8a1248,GDPR
luxembourg/Decisions,cf9e727f30e3fad310b8f706f03d3e1c,GDPR
luxembourg/Decisions,d17dc815266dd793f112de36a001371a,non-GDPR
luxembourg/Decisions,6dc49634231c1bacd87405cc84e94d8d,needProcess
luxembourg/Decisions,2dd4bab5fc6204873d8d9bd055517e9c,GDPR
luxembourg/Decisions,000b276fb394a4d1607d956246a40a29,needProcess
luxembourg/Decisions,9e19deea6fb198be63b35c8ec06f236b,GDPR
luxembourg/Decisions,94c679e3f867bf4d43a71756206b8264,GDPR
luxembourg/Decisions,4a92e1ecca42dc70d3ae902f37978175,GDPR
luxembourg/Decisions,2d43e79c8719b959990af74eabfbf87d,GDPR
luxembourg/Decisions,237995542cfa065845e780db77c0bf1f,GDPR
luxembourg/Decisions,cae2c8246c8b012d22cbabaef9550547,needProcess
luxembourg/Decisions,f098e59b0b110841fa73e9bcbabe4f35,GDPR
luxembourg/Decisions,c7819c0259f4065d2b72221d8e2a0ac1,needProcess
luxembourg/Decisions,f6e16a5424fee998e73bfafde1318f5f,GDPR
luxembourg/Decisions,f10a3db40999dffd31a7e072c7623927,GDPR
luxembourg/Decisions,2802157299be0d17589991af5ceff92c,needProcess
luxembourg/Decisions,f4ab023f6ea0b1c92470489c35de2b7d,GDPR
luxembourg/Decisions,279535e51f467a9b02e1ae764c345aba,GDPR
luxembourg/Decisions,c67f28f936cf8b09615efd7f058c4fd1,non-GDPR
luxembourg/Decisions,b89abaf1282a4a1207db7abb5bd9ef02,GDPR
luxembourg/Decisions,2b7da87d9c0924a79c02d22a25e44e84,GDPR
luxembourg/Decisions,0b8d18cf034bfda989ffddbd38774520,GDPR
luxembourg/Decisions,aee940648b0b7518b4bf38376a218682,GDPR
luxembourg/Decisions,6d2e42c5f4d1ae95337c3c96b7df80ba,non-GDPR
luxembourg/Decisions,f5674710217a0d1743a27efa3522142e,non-GDPR
luxembourg/Decisions,cb808340f10455c0e0ef320785e97cdd,GDPR
luxembourg/Decisions,20aea092dc94a6de2b431744dff081ea,GDPR
luxembourg/Decisions,152734fbbc28e48b7a47fe8f10c326df,non-GDPR
luxembourg/Decisions,8a2a895b08c2af94b678375f4df6b403,GDPR
luxembourg/Decisions,3a7d28bd124e00158ac1912fd2aeeaba,needProcess
luxembourg/Decisions,9bc84eba1aca3bb60a6fe2f784b18d44,GDPR
luxembourg/Decisions,4a157b9b749392a76d2c30054d4f5205,non-GDPR
luxembourg/Decisions,ac3783c3bcbc3da63b375b95b26477d6,non-GDPR
luxembourg/Decisions,730eb42713f66a3e2c1df4361f70b63e,GDPR
luxembourg/Decisions,eedcf908078a9f5fd73c6cbc16923459,GDPR
luxembourg/Decisions,6d111abd711e1e50bed6bb1c60774d3d,GDPR
luxembourg/Decisions,45483bc8cfaceef2c85c348575f7f4be,non-GDPR
luxembourg/Decisions,9144261b062ed38e5d9b48142866ccdd,needProcess
luxembourg/Decisions,8ddeccb0da5933603b48c86aefb60991,GDPR
luxembourg/Decisions,e1ceda08197d0fe8db8c52a777af2095,GDPR
luxembourg/Decisions,ec892c949af879ccf6817ee1210674fe,GDPR
luxembourg/Decisions,e433369c8e96da9b8a73085666111434,GDPR
malta/Decisions,b4b951dd6ff2bfb79e213245701a6dd8,needProcess
netherlands/Decisions,744ed9dfc175ae9f91d8f63ef7893c32,GDPR
netherlands/Decisions,a3b4ab2e5ec1ec8d15ff1dd24c822076,non-GDPR
netherlands/Decisions,edf1820589b4914193c964f01aed5360,GDPR
netherlands/Decisions,66e29dad40ddd928cf4ad4a3bd5091b0,non-GDPR
netherlands/Decisions,34cebfbccfa2e7003e2b5dc48f2c5d55,GDPR
netherlands/Decisions,0b41aaa1d7306988b4721774b2ae4bea,GDPR
netherlands/Decisions,51fc667ab3bb9ff13b6dffc78dfa7f97,GDPR
netherlands/Decisions,b8b4f26838261ab132275fc9ee5373f2,GDPR
netherlands/Decisions,1e0c522fa747864bd40a8c4b77babb37,GDPR
netherlands/Decisions,c27c3ad60ea5abad0e6e80879177659a,needProcess
netherlands/Decisions,24ab459f7497bb4a88ebde7573945f00,non-GDPR
netherlands/Decisions,aa86020a10a31934560de7aab22a0ea1,GDPR
netherlands/Decisions,654ee318f7cfb85e02c94c1a06991806,GDPR
netherlands/Decisions,69edf897de555a3e5ba95191849358f6,non-GDPR
netherlands/Decisions,d30e89e70f3b97d1dfd1f824dc30eb69,needProcess
netherlands/Decisions,5eac0c91a898996d8d4ddfce77c6d4c9,GDPR
netherlands/Decisions,215e5d78893aa2eccb064e47e2d2c50b,GDPR
netherlands/Decisions,b30ae7627d299caa10a59b7d7a1e5345,GDPR
netherlands/Decisions,594c2bdb1da541c94f581a21eac59656,GDPR
netherlands/Decisions,9a09be378a72c90cbb6002b04776d9e3,non-GDPR
netherlands/Decisions,0430064fe00271e4e23172e606d50083,GDPR
netherlands/Decisions,088834bb94d288812e18dd1ec6b6a764,GDPR
netherlands/Decisions,923ca9383c3ac0c22414a491b18b7524,GDPR
netherlands/Decisions,76ee2b30ecb03a480bf31ef7e86a27f8,GDPR
netherlands/Decisions,ac9b4e3b252333b331471a3165ee4a2f,non-GDPR
netherlands/Decisions,8e73e363340d242cb96ddf2785c7ed1f,GDPR
netherlands/Decisions,ac5273b7f36b8d7a96e39ba1f6bd6c6d,GDPR
netherlands/Decisions,cd2975010465aa86b2be2154dfdcda3d,GDPR
netherlands/Decisions,70df284203a19f3be5bc2fdc93472ed2,GDPR
netherlands/Decisions,0b48866f50d361be1589ea1f5d64621b,GDPR
netherlands/Decisions,d6ca25ead15cc0c6266f58e35c0e8f4e,GDPR
netherlands/Decisions,3bbb64b5caa2daaa22418b2b8c9ab124,GDPR
netherlands/Decisions,b7c5053e9322463c3231f1293306e8c0,GDPR
netherlands/Decisions,2064239d2912d8e860d2e448dd971a43,GDPR
netherlands/Decisions,63d6b93497f00363a463d94085087aa8,GDPR
netherlands/Decisions,ef177ef21bd96c2a2deafb8692853d67,non-GDPR
netherlands/Decisions,af161b5556c03119c3323c30fc68b30a,needProcess
netherlands/Decisions,036118fd86cfff0ef928c689ca7a9b56,GDPR
netherlands/Decisions,5841fa4da72ddd773988714ded00871e,non-GDPR
netherlands/Decisions,89c2ab07282072c2e7817e579dbf2747,GDPR
netherlands/Decisions,ccbe4f6e4c8e417bded9c4cbfa8e2b32,needProcess
netherlands/Decisions,728d6fcde52f7af76d6e23dcd0edc9ae,GDPR
netherlands/Decisions,ebeeff625420ca0a9db7ce224f01cb4f,GDPR
netherlands/Decisions,fdd1dea879e96521628fe263d474c3f2,GDPR
netherlands/Decisions,ac5b3853f4c0a34a22e5bc83c19cfaaf,non-GDPR
netherlands/Decisions,7808a7335687f226cdeef69f3f6c86f0,GDPR
netherlands/Decisions,72b711585d39625c6d2b466f656cc58f,non-GDPR
netherlands/Decisions,21a175fe84ad4a14f1de0aea943aca16,GDPR
netherlands/Decisions,4aab1a1608dd7cbb8a229ca5314a953a,needProcess
netherlands/Decisions,4b18954b9bfc2a8ac979a021ffa367b3,GDPR
netherlands/Decisions,919541d98420b31b267ce6b0a0eb456e,non-GDPR
netherlands/Decisions,6bc0af1cc3536f67a12edcbf2c078d94,GDPR
netherlands/Decisions,ef59e9035ad42d3d77af719b7fd899b2,non-GDPR
netherlands/Decisions,2da216150a2fac769eca3036fc2a44a9,needProcess
netherlands/Decisions,d8c1e2a78ea7ed5c21f74e33b5290cd3,GDPR
netherlands/Decisions,45340dfbb06a7dc562e7ce3f9d1c241b,GDPR
netherlands/Decisions,d945ce5c07018e480b8209b8fcd4209e,non-GDPR
netherlands/Decisions,e3cb805319705e0003adca35e8970ac3,GDPR
netherlands/Decisions,141f39e6d61b63412894eb7a518eb032,GDPR
netherlands/Decisions,93a99684ab7af19a99911552e4bfcb2d,GDPR
netherlands/Decisions,fb865e9292fda426a30d6ad56cb3d8ec,needProcess
netherlands/Decisions,c5b4644edc248030d6ecb3ba7623363e,GDPR
netherlands/Decisions,8569fddb118b7a4aa63127e7f269d886,GDPR
netherlands/Decisions,0403f76c9fa8a03087f5818a1402afb1,non-GDPR
netherlands/Decisions,42b01d85b24baa71097d42165ea3d9c6,GDPR
netherlands/Decisions,4716a6f1b010b0226bf1c73e66f9c460,GDPR
netherlands/Decisions,ab8db0f7a12149a911d7e0624b9255ad,needProcess
netherlands/Decisions,c2755471e14689f088d9d2b5e6249ea5,non-GDPR
netherlands/Decisions,3a40094834ab298f33279bd23a132d3d,needProcess
netherlands/Decisions,8b93c887f8c4124f43bb5dff4a7a4f1f,non-GDPR
netherlands/Decisions,4599bd1b9180b50b0308db0a9f0a3e4e,GDPR
netherlands/Decisions,52d5662c2c5195a26720037b16207326,GDPR
netherlands/Decisions,e451b9eb16af21965d6c1a6cc015cd81,GDPR
netherlands/Decisions,2199cd28e2648b08f07d6331d2678af8,non-GDPR
netherlands/Decisions,3977998c47e671826ed38a43448e6e1e,GDPR
netherlands/Decisions,e9c899568f4051dc841a8abb3d53d9d1,non-GDPR
netherlands/Decisions,d2f604db5e863b351b0697005cbbfee0,GDPR
netherlands/Decisions,5009bccf68631ef9e16fab932e8822ec,GDPR
poland/Decisions,41cf87e1392e75e0aaaba5aa8b312427,non-GDPR
poland/Decisions,f12f5a3fd5ec01909df3b4306f2ad7bc,GDPR
poland/Decisions,36730bfc17bd37598fafa5a9f95c6a97,GDPR
poland/Decisions,b37a67514b258164ee71b593b6b55e87,GDPR
poland/Decisions,bb63025907cc048c98601c079e627256,non-GDPR
poland/Decisions,ddff637db621b2482987e9e1b3edf0c8,GDPR
poland/Decisions,91bac844c09666aaddf5e70040031c83,non-GDPR
poland/Decisions,1bba93c87f87dcb13969760f893e9572,non-GDPR
poland/Decisions,bc5220779049c6c3c5ce8f645cb11a32,non-GDPR
poland/Decisions,3729ef533530b8914c6d87c00824192f,non-GDPR
poland/Decisions,7f5434ad19a94bf3470f520417722e02,non-GDPR
poland/Decisions,5350364c9ff01e7831cd391e47399c2d,non-GDPR
poland/Decisions,8bf257a634811dacc74c06151d1407e6,needProcess
poland/Decisions,e7b381de1c018b90f1067cc7c5e7e91e,needProcess
poland/Decisions,710449b39bc41bb5fee2cb93be7a0e79,non-GDPR
poland/Decisions,6b84644c4ff2d1ffb5a6ddd67980db3c,GDPR
poland/Decisions,664423c060b9ba809fd9e8e1a05a2dd4,non-GDPR
poland/Decisions,cb443b39854af44bb90e7833f5a81145,non-GDPR
poland/Decisions,c73729d9c63dcf79a6fd0d960628862d,non-GDPR
poland/Decisions,6cf8ecc21a74db1039c15a2a9be23f68,needProcess
poland/Decisions,41e6a34ff00cbe10d615bf2ae9adc08e,GDPR
poland/Decisions,4b6776922e41d7cbea6fea068f3067df,non-GDPR
poland/Decisions,11e4fdfe638de87e9061e7371d635211,non-GDPR
poland/Decisions,288baaa5429fade0d47aa058fb080d48,non-GDPR
poland/Decisions,31b3446f74d774e5896b698e87f1c00b,non-GDPR
poland/Decisions,e98c7a7fdf6522bd6cbb8cfb4fff606a,GDPR
poland/Decisions,d68131266a1d611dd33bf6f7364cbbb7,non-GDPR
poland/Decisions,19b6fe6eb9df8f9a267422c7cfbde45d,needProcess
poland/Decisions,5cc07ad919e565edb76a5460e4c217e0,non-GDPR
poland/Decisions,933ffbf4f5a5ab1f8e0fc7f9f5a3d6d7,GDPR
poland/Decisions,3770462a00a602cf4f25b098fd357b74,needProcess
poland/Decisions,064c9881a96c23ce0be71b98554600f3,non-GDPR
poland/Decisions,3bcb280a764fe64a09c08cb2278777f8,needProcess
poland/Decisions,ffcdf8e714c473da08b7a5b23ccabad1,GDPR
poland/Decisions,da94d78caeb9a899c2bfc068c66f4f06,GDPR
poland/Decisions,5909c36ea1009854867bac775f426179,non-GDPR
poland/Decisions,00781cafb94267a1ecbf779850110602,non-GDPR
poland/Decisions,f5e7c38f8ee1c8470eb0da4c9a8646e5,non-GDPR
poland/Decisions,0e34e2b15cb2ef90812672d9805e2dad,GDPR
poland/Decisions,f4c3065722fa69e6d42d96c6f70275ba,non-GDPR
poland/Decisions,d36df33dc943814d10d5300b664622df,GDPR
poland/Decisions,c69768ac6b914c86bae1720a968b421d,non-GDPR
poland/Decisions,e8c8df8e1e8f1fee4e743b5bcf97e0d9,GDPR
poland/Decisions,520bda6df3e82dcc10d81b05c7d2b269,GDPR
poland/Decisions,b8233a2789882d866f597b40c9f70a86,GDPR
poland/Decisions,e76fd8fe52746d3b22c3a5a25d6612c4,non-GDPR
poland/Decisions,64c131106f99b59f08c347c893c0d765,non-GDPR
poland/Decisions,d6455b7899db6ad7107f6627fd899bac,GDPR
poland/Decisions,dfd774fa6066103c64fb7a80a659102c,needProcess
poland/Decisions,77711fc24638a4d01d39bb83b0ad90cd,needProcess
poland/Decisions,5104f466c431b2ca805b47ba7751bd2d,needProcess
poland/Decisions,96f316b59aa0aad5957b7ffcb616bb0f,GDPR
poland/Decisions,ddf74e83b51e7883b2ed0df5e8b7425c,GDPR
poland/Decisions,79d95b09e454e4d199469f3375a2b256,GDPR
poland/Decisions,134a2fe8516294ecd8c7696ab1b62704,GDPR
poland/Decisions,68b7ceacc2b51d615842020896f8fe20,non-GDPR
poland/Decisions,6e6e8558d5d3dec5491bba9fb7e2eda0,GDPR
poland/Decisions,2fc27ba2a6b229ee5a49a9035ced8028,needProcess
poland/Decisions,e0198d779ad9b53a4af80e1631eb4837,non-GDPR
poland/Decisions,719d059bde9c2296a1c0399fb17b6da8,GDPR
poland/Decisions,72ec680e5244973fa241ef780135c5b5,GDPR
poland/Decisions,c7ada783acf455477918920dd878ec9e,GDPR
poland/Decisions,53c162e6c24538db2662af5e21b69aab,GDPR
poland/Decisions,1e3ce9590fc953315ad290157affc7b3,needProcess
poland/Decisions,dd894c4ce260e28317f5fdd9cfdf4c4e,GDPR
poland/Decisions,dd6b2f1b9050366e14928dc3460ad574,GDPR
poland/Decisions,90f376cd53c632466b7624333729fe04,needProcess
poland/Decisions,56319039a0930a5f0917cf3f41f4d3ea,GDPR
poland/Decisions,a4bd0ccdaa606456be95f1711109c0c4,needProcess
poland/Decisions,7316af5bc8b87ff11ccb89cfe8c9fe24,non-GDPR
poland/Decisions,8731cc16fcd9de9fff1a237300644e2f,non-GDPR
poland/Decisions,f21a16324768be8ee639c71582116e7b,non-GDPR
poland/Decisions,afd8b4eebe1830a53cc8958636c1ccb0,non-GDPR
poland/Decisions,e30a7d3d163588acd957a061b5be8c44,GDPR
poland/Decisions,066076171ae1c49718ae3c3eaf6045d8,non-GDPR
poland/Decisions,fd4b221567cfb63d4be2846f02157e3b,GDPR
poland/Decisions,800d43390d0fb16d4a82a2ab349270b5,GDPR
poland/Decisions,0a67e969209f8ca045bd80d88af426ef,GDPR
poland/Decisions,265df1d292839d051eddade8dc73c70c,non-GDPR
poland/Decisions,a814e3cbf373b22f47d0a5b54c7960e3,non-GDPR
poland/Decisions,ff19da3487ee3bfaf1df1d5153eb6d00,non-GDPR
poland/Decisions,4789323359b63cb4e1b78f675b685ca3,GDPR
poland/Decisions,b72b8d696534b9e310f5438fb4cf8a6e,GDPR
poland/Decisions,ac6ab91b27cd8bd9b9479e49901146a1,non-GDPR
poland/Decisions,a4601f9c69240e531e05536bc5155462,non-GDPR
poland/Decisions,1f66047f2610fb1234de59bcb816ac67,non-GDPR
poland/Decisions,e7e3fb1bb2e5cc4c9bc9469a5412dc4c,GDPR
poland/Decisions,81d851fc8a4f66ae70a410357d7f7beb,GDPR
poland/Decisions,ffb2c840397a1d9872742cad30abee94,non-GDPR
poland/Decisions,160d790a6786f61e4cfe3cd635b71693,non-GDPR
poland/Decisions,f8429120c1fa714a60cdd0c24978be75,non-GDPR
poland/Decisions,cfd54337ee0eed4191444c238d1a5116,GDPR
poland/Decisions,313586e31e00c855392fd3b3a2d5713f,non-GDPR
poland/Decisions,0d2c6b7dbc41be1985ffa18b8c8ccb6e,non-GDPR
poland/Decisions,4c72d458773a0a379dcaf356a737e54a,non-GDPR
poland/Decisions,bc6505cc74c00ef5bd7d6a80d7d41f02,non-GDPR
poland/Decisions,c79f1a3a9ca2e4beef2949ecc2d5b618,non-GDPR
poland/Decisions,484f8a0fd3546e1728de2e976a3d6d39,non-GDPR
poland/Decisions,7329847f3dec8b2dcd776d665a5355e1,non-GDPR
poland/Decisions,07214f6015f1177f775b84663fd2f4be,GDPR
poland/Decisions,db4367c28e3c057825a7206f84b3f29d,GDPR
poland/Decisions,3f0398bf573a9b298daab90d540cf79e,GDPR
poland/Decisions,e46c6f23017e8f578f87d1ff5f0f1d9f,GDPR
poland/Decisions,dcec76253fb0e83cc18328ba2a82162e,needProcess
poland/Decisions,ab0b7bb1a92f694919413aca4938e36e,needProcess
poland/Decisions,05c33d0d234929a4370549231875e32a,GDPR
poland/Decisions,226183ab681f56f721f61a961ac42a23,non-GDPR
poland/Decisions,5d16a2ce90598dbd31c0bacbde76056e,non-GDPR
poland/Decisions,dc93896937d1593b2abba3785f7614a6,non-GDPR
poland/Decisions,2051b810c4fdcf1902f6136ff2f9e7a6,GDPR
poland/Decisions,9c4b570769bcf644b0acccd22d5c73b1,non-GDPR
poland/Decisions,73a2d8f254d52c3208b176b991dcd08c,non-GDPR
poland/Decisions,5a664dab941cfdbc6b4bce188f85d5f0,non-GDPR
poland/Decisions,f5f06080b273b05698796d72ca7006a2,GDPR
poland/Decisions,052d7167c0b2cd900a38840a318b6672,GDPR
poland/Decisions,86551b98b1a8c1276f42b3237ea8fa0c,needProcess
poland/Decisions,d9f922799380546f2ec93984c15cd92b,non-GDPR
poland/Decisions,7aa85ac0690ae94a47cc40ca1fd477d9,GDPR
poland/Decisions,2216f351410ef55635b9812952432093,GDPR
poland/Decisions,b19b90cadd1be72a2d1de0fa3ee98de3,GDPR
poland/Decisions,cb2078c9124aa7ee52889f6f592211d0,GDPR
poland/Decisions,f815f57b9967b3899047e8729400071f,non-GDPR
poland/Decisions,fb5f88905ff1523bcfbc5f1df4ad7a1d,GDPR
poland/Decisions,f8ebbc48293bf43ca244809900bcdccf,needProcess
poland/Decisions,c023531bace07733d48ad26e5c33a159,non-GDPR
poland/Decisions,419bad400575d9d4908c2ef71b0721a7,GDPR
poland/Decisions,5ea73de6815c5af11c8a86190dd56622,needProcess
poland/Decisions,5bc7cd896593cad946dba00306db61d0,needProcess
poland/Decisions,31df373897309e73cda8360f2412b355,GDPR
poland/Decisions,ecdccaf549f1f65f4773687c479f41ce,GDPR
poland/Decisions,b53c85c4a32ae1f0335978e77d3bf043,GDPR
poland/Decisions,d7f954386e185b6a136e11e1304f85d9,GDPR
poland/Decisions,46f82a07bfda5cb7f6b6141c4f2b4d12,GDPR
poland/Decisions,70f6dd917690c3a7ec6b6a6aa6a9c766,GDPR
poland/Decisions,ff7fbe460e8341f441e318605310d30e,GDPR
poland/Decisions,6fe5d659e87f10f568ff2825e8da5a5c,non-GDPR
poland/Decisions,a4fb0c4d85b2a12693f2d2c15b87625c,non-GDPR
poland/Decisions,ede4858801dcb4a688b18b5f2e04d0f2,GDPR
poland/Decisions,75fe712015d2d86e5ef0b1696df9d8d8,GDPR
poland/Decisions,16c1efcb9e40cfc2a03f079c0fc5e09e,GDPR
poland/Decisions,23b883ee11e49ba5818aaf5a8f13ce85,GDPR
poland/Decisions,a33bb3fac9b13dd211de7816b0907788,GDPR
poland/Decisions,09391a77b852c1311688b1604c65f17e,non-GDPR
poland/Decisions,2112da948cc285b6d61c087a0124463e,non-GDPR
poland/Decisions,37999dddbf83bf39a2c8b3815eb277a7,non-GDPR
poland/Decisions,0f8099583353ef767c64b8d7b69cb0f5,non-GDPR
poland/Decisions,aea89348842a71f6495d39e58f9ce210,GDPR
poland/Decisions,356b0c4b01ec4b661332e0fd182d7251,GDPR
poland/Decisions,70b4e031136b790a8102085053adb83a,non-GDPR
poland/Decisions,60186b31e667cdeba88096d6af0c6755,non-GDPR
poland/Decisions,a8aff1fc3283c0e73525f542942eb832,non-GDPR
poland/Decisions,a0fb2d3347cb21f98222d49262f75150,non-GDPR
poland/Decisions,ebd24e7df42e159f705d75952a933383,GDPR
poland/Decisions,79862ae5dddbabed2bacff1ee7019fbb,GDPR
poland/Decisions,439ba63c864fa571724e1a6284ab438f,GDPR
poland/Decisions,700196cdc9b9e916295249dd3f10a8d9,non-GDPR
poland/Decisions,b60891312957647240c1e10b3203cf5f,non-GDPR
poland/Decisions,006a6278c89bd1bfc8259abee34fbd17,non-GDPR
poland/Decisions,c8b12f54f8c3584afc574f00de998d7f,needProcess
poland/Decisions,866bbceeade6cf7cc3d7d31fd1b05a9f,GDPR
poland/Decisions,94c6c19900567fb50348ea40a60cfb26,GDPR
poland/Decisions,df5e3aca9e628b9028f4ce1e2b5c5459,GDPR
poland/Decisions,64170bfa3119a69cd6fceb4a9e06a24c,non-GDPR
poland/Decisions,1e73b7f33b37af3f92a7b6a566723102,non-GDPR
poland/Decisions,b7ead81708f57a4efbbab1d08172871c,GDPR
poland/Decisions,05e51364475421e47f384187324cf214,non-GDPR
poland/Decisions,cb3b6452f075bdfda51150fc68850e4a,GDPR
poland/Decisions,9ba1c0a123290f8f7edb6819dc26b48a,GDPR
poland/Decisions,6ce13d5e9d7b5ab7379387d8963c8071,non-GDPR
poland/Decisions,3f33ea1953af9cfb2e454f885d11d0a1,GDPR
poland/Decisions,aa933efbc5da8a56cf066d227106e4cd,GDPR
poland/Decisions,a72cf7af5655e1f769c015526e1c01f4,GDPR
poland/Decisions,9feed5ea5aa67efc6f23d6aa8f651eb1,GDPR
poland/Decisions,060719ab4dda6c8cabd99a1c4c048d92,non-GDPR
poland/Decisions,6052e8135140d540d6a5c215914aad8b,GDPR
poland/Decisions,12f178155c4b3ffac168e43cae29374b,GDPR
poland/Decisions,ef38b575b28f8d1796cca2c1e6f00538,non-GDPR
poland/Decisions,bf8f2dbdce5900f22342e2ecfc537aeb,GDPR
poland/Decisions,4c6f44d77fb2ea0602a1ec78b2f84ab4,GDPR
poland/Decisions,48a54612014dbef035cfec2f289271ce,GDPR
poland/Decisions,6fbf255ace327127172ef8c4d9266c2e,GDPR
poland/Decisions,d94559dbd530238c6c45f49014943596,non-GDPR
poland/Decisions,ffa08677ae11d3cfe57fdd231794b4ae,GDPR
poland/Decisions,0f96b36a266c866301691583f1c37c30,GDPR
poland/Decisions,4cb58af0399b4990d8c1e2f1556d6847,GDPR
poland/Decisions,500b96ae28c492aa3d8bb03ebac1621e,non-GDPR
poland/Decisions,310d7219f96e5cf4c4b507cf91fb7065,needProcess
poland/Decisions,9d8691dd2c6e7d22dae3ab35dfed65df,GDPR
poland/Decisions,5f8dfdf5cdd8ae15cbe036b68282327f,non-GDPR
poland/Decisions,c83aeb2feb4d95d3e86fa8d9381c58f0,non-GDPR
poland/Decisions,bf34d668a575a2a48c81aed17029c0e3,non-GDPR
poland/Decisions,8d8624557d6bff708922c4482e826d08,non-GDPR
poland/Decisions,79ecc2b2d053dba6a81d716226c7950a,needProcess
poland/Decisions,10258b649ca0c9d53a112bc180f5c15e,needProcess
poland/Decisions,887b3c61dd6b45e491cf52f166284b85,non-GDPR
poland/Decisions,20b71be7165493fbaa4c107e2fd67d79,GDPR
poland/Decisions,1e444021267a38e0b95c032474375f8a,GDPR
poland/Decisions,a0f9c935605c7bec2ef265ff6c8fe77e,non-GDPR
poland/Decisions,d777ae5ffd3f8a8ea33134ce82699b73,non-GDPR
poland/Decisions,eb2ac4b9612f705e7b86d005c4ab372d,GDPR
poland/Decisions,58f3abcaeeaa60c54f1cb51cccee35c1,GDPR
poland/Decisions,19efe72f276f0f824eee1f515823846a,GDPR
poland/Decisions,63ed8979d14031fa20cb1b8af22841b7,GDPR
poland/Decisions,d521bfa9961b4762d9401f9c45641c04,non-GDPR
poland/Decisions,b8bc814c32550c41dc82cba4a80b350d,GDPR
poland/Decisions,baa5640eceb4d43e27577da209fea1ef,GDPR
poland/Decisions,7aebbfb1b0e80c998bd1b451c34a38cc,GDPR
poland/Decisions,98f62674f1d35813361bc614f4da698f,GDPR
poland/Decisions,c5faab70264eb1bb32d7ae9729f22256,GDPR
poland/Decisions,17535a599a638110412fadbf88e76d7b,GDPR
poland/Decisions,089438b2c48f6d1d8dffe8cd96951fd4,GDPR
poland/Decisions,ca0e717b8b263ff461fea836ac8269e4,non-GDPR
poland/Decisions,e8d775e7a485d35dc20e93036c96d07d,GDPR
poland/Decisions,3c844d05e1acbd741bf88f1519950b65,non-GDPR
poland/Decisions,8b3a9b4cc3a4970871a0e38eb30b4cbe,non-GDPR
poland/Decisions,c148498e8a025f32569dc25ea921fadf,non-GDPR
poland/Decisions,0c6fb1bf797753796d5ea21c4cfc1f4f,GDPR
poland/Decisions,61906429a4747a9674c0217d617d17d8,non-GDPR
poland/Decisions,f31c5009e2f83be0c090901f706f6a3c,GDPR
poland/Decisions,6ecc3efbf4ee248302598b688baed182,non-GDPR
poland/Decisions,59667f8377f89db8afd286066dfd7137,non-GDPR
poland/Decisions,3b9671527fc7302186c50f507c053e7b,needProcess
poland/Decisions,3ced1d0881a64a5844fd153306c9f4c4,GDPR
poland/Decisions,ba1af4cd4f732b3efbf0af191c6fd7f8,GDPR
poland/Decisions,7ef617959ed1c109acc6c5e702258453,needProcess
poland/Decisions,0fadd32d1dc21eba055c69107ca622ac,non-GDPR
poland/Decisions,654f2e66bc9a9c4ce5597e7f17fa2c62,non-GDPR
poland/Decisions,a41aaf07d165bd84793f9964e184e5fe,GDPR
poland/Decisions,adab95ca96813de2e29eabcee5deb799,GDPR
poland/Decisions,01f609ffc9aff81053e5f864f2c5d8e4,non-GDPR
poland/Decisions,52381441ac48dca2f33e6329a91cc5aa,non-GDPR
poland/Decisions,78300e0ac3ac79690c8fb7b26f7da923,non-GDPR
poland/Decisions,04e58d43d9e125050e150b3c4f44d507,needProcess
poland/Decisions,4acaab6d7dd8cfaef8f7e8f8c8bb7894,non-GDPR
poland/Decisions,5ce077e9d529a60d6934aa5f61a8599d,GDPR
poland/Decisions,56143055c4463df3c549da3ecefdccc4,non-GDPR
poland/Decisions,4910af7736bf75b65438aca8cbcae364,non-GDPR
poland/Decisions,d6456937b33918463908401124994ebf,GDPR
poland/Decisions,254a37da272af5e374b1e2380270a767,GDPR
poland/Decisions,bbc64c4c0dec00cc38290c5292534e55,GDPR
poland/Decisions,7670756e43e2019bb716cc3288797602,GDPR
poland/Decisions,127e4e9e2ae5053fc8036d3ab3014be4,non-GDPR
poland/Decisions,01462c59c1615a2cc1e77074d6ce642b,GDPR
poland/Decisions,aafad259f9310a8096806d27e02ac1e7,non-GDPR
poland/Decisions,0e02cfe5aad3c747bfe87d374cfd9107,GDPR
poland/Decisions,df0a547de8d2a9074aa92bec922bcb0d,needProcess
poland/Decisions,92a78c6dc47cc570c1575956cbd13617,non-GDPR
poland/Decisions,06b98a548282e878b83ecff728b5fcdc,GDPR
poland/Decisions,f6c03536c32218d9e024d060f731914b,GDPR
poland/Decisions,0f3d1402ba4d15f75d991dd5c853e609,non-GDPR
poland/Decisions,e00229545cc5fd2bf39f2565e2b50d90,GDPR
poland/Decisions,0c57685deef23d135621b57082f05ca2,GDPR
poland/Decisions,287037cb6ffefd063c7a342e006d74e6,non-GDPR
poland/Decisions,b1769acbef7b7e80b9f82679297ad6bd,non-GDPR
poland/Decisions,5fc5792325224e9d458734873f26da1d,non-GDPR
poland/Decisions,c9a0e26d57b1b8640fc263d93e6e2c81,GDPR
poland/Decisions,ec9dc8b1adf9a1031945668f465bd625,GDPR
poland/Decisions,6acf73af67c0291c0f5849c4931c70bc,GDPR
poland/Decisions,f92eac9b2fc077bb6daac077ae1d9d8e,non-GDPR
poland/Decisions,1c54f33da90c9d0b34b114474ab16c43,GDPR
poland/Decisions,2a2e99193e3548389ef8b38ad8448ae6,GDPR
poland/Decisions,3848ebdd807a4b3392b77231288a1179,needProcess
poland/Decisions,f97d66718560b80e4642da0ba7279f45,GDPR
poland/Decisions,cb806decb6016e0cbd8bb5be73321b5b,needProcess
poland/Decisions,22baaeebdf5595baf4f0b5c76088a3c1,GDPR
poland/Decisions,9e82deb43d8ca07925a4161622ac3586,non-GDPR
poland/Decisions,9a0fddbc56e00df829928a7bf28dd598,non-GDPR
poland/Decisions,7b96706a29d31b91d39988e391350f56,GDPR
poland/Decisions,56da4e9d73831b7244b45491b3550b33,GDPR
poland/Decisions,9d3dfe8e4738a71898c56e84624cda57,GDPR
poland/Decisions,99ebb352026909c87dd414f9b539231e,GDPR
poland/Decisions,48f46910d23a874696e89c76dc96a88b,GDPR
poland/Decisions,b464df4dc01392ae7ec3e1e5e96bd1fc,non-GDPR
poland/Decisions,95ecca8115517fa13630ea9ed143b769,non-GDPR
poland/Decisions,e8a9dc4b51f6a6848e74f840f2ad0106,non-GDPR
poland/Decisions,1154d708b6a777aed80600763a2eb28a,GDPR
poland/Decisions,01f28aa4ef0634fd2aebb066cff7949e,non-GDPR
poland/Decisions,9e69f70488c55ea683dd3a139a1ad2d6,GDPR
poland/Decisions,97f4498038d802f6c057bbe7bac0f495,non-GDPR
poland/Decisions,de42a71208d98a29a44becc2a293bf33,GDPR
poland/Decisions,047a6b4149d88bba81442c52498ff36f,non-GDPR
poland/Decisions,3862a3b2fa70125f84c97c191f6e67a8,non-GDPR
poland/Decisions,6cda81a5ec8b71293c887a4e1031430d,non-GDPR
poland/Decisions,7edf16341ab65a42fa0b7b08924ebea0,non-GDPR
poland/Decisions,2b10a5d0592919695e1fd67228d4053e,GDPR
poland/Decisions,5a7d588d7903781cc7d11c782e7c61b2,GDPR
poland/Decisions,7504894ed167629ef63942dcc99613b4,non-GDPR
poland/Decisions,1d734f9d9e96ac822a4623fa5002c30f,non-GDPR
poland/Decisions,9b37f9cb80131385c750aed6f7fd7bde,GDPR
poland/Decisions,d53644eb5b61d4f8eeff963607e8fa70,GDPR
poland/Decisions,8cc8caad8df4f4586ce5dbeac33e6f16,GDPR
poland/Decisions,c27531fc032883ec3cf7594a781ea799,GDPR
poland/Decisions,ac000ea7c52381d1b350a6daad470030,non-GDPR
poland/Decisions,6b2e3758be8adb3d69216ebc22b4b241,non-GDPR
poland/Decisions,821e57aaa3c881b21ea1259f18b5e2a1,non-GDPR
poland/Decisions,2f9e1d3b5e0dd177aaea7c6251f96d4e,GDPR
poland/Decisions,2754dc45876ca6e56d821413d7feb42d,GDPR
poland/Decisions,0c17a59dc1a519d38b6ae28239340edc,GDPR
poland/Decisions,00c42cd1e575e838668f74aed5ee564d,GDPR
poland/Decisions,6953a64df9d652dc875dda413450b7fb,GDPR
poland/Decisions,16fbac69911b5323eb8150bd2ad99d72,non-GDPR
poland/Decisions,5e24017757d3d02c77a283e6878d8c2c,non-GDPR
poland/Decisions,808a5e69e5494ff921c445c303d592e5,GDPR
poland/Decisions,872be3289bd0b6733ec14176bc44623c,GDPR
poland/Decisions,29898fb866098f5080b96741b891afd2,needProcess
poland/Decisions,d9a0e216288b667a2938d26c0aa5a91c,non-GDPR
poland/Decisions,abab3f4e8ec127a7878eb56ae7a4ca69,non-GDPR
poland/Decisions,c93f12c785b502aa8cbb5b1f39bb8a27,GDPR
poland/Decisions,83a150f17fc56b452250124dc7aa3219,GDPR
poland/Decisions,5f89b18f8a2574b77ad690a40240f21c,non-GDPR
poland/Decisions,c2982ea7596ba8540d8543ffa247cdd7,GDPR
poland/Decisions,1bb076f274d60b16414df40cb6a350fd,GDPR
poland/Decisions,56f725e6bcdc74b76121a074ca1fd94b,non-GDPR
poland/Decisions,e1c0d5b42fa61e697ab213496cc23091,GDPR
poland/Decisions,368e4dac607c205fe31e6b5ca99e285f,non-GDPR
poland/Decisions,6162c03f2db6d3b0b7a06bf8175050b2,GDPR
poland/Decisions,50810d74c6065fced8cbc58694c16ac7,GDPR
poland/Decisions,ef53ce6d2cd19f8a29b4b687a62c570e,GDPR
poland/Decisions,d0b99b25c367b99922c40c6c0e13f835,GDPR
poland/Decisions,75f96d9e3187f9b51ae2a2eb7122c13f,GDPR
poland/Decisions,d02c10c2870b1fd4e2d4a59571b156c2,non-GDPR
poland/Decisions,a85de2c70b1a14c400032629470084a8,GDPR
poland/Decisions,efa62d856b17735c98ea2dac9d8ff0ff,GDPR
poland/Decisions,2252dfc42e2b050a198ed9acf423df91,GDPR
poland/Decisions,cd5a163454f3ccf50b203f623326e79f,needProcess
poland/Decisions,6a2c3ba6aa8c01426a83f94bc18eeb84,GDPR
poland/Decisions,5541e7bdf4d59ccecb66cf5d03da4a9e,non-GDPR
poland/Decisions,0a7998e946941e24aae652b435cd222a,non-GDPR
poland/Decisions,fc8cb56ec1354ca80f2fda697055c96d,non-GDPR
poland/Decisions,184f2963b592a6eb380c77289443ed87,non-GDPR
poland/Decisions,82627ffc08124da9781466246cead969,GDPR
poland/Decisions,d4814cb8d2dadc64eed724bed4546450,non-GDPR
poland/Decisions,9768f6af00589b16a1d281007c1100b4,non-GDPR
poland/Decisions,c1845007588d3a7bd479a29fa624ba32,non-GDPR
poland/Decisions,c10ad1d77107e48bec373e81ee3ed65e,non-GDPR
poland/Decisions,b613ee5a09573e2a352e90d46ab1c13e,GDPR
poland/Decisions,5f7850379b73eb283a6d0c72506df51a,non-GDPR
poland/Decisions,a831033b262abd99583dcff70e0189fc,GDPR
poland/Decisions,bc5dc192b1c47d2fa5efde62f1a37c17,non-GDPR
poland/Decisions,17c76b9d5285ce913859aa367b45bfe6,GDPR
poland/Decisions,7469ec9b19057aa0343e12f433afe432,needProcess
poland/Decisions,9b61d026ae5336f6f630c26b9ff63fde,non-GDPR
poland/Decisions,b6276e3651d565f4b198ac7cdbae1908,non-GDPR
poland/Decisions,c9adea56b28144389bc6f3fa111e2ec6,non-GDPR
poland/Decisions,607c86e6aa457d8c144a3f14d4e419d7,GDPR
poland/Decisions,01717323472715a4b7f0e18bf25810a4,GDPR
poland/Decisions,1390273d8ad81eb7c701a04abf750f56,needProcess
poland/Decisions,bfcf04080bbe2281e668c063a8a3ed4e,non-GDPR
poland/Decisions,7b7058d01a9e112fdc1bc0b0395b73b6,non-GDPR
poland/Decisions,87712d80a95edf3206139f8bf897ce08,GDPR
poland/Decisions,851f48384072923648fc5de7788f7626,GDPR
poland/Decisions,d55637f85acb0234366558c1dda03fc2,needProcess
poland/Decisions,6f0a628096de37bd0a4cdab4c62c41ef,non-GDPR
poland/Decisions,1f642c93c15849166877bb9092f3b27e,needProcess
poland/Decisions,0d583386acfe2714d72498723227fd23,GDPR
poland/Decisions,7a77bdca845b1ac04d1fb19db819decb,non-GDPR
poland/Decisions,210c6a50264578131b3f08c7fe437a4f,GDPR
poland/Decisions,7060af7eef89606d17d6864d900d85dc,GDPR
poland/Decisions,b535e1704a16dfdc0d05875782ce97d0,non-GDPR
poland/Decisions,f8694d58ba7a8f37cf06acd8b1e2f231,GDPR
poland/Decisions,8282ac5a90a87646d9e6c0147ceb5ae3,needProcess
poland/Decisions,c2161ecbc4bede17525a443d4958e415,non-GDPR
poland/Decisions,5d94b63401d954a3a859610ab085fbcb,non-GDPR
poland/Decisions,289d76e66e4034af5edb36d82e73b24e,needProcess
poland/Decisions,d3fbfebcdce965830d499ccff929fffa,non-GDPR
poland/Decisions,7e724d3f469584a7a4420f8e47ea460d,needProcess
poland/Decisions,dc14bb17e93662279f667d4c5a40dee6,non-GDPR
poland/Decisions,10eacb6665dad1e17ae9541a9cc995c0,GDPR
poland/Decisions,24c011db9b45732d180b6b6da65b4b83,non-GDPR
poland/Decisions,afa510d81037504a0913a0057ab44624,GDPR
poland/Decisions,4e00b1c46a7f00305240be4cc181c07f,non-GDPR
poland/Decisions,273e1c7dd08e195f82f7a2f3d567efd3,GDPR
poland/Decisions,b854c5f16af4191a4f0a01f80d6e7a2a,GDPR
poland/Decisions,fcbb2653ad525d850dd2f01a39d4959f,non-GDPR
poland/Decisions,9bd31de5186f18e44fe452a7237e0d31,GDPR
poland/Decisions,200672806e1ab05396ad196ccf014283,GDPR
poland/Decisions,eba5faa949e878df9cc29b59fb5f3648,GDPR
poland/Decisions,361dc66ba0913b887065b779711c1c1a,GDPR
poland/Decisions,6d81dcd4d93ec00648724b73f6fb729b,GDPR
poland/Decisions,ce361c2b91a1dcb9d6271b8e4a07e185,GDPR
poland/Decisions,80475fcb0674de5fbc33f9d86d28c0b9,GDPR
poland/Decisions,6da505664d1eb60a0f3624213c0acbb5,GDPR
poland/Decisions,f3fcf240db901c0e0fa190a281e32e76,needProcess
poland/Decisions,37b3775c35c0aeb39904a85366d03d9a,needProcess
poland/Decisions,926c8ec98d5e07049ea424234529933e,needProcess
poland/Decisions,68fd2c0299ccec109845e127cceda00b,GDPR
poland/Decisions,d1a5c6726a7f49a0d8039655dab51a71,GDPR
poland/Decisions,0af31f51f6dce52b7e249523809a528e,non-GDPR
poland/Decisions,96028e724e9f8613967b77851b792d6d,non-GDPR
poland/Decisions,1d7aac091e043704d51a13cccf9ff2a0,non-GDPR
poland/Decisions,180fcc7c5bd1253e5c71ccb82dcc5df3,non-GDPR
poland/Decisions,76441653fc03d1fa72ec1cefe7b6130c,GDPR
poland/Decisions,f1af12f66052fdf8b682bad1c37f22df,non-GDPR
poland/Decisions,295c57eb8d4d5c4c76799c78bf18764b,GDPR
poland/Decisions,77789a9bbeeb2ef28a2c1063994109d5,non-GDPR
poland/Decisions,87f006220f76521861b816faaf89c48a,non-GDPR
poland/Decisions,8d92a2f3748af5c5efb7ee664584d9e6,non-GDPR
poland/Decisions,a69413e1d12e15e80db9a2ccd570e736,non-GDPR
poland/Decisions,035697b10be1cad668b16300a604cf22,needProcess
poland/Decisions,8bb73445e75a46b140d3e7ebba5f0873,GDPR
poland/Decisions,240adc9de3ee386499b69ae4d172c7f5,non-GDPR
poland/Decisions,ce5df144690bce99d9d4bdd584cfa1ae,non-GDPR
poland/Decisions,e0f1fa0d0c9ed776228dec75a739b5a8,GDPR
poland/Decisions,ebad297877fed535ad4c8ad5965170dc,non-GDPR
poland/Decisions,59586641093d3b275a02e3af8457bf1e,non-GDPR
poland/Decisions,e041c2dc473b4c951bba7abd8a4650e5,GDPR
poland/Decisions,d26dc9f7d0686fd377b50f7dec0dd19b,GDPR
poland/Decisions,b5a9019ea093deeb95d3c06f36463bb7,GDPR
poland/Decisions,c966787e7230887d7eed38b8b70efe44,non-GDPR
poland/Decisions,4dbfae166c88a9d8b245998df5a4b771,non-GDPR
poland/Decisions,aab9154e6de9bc5816211f4ee38b097c,GDPR
poland/Decisions,568b3379f79589e7bf9623b94f4db73a,non-GDPR
poland/Decisions,53c42ec213238ae4a4ab1cf876770924,GDPR
poland/Decisions,f0350d46da1ebfcfcaa952c5a9ebcb67,non-GDPR
poland/Decisions,e0a8805a19cb79abad7b113a3d0af3b2,GDPR
poland/Decisions,a842741afa321abbcf0aedd25c724463,GDPR
poland/Decisions,dcebdecf4b14209ce852b37d4f9288c7,non-GDPR
poland/Decisions,988939e0aa86242677dc9b645a791f15,GDPR
poland/Decisions,695a03c1717b71ec29a9364eb762053e,GDPR
poland/Decisions,8e6c63707279a1a2bf0a494ac1534457,non-GDPR
poland/Decisions,c2478672989c01a244e4a455ba51c16b,GDPR
poland/Decisions,08f3a9a40d68a7665d1a79ba22e580c3,GDPR
poland/Decisions,66b5315229fed274eb8c82316e2d9d32,non-GDPR
poland/Decisions,b99b8db3795ec6fb4197ad7c1f57b413,GDPR
poland/Decisions,872c78cf6e4c5cf8dfed43978db2ee76,non-GDPR
poland/Decisions,becca605bf6bb6e2678dc9e2171b3a3e,non-GDPR
poland/Decisions,27230711cb8507028fbb42212343f482,GDPR
poland/Decisions,bcae5011f9ed13c85e32411a85db62cf,GDPR
poland/Decisions,ddb5151406933cdb94f2a8446d83f4b6,non-GDPR
poland/Decisions,7a4c749e2cb41880ee10b8555a296882,non-GDPR
poland/Decisions,d17b4927a6c7e57ed3aaa46ca8a92668,GDPR
poland/Decisions,e876d6f2429e2ad33850c5fd270035a5,GDPR
poland/Decisions,7c63f4424566cac1dc692d9681ff1e80,GDPR
poland/Decisions,0b4754bf80bd7498c66c9deaa981d949,non-GDPR
poland/Decisions,de1169c6f7f6e1225ac716478401b9d5,non-GDPR
poland/Decisions,5d4bba333a7d02dd1ad22e0746fbec1c,GDPR
poland/Decisions,4ec0d208e08c8a8435795f9b1359ff26,non-GDPR
poland/Decisions,23d2917f3c27000c74751011266d9d03,non-GDPR
poland/Decisions,6a6ae64621cdfbcc842cbaa63b4ecdea,GDPR
poland/Decisions,55b33a2a063094f8836c6b0d16d6c19f,GDPR
poland/Decisions,bba64eff9e94426760ed7f404da0aef1,non-GDPR
poland/Decisions,5c61bee45f920c55a46f6e5dbae7e6d8,GDPR
poland/Decisions,1fb2282a5ab4aa620773571526bdeb19,non-GDPR
poland/Decisions,21857cc683e65e39e1b118997b42001e,GDPR
poland/Decisions,a2710b05ffbafa9f146a7e5eaede3d2d,GDPR
poland/Decisions,cd0e1b0e1b1dc0b4edc2638aac233ada,non-GDPR
poland/Decisions,ce1981cd2a273293ffd3a674356d00dd,GDPR
poland/Decisions,38148c8f06fc4d9b1c9986e36a8a3258,needProcess
poland/Decisions,00874d05749402e138fed5b7a4c6c863,GDPR
poland/Decisions,8347b75aec1b5a1ac8c14e3fa3376171,GDPR
poland/Decisions,6f30cd6e30cdfa2dbc6b821f42f308fa,GDPR
poland/Decisions,6ec8eba9c2453b0ead2d85f6dbfa399d,GDPR
poland/Decisions,484adefb456141a3f1632f14b70a3d21,GDPR
poland/Decisions,b352db8feff08321a55004f59df67945,GDPR
poland/Decisions,03b69fd86b61cc3d3f0ac21f98a0ec6c,non-GDPR
poland/Decisions,c95b0855fbfcfe942468e34eddb34ccc,non-GDPR
poland/Decisions,d54e84a95d2006efc32270c616bda46c,non-GDPR
poland/Decisions,fd5dffad62c3557e1fa10a9ccd255680,GDPR
poland/Decisions,7a7ccf8d52ea5c18fae64fc95569868e,GDPR
poland/Decisions,ef09572ded10aefa53a72658051e057f,needProcess
poland/Decisions,6d211f0b4cb31abe5fea7b0ef56305d4,non-GDPR
poland/Decisions,7fd6b2af99ee8bc0632080158f9a5ea4,non-GDPR
poland/Decisions,b63a8f5fac9e5a2708509eb144f94c81,non-GDPR
poland/Decisions,fa4f9b2c0586232b1d1b53e27db8f983,GDPR
poland/Decisions,e520f4761533752d2d4e04556d44be08,non-GDPR
poland/Decisions,893585124667b949e31d033cb37ac4f1,GDPR
poland/Decisions,3b4861816d2062c43a0eb53f44cef6db,non-GDPR
poland/Decisions,b726e262e84cb2aa39ec4d99f6f2c917,non-GDPR
poland/Decisions,57558cb3b65f0d34bf191db507491bd2,GDPR
poland/Decisions,e1a3cc23ded23d68d50c8c547e726089,GDPR
poland/Decisions,e3c1c4d9faa44abada985ab90c63428d,non-GDPR
poland/Decisions,a75a28efa5a4616f0f3eb18f8c95a1ad,GDPR
poland/Decisions,6da5908ddced522361ecf84435afb9fc,GDPR
poland/Decisions,ed1a16b5edd8f468a17ddf95aa75bfc9,GDPR
poland/Decisions,ff3230112670bcd492ea646f4ca2d8e5,non-GDPR
poland/Decisions,37f58b40fa21044174b0551483cc0471,GDPR
poland/Decisions,28f7175da9a300cfccf0280ff01d8932,GDPR
poland/Decisions,9f1951f3315fd24839eb38f57145d7c5,GDPR
poland/Decisions,c8f22a78590a2421743844dbeadc0b96,GDPR
poland/Decisions,a7598fef6d7af08d49faf9e5455fc089,non-GDPR
poland/Decisions,fac3826e332423d7cdb6c1f9dedc2ced,GDPR
poland/Decisions,346f9573e20617bc1d89160c18a67552,GDPR
poland/Decisions,4ffe01e75e41a1e2a921c81ea147a5e8,GDPR
poland/Decisions,a3f679d6325ffb421b631241d340cd62,GDPR
poland/Decisions,2e80ea46039c3141205ee715bd537e0f,non-GDPR
poland/Decisions,c948bd7e9042edc1f78d5efb0610664b,needProcess
poland/Decisions,e1141ad981ae863897206cb6c51fc6d4,non-GDPR
poland/Decisions,6cf948a8dc9863fe8f97001c3e652c02,non-GDPR
poland/Decisions,661967b6894adf27c5493d4aae5134dd,needProcess
poland/Decisions,fb749b218379e995267ae8a3fe32365c,needProcess
portugal/Decisions,09e879c277d0b57f6463050dd64423fa,non-GDPR
portugal/Decisions,70bb14d5a0f82fa3efbddab27fef9536,non-GDPR
portugal/Decisions,2c20c0f0aa690a2271abedc58f540d86,non-GDPR
portugal/Decisions,a577334cc4f8593bfe7f2670859f52ad,needProcess
portugal/Decisions,4c805b86ea2bd9dcdef290378d593a15,non-GDPR
portugal/Decisions,6cd277dc7b2b2b949f3df196d31eaf83,non-GDPR
portugal/Decisions,9d0b39f9f1580b2faf11433f603f5ac6,needProcess
portugal/Decisions,4f0b1dc8e6596f5843c6bb586421d7e0,needProcess
portugal/Decisions,e2e033a816b91fdd594fe624a03dea82,non-GDPR
portugal/Decisions,3f20d08a71a53c68b93092861a3f8cd6,needProcess
portugal/Decisions,66e1358caffc673e0201212d2ca36084,needProcess
portugal/Decisions,8ad8cf13348185eec1f955ab5bf0a4ec,non-GDPR
portugal/Decisions,7fae4cabd0fe79bc7b3850210628c0d5,non-GDPR
portugal/Decisions,2bd37ba25e2a8ec68da574424c216eae,non-GDPR
portugal/Decisions,3e6090a945f804e0cf2fde32bf235459,non-GDPR
portugal/Decisions,85a22e2c17267b9988b0b6f7f3d78300,non-GDPR
portugal/Decisions,6dde00dafda9d852a37c5caf238de11e,non-GDPR
portugal/Decisions,fa0c7785681b898649816935db09490d,needProcess
portugal/Decisions,c4dcfe3b576e9872eac06bb86517e7c3,non-GDPR
portugal/Decisions,33ce4517c501ac091fccb5afac62cdd9,needProcess
portugal/Decisions,5292e0243e917d1bb03a1e060e3258f4,non-GDPR
portugal/Decisions,972993f48c062b378472ec59cb0f5b32,non-GDPR
portugal/Decisions,f3454d88676b15dd55eb4afbc74dd120,non-GDPR
portugal/Decisions,8186fe9c118a2ab35fc50703995f46db,non-GDPR
portugal/Decisions,e5ec127291f594103f1596d462b6ac76,non-GDPR
portugal/Decisions,4b8491566816e871d57b6a63239384ce,non-GDPR
portugal/Decisions,953b438a6806e3643b528204daabec43,non-GDPR
portugal/Decisions,20b0012e74bf78b33798a3f1c3e69fc1,non-GDPR
portugal/Decisions,096c07521b4b5b06611de684a591ff13,non-GDPR
portugal/Decisions,bf736aaf3082c31ed0f3c942c47e7544,non-GDPR
portugal/Decisions,ee183d21b96beb1559c908c0d7339bc1,non-GDPR
portugal/Decisions,f962aa06fd9acb2857a29352c3b5c300,needProcess
portugal/Decisions,5bf17b353087f2e0ed357c37232d27ec,non-GDPR
portugal/Decisions,12f99e25117632955aec7047be52ca85,non-GDPR
portugal/Decisions,9ae3ebb5770abfd702e4fb4cc74ea462,non-GDPR
portugal/Decisions,44740318e692df94c9f3d77d93457645,non-GDPR
portugal/Decisions,ce8ca76ee85376e0c0934ff4d39336af,non-GDPR
portugal/Decisions,2c4fbcbe80430d7ec353d4e7c2485b1c,non-GDPR
portugal/Decisions,fad86fe1334962a87106c50eaebbb843,non-GDPR
portugal/Decisions,2b43d0702e3f1c5253a0b93244172f1e,non-GDPR
portugal/Decisions,35f198cdf1fea41a9feda96637d0a5c2,non-GDPR
portugal/Decisions,bf278f9860dc6b9e9557d64e7839e117,non-GDPR
portugal/Decisions,579bb8b654592f60409ed18105b38ded,non-GDPR
portugal/Decisions,2ee464384b45d234377c0252f7f22a7e,non-GDPR
portugal/Decisions,8bb0df80bcee2d88bcbbedea692e06cd,non-GDPR
portugal/Decisions,2f790a401aad285ec32536554a5bfe3b,non-GDPR
portugal/Decisions,7f89bc908ec6d202bc8b505b334ee8e6,non-GDPR
portugal/Decisions,1f86bb2c4b8c86f24e89278d1d7377e0,non-GDPR
portugal/Decisions,30e8927b411c0e38391f71445e92554c,non-GDPR
portugal/Decisions,474e4adcfa015735d3281caaa29fdf35,needProcess
portugal/Decisions,dfcd1977856e4affb09b47e6b7ddab85,non-GDPR
portugal/Decisions,82169fa59f3f831a6eda616c08de7a4b,non-GDPR
portugal/Decisions,2fa81d152b20cda3bc16fd492c68ac5c,non-GDPR
portugal/Decisions,616d248031c1c044fd82e98b149db492,non-GDPR
portugal/Decisions,77011aab734c0140f364833274384451,non-GDPR
portugal/Decisions,758d55087c935244d3cf9d16bd9363fe,non-GDPR
portugal/Decisions,b86a9f429606b0931aeb7a5ac96c4b6e,non-GDPR
portugal/Decisions,23e99c2b06a27dd36682bd10dd81e608,non-GDPR
portugal/Decisions,73624aec6b53172bb3886cc5435420d7,non-GDPR
portugal/Decisions,5835bc1d31bbb9afe82a4966952498e7,non-GDPR
portugal/Decisions,74bde172e9d295e810a7922b7ba50438,non-GDPR
portugal/Decisions,f7d78e9ffb452b49687cf17c4f790577,non-GDPR
portugal/Decisions,926c94f1040605ba053b2e486416fc4f,non-GDPR
portugal/Decisions,c5e0e4a82984edeb5885dc91f79d575d,non-GDPR
portugal/Decisions,db57bcb6ddc56186c8c54d9102768ad6,non-GDPR
portugal/Decisions,e1520cf62a65e71f201b3d3bc1a0c587,non-GDPR
portugal/Decisions,abff6388e41af3c02ba6c10a1338a76f,non-GDPR
portugal/Decisions,9ee54027d8a2b2b9d52f69b15631f1f6,non-GDPR
portugal/Decisions,e6428f75aa753f0cdaaafabf3f36b8bb,non-GDPR
portugal/Decisions,a6b4145795ea95f7545e3d03883e8911,non-GDPR
portugal/Decisions,84db7bc69d7630bdc88d8e95986db122,non-GDPR
portugal/Decisions,55a5d1e0ee968def582905bbeaf5b888,non-GDPR
portugal/Decisions,fc12d1b5f32c86c844d3da06832011a9,non-GDPR
portugal/Decisions,43ee8b6838edc118ac58a575a529d3a3,non-GDPR
portugal/Decisions,10605b409db5b4f622aa0573a86b793f,non-GDPR
portugal/Decisions,fbcb4f1c1d4eae4bc128d426dd85a72e,non-GDPR
portugal/Decisions,0a705085e395be8d617e8c4f216e5f77,non-GDPR
portugal/Decisions,ea5f4dcbcc4595f8893bf4274e7c2c41,non-GDPR
portugal/Decisions,ea689187efef9eeb45570cb0f344c1c5,needProcess
portugal/Decisions,5444cd40a2806e1e2049f01eabff7883,non-GDPR
portugal/Decisions,ce3698074074fe3358484a0700a1fafa,non-GDPR
portugal/Decisions,23aa06af5c0fb5a0851b573f35cf0a6a,non-GDPR
portugal/Decisions,95e746b9f37033bb3d53da9eebcc2603,non-GDPR
portugal/Decisions,a46da351b41b5f1563c1b36c1a38c59f,needProcess
portugal/Decisions,2f00dba9c34523ee839bd5e72fcad806,non-GDPR
portugal/Decisions,29d82dd0d7ad0f8c6ebd9de602fab2f1,non-GDPR
portugal/Decisions,3f53a98762787e048e4a061d077285f2,non-GDPR
portugal/Decisions,728a08f0519c904258cd2da9ee4ca623,non-GDPR
portugal/Decisions,a0a153bff21de655121492e463905db5,non-GDPR
portugal/Decisions,8a4506710aee1e483f7b93a9f3b89d0e,non-GDPR
portugal/Decisions,dfb876956f9d0363e9e6362e10411099,non-GDPR
portugal/Decisions,1901e533fd16eecccb5a86212d50d176,non-GDPR
portugal/Decisions,a5bda017b9724120a6ee43b3f672a3b1,non-GDPR
portugal/Decisions,4b5841b81d7074b4b28c9c43758d4a4d,non-GDPR
portugal/Decisions,dc64e7cbcea6f615ca7471e2ed064c92,non-GDPR
portugal/Decisions,c2249583e4e4720acea01dbc47d6cd80,non-GDPR
portugal/Decisions,4b95eea987541be6d8e057e4bb6f9ddd,non-GDPR
portugal/Decisions,bb1d67100d6732742eeb7d400aada204,needProcess
portugal/Decisions,aca1ee59cc4c66e7f9b0417723878646,non-GDPR
portugal/Decisions,d1215699e73ae310dee690f3b4ff72a6,non-GDPR
portugal/Decisions,579a14ed6d4bd2442e9bd26fcf15c0d7,non-GDPR
portugal/Decisions,8d8db4684a032f2114b07cc1f98aa408,non-GDPR
portugal/Decisions,ee27ba5ea0a388651a1dd3643118852a,non-GDPR
portugal/Decisions,61cd52518c53a1d252a9e7f7d39de78e,non-GDPR
portugal/Decisions,af7c7eb359a48d724c67d092f756be1f,non-GDPR
portugal/Decisions,9dee42d3f545cd904cad758aa1344bca,GDPR
portugal/Decisions,41581146f72855124f3d1139a7c63971,non-GDPR
portugal/Decisions,a5ac94fc54e4ba1253677f1ae9b68ebf,non-GDPR
portugal/Decisions,4788074230a9569f0c641f216ccb9199,non-GDPR
portugal/Decisions,8de242a66ffccadca4f0fbf84e933315,needProcess
portugal/Decisions,f5c0cb181e1c5800c6f521764154ee95,non-GDPR
portugal/Decisions,0ebbc894cc22d15802bf48f9aa78af69,non-GDPR
portugal/Decisions,679f850987b0266f04190abda139f655,non-GDPR
portugal/Decisions,91107743dfaee3af98b915390e1a4ac7,needProcess
portugal/Decisions,b0adc9124e480d21347c0c8fd9ddf5b4,non-GDPR
portugal/Decisions,f59be67d9b07b6d18d023851c546cc99,non-GDPR
portugal/Decisions,5272b9089ed30237b7a1514275fe63f0,non-GDPR
portugal/Decisions,0a36a6a8296d57b173c0c51f8a44d823,non-GDPR
portugal/Decisions,f07fab6f99d56157cb72364cf9e58464,non-GDPR
portugal/Decisions,52705db9f6a86a1286938b207fc78d43,needProcess
portugal/Decisions,4ccea3bb286ce3c8a82850dd337cf933,non-GDPR
portugal/Decisions,afd1c5be75c7058e139e11e40e24e9f1,needProcess
portugal/Decisions,f058d69a78355432ff20cda7feb84405,non-GDPR
portugal/Decisions,64715b48eeaf75e4d7cfeca0ead44f8a,non-GDPR
portugal/Decisions,3f2da6e94453b17b22210ade4c80ebf8,non-GDPR
portugal/Decisions,d87e1b501176f587be9f284eafdcae65,non-GDPR
portugal/Decisions,aa7c57597d2c442ab1e3a1d479199084,non-GDPR
portugal/Decisions,926c0b425a5af2631a5df025c4104793,non-GDPR
portugal/Decisions,896728f9f83a9d9890dcf76fc1e3325b,non-GDPR
portugal/Decisions,cb739f93215856cba9edbd2d9f22b6ad,non-GDPR
portugal/Decisions,372351663863221c874035da02b8fe76,non-GDPR
portugal/Decisions,09a43866195b931d3ec1ae936607f922,non-GDPR
portugal/Decisions,4e9f2f5bc8638694ccd165e025428a2d,non-GDPR
portugal/Decisions,9f71d9918b383c950adad305cbcf9704,non-GDPR
portugal/Decisions,d91d0a39c1dda99e8e7403b0a1faef4b,non-GDPR
portugal/Decisions,8cf2811df932f1f5d259ca4f4b87991d,non-GDPR
portugal/Decisions,13f6fdca9fd03211c48b0542340af0e8,non-GDPR
portugal/Decisions,47c4135d91eaf976ce594752feff2936,non-GDPR
portugal/Decisions,5fb3316b60b2dcdf0d4a92e809fbff1e,non-GDPR
portugal/Decisions,e4fd3e21f6b6a73cd1b6d1afd3b7cafc,non-GDPR
portugal/Decisions,1e830dd6ad1b7fa11a9056c17ec7b4a5,non-GDPR
portugal/Decisions,ac8437c0c5a523ab4bb14f35ca838448,needProcess
portugal/Decisions,49051d6b6b81ea4cf603c1764e1a79a5,non-GDPR
portugal/Decisions,564368b7bb18a7805f052cfd80673647,non-GDPR
portugal/Decisions,4e6bf3d3191aee5d64d52efe6828fbc7,non-GDPR
portugal/Decisions,e4e376d2fb6be2ebeda8becd6ea91edc,non-GDPR
portugal/Decisions,360d256ea64c97981a9915b90ef3a851,non-GDPR
portugal/Decisions,cf76aa328c02e97628099c3466bcd8c4,non-GDPR
portugal/Decisions,1e16096149851e9a314f00baae4eb757,non-GDPR
portugal/Decisions,da60896aee9f868dd51c80a0bdc8b370,non-GDPR
portugal/Decisions,8136082448c256a11fdece4ee20f8320,non-GDPR
portugal/Decisions,b15fe1ee8c281b1f69c658dfa3e52593,non-GDPR
portugal/Decisions,4aa5af131e312ae50ce7a8b126455d3f,non-GDPR
portugal/Decisions,d54c3a9dd5765c558fb7841fbfe09f0b,non-GDPR
portugal/Decisions,5c4fbeb61faf5663d7daced22d2ec9cd,non-GDPR
portugal/Decisions,3ce9e99c7529d96655da127fef072f96,non-GDPR
portugal/Decisions,f707026385f316df9caa4f57db803bf1,non-GDPR
portugal/Decisions,02585ae1000f71fab63fd94cf37c3515,non-GDPR
portugal/Decisions,3560a69bb432520e9baf427db4a6d5a4,non-GDPR
portugal/Decisions,8ddc3a1ba5ecaaa2e870b7c3a350f1c6,non-GDPR
portugal/Decisions,fe643eb37a55f9e811ab5deb7eeb378e,needProcess
portugal/Decisions,8b82a1522a735895723ba5fed1bddc78,non-GDPR
portugal/Decisions,cab9ec839e20d3f6fd9014224ae6917e,non-GDPR
portugal/Decisions,bf71ebb0606e0ea9cbc93f56508df66f,non-GDPR
portugal/Decisions,8f36955618e5dee3234d5e791bd09a0c,non-GDPR
portugal/Decisions,543319752b01cc04cb8ba5fe84330b1c,non-GDPR
portugal/Decisions,9cbc2f434d0c2c7d022737bb4969832a,needProcess
portugal/Decisions,516788c3c7eccbbb4833125f876e73b9,non-GDPR
portugal/Decisions,d9d52c33a98f50316c3d0326ff427342,non-GDPR
portugal/Decisions,ecf99c46bd5a20bbdc014786fb5a8b05,non-GDPR
portugal/Decisions,c9d864e6f5f5fd522496f5f61db1dbd5,non-GDPR
portugal/Decisions,c00c2397fe9766c5b8770275591dfd29,non-GDPR
portugal/Decisions,6aae3fc642fb54a8f48adde56829d7b2,non-GDPR
portugal/Decisions,21950644bcf6ead47dfd02d95d3ed178,non-GDPR
portugal/Decisions,c31fe6f02ba97d1313e95d85f6628e70,non-GDPR
portugal/Decisions,aa62c59e71be3c01fc2851a85db3a92b,non-GDPR
portugal/Decisions,582d433825fa46d1a949de5dfcdc7fc7,non-GDPR
portugal/Decisions,788083f6d1f950787293bf21341080b6,non-GDPR
portugal/Decisions,93067b4caf77a2eaedca2a77d77519d0,non-GDPR
portugal/Decisions,af737b791c2b6f71aa4ee5e53ad651ea,non-GDPR
portugal/Decisions,c52aefe959e0b95852793d512f7f8632,non-GDPR
portugal/Decisions,84a0b052a98ceaff86bbb7cd844f3fef,non-GDPR
portugal/Decisions,1082f8aa1e1c47f2eb47af2511d11d6b,non-GDPR
portugal/Decisions,320ed788a5be4a242fc05a4941288889,non-GDPR
portugal/Decisions,b01daa3fb637bed2ab3aab787875d472,non-GDPR
portugal/Decisions,4ae1a3d1de72dc190827035aa7a4bd74,non-GDPR
portugal/Decisions,66f85e618376c10fbbe7d5ed2aee0fe1,non-GDPR
portugal/Decisions,0ca21f8968ea446206861eed0311e03e,needProcess
portugal/Decisions,fc2f1a8fea16689daa86fc84d8aba9d7,non-GDPR
portugal/Decisions,c0e842a107ec3482b16b62e40224bedb,non-GDPR
portugal/Decisions,345eae36c1f2e03a813c1f6ed4a8d87c,non-GDPR
portugal/Decisions,031c0bf1fe591323b8ad4d818e377416,non-GDPR
portugal/Decisions,d7abb64ab947bcc7639c03c722d412c8,non-GDPR
portugal/Decisions,86df6ab171f6eafe21ca9ed7c7c6c91e,non-GDPR
portugal/Decisions,51867cf190a089f12ff12e75b74100a1,non-GDPR
portugal/Decisions,688c9e1f653a41121d125236360ab58e,needProcess
portugal/Decisions,019a31a7ebbc7c2160baeb99ac69d3c7,non-GDPR
portugal/Decisions,e39a3970cab6f40c9827000db1f4c71d,non-GDPR
portugal/Decisions,1d5e1324bd06e8437b1ff58bc6b787b4,non-GDPR
portugal/Decisions,f4345baf91aa157670d185c8429cdf57,needProcess
portugal/Decisions,c7258195612937bdc888fbc35828134e,non-GDPR
portugal/Decisions,3ae7f77c7c170f3d63ae8979ad782554,non-GDPR
portugal/Decisions,cf215a6d7d0512d8b80df169d554896c,non-GDPR
portugal/Decisions,16479ee2a015c9c2f6a952830eccdc90,non-GDPR
portugal/Decisions,15e8dcbb10acd49ee960e0db5e727da1,non-GDPR
portugal/Decisions,2fc127cf78218e6ec7bcec061176a23b,non-GDPR
portugal/Decisions,86675b13bb05dc75d27d64f9b15230d5,non-GDPR
portugal/Decisions,b9d128cc64a1b628f6a9f706141f61b8,non-GDPR
portugal/Decisions,6ab30916439245eebcf29dfaa51afae5,needProcess
portugal/Decisions,56e43fe2760343758bab11f6503345fc,non-GDPR
portugal/Decisions,9332150446d1dbbac2e946c47f65daab,needProcess
portugal/Decisions,d9715aa221fd4d4a991518e6e5f7f8dc,non-GDPR
portugal/Decisions,b1f622a4901ce0775cd7dca636dfbfdb,non-GDPR
portugal/Decisions,b1e6e285f39263150057813abb46c48d,non-GDPR
portugal/Decisions,4e563abf50e93c061e7c9800745dc8f7,non-GDPR
portugal/Decisions,f9240fe930753fb63a3f71582d247c7c,non-GDPR
portugal/Decisions,1c97b83fe1a1d1b082e34b64bf39eed7,non-GDPR
portugal/Decisions,2a04dc35b9119db233051075e3b0b04f,non-GDPR
portugal/Decisions,c8fb7eca57c375d189a2b05fd135fce9,non-GDPR
portugal/Decisions,f2ff5834b277865737c30eab74b63f4a,non-GDPR
portugal/Decisions,6328b33e26c3aec4eda2066a0cfdbeca,non-GDPR
portugal/Decisions,0dbca459c429d97986b0def04161fc9b,non-GDPR
portugal/Decisions,47526dab8b3cde7dc620ef9ae4757604,non-GDPR
portugal/Decisions,2538d8977b91a4b09726966f7b5c9dd7,non-GDPR
portugal/Decisions,9a907b986843652bd5ba6bfc70a2988d,non-GDPR
portugal/Decisions,3b5abce2b36893b9412faa6eab83094b,non-GDPR
portugal/Decisions,30eec14aed26ed41787ee8196e35fce2,non-GDPR
portugal/Decisions,69fbc16e4677236eec851432176c5d3f,non-GDPR
portugal/Decisions,3353525e3e4a4e2c13c4365ac9197abc,non-GDPR
portugal/Decisions,d46adf3de2013ceff92671a5a45069cf,non-GDPR
portugal/Decisions,daf0770c705182b736e6e7381f837ccd,non-GDPR
portugal/Decisions,1667efc5050ba60bdf3488a4a9401d19,non-GDPR
portugal/Decisions,e5a07155c999e93a9c982925b7c60c33,non-GDPR
portugal/Decisions,052f127dc3f665a7a769b5ad4722ad1c,non-GDPR
portugal/Decisions,3ae652dfc501792d6bf8b53f84acc483,non-GDPR
portugal/Decisions,e7a8ba8f2a8049c36c6c072436cc65d0,non-GDPR
portugal/Decisions,54fff8161bc0e13ccbd8c037faaa2eee,non-GDPR
portugal/Decisions,91943162c30aa659158464091db9ff50,non-GDPR
portugal/Decisions,7696aabffbca37d005e8fa55f8d7f5c5,non-GDPR
portugal/Decisions,ca87874ba4844ca7974d096a98e3ecca,non-GDPR
portugal/Decisions,a926cdc3a1f09f71b070b75bfe966a5e,non-GDPR
portugal/Decisions,29eb74a4ea6fae6f262d263a586d9013,non-GDPR
portugal/Decisions,3d2ebd927cef15e1207c81e954cb65f0,non-GDPR
portugal/Decisions,c0ce14a2c9573ba267000be318dc77e0,non-GDPR
portugal/Decisions,3c9db398b67ce36e5734780ebf1ef137,needProcess
portugal/Decisions,605865345408de5631142b39757d2ec7,non-GDPR
portugal/Decisions,3a112acad01a7e85691aebb4d55c1d88,non-GDPR
portugal/Decisions,948f392631ceaaf26bfdc4c3019b6042,non-GDPR
portugal/Decisions,6e4146be367462e124974b33bfa1adaf,non-GDPR
portugal/Decisions,188d4284cf4674f16d98aed1bc2b346c,non-GDPR
portugal/Decisions,df139a2c1020cf5b1c51d0c7da4e1fd5,non-GDPR
portugal/Decisions,1ca599a60a70e73f0dbfdd2644e8a524,non-GDPR
portugal/Decisions,eac348a3e9f26827c6ce60416e4f14aa,non-GDPR
portugal/Decisions,afbd014cf9ad8d202a4e425a8ba208c1,non-GDPR
portugal/Decisions,5c48720ccedab56371937c74acd661e2,non-GDPR
portugal/Decisions,f8e78b145c66c5ef9c385c022092d58a,non-GDPR
portugal/Decisions,5866d038f596763688bb80b53e4b9ffa,non-GDPR
portugal/Decisions,722e61800f39af6527c04356a72a1cf2,non-GDPR
portugal/Decisions,46e83c95562c7c488221da0b115c77e4,non-GDPR
portugal/Decisions,c5248d7843ba676f9b2b3449b28a1d14,non-GDPR
portugal/Decisions,dbed982d5f56de49d797d63524b0e28d,non-GDPR
portugal/Decisions,8b103097d4cc2cb8da8fb775da293d5e,non-GDPR
portugal/Decisions,f76e02c42a3fbb80b1d74de5c587bf10,needProcess
portugal/Decisions,13f39925a84476a379bce1b9086a3afa,non-GDPR
portugal/Decisions,30f08eb5871f6f2c64b9057ca1af47ab,non-GDPR
portugal/Decisions,b1695210d4ce14c13d1759d91d3cdc77,non-GDPR
portugal/Decisions,8e6f18e79b4ec4b09109a2760416d2c9,non-GDPR
portugal/Decisions,eab1d35b3cdad8216cd5bed2fa190424,non-GDPR
portugal/Decisions,fd381af9015fd3cca7b614f4378f9819,non-GDPR
portugal/Decisions,c3b1acf52642caabfb57c6fbd6eb992b,non-GDPR
portugal/Decisions,6cc19f4958d33d9a94654b401d3e6431,non-GDPR
portugal/Decisions,8994a969a5a225b409b518363d2db091,non-GDPR
portugal/Decisions,5b3873303cfa5053d676f46a559617a0,non-GDPR
portugal/Decisions,85741feb93eaf0d27b5c792c278ee8c7,non-GDPR
portugal/Decisions,48425089c62f2da57d01cce951b125a3,non-GDPR
portugal/Decisions,49b96c5441d2301d1309d70b69d11429,non-GDPR
portugal/Decisions,27997b0b7d6e985c00fbdfdccb0a422c,non-GDPR
portugal/Decisions,2ca763231a04792a25d8e6ca884a3216,non-GDPR
portugal/Decisions,b8f8bdc3658d4bd3d37a125f6f0e6996,non-GDPR
portugal/Decisions,1f8be02adaab0ac324d3e1ceab9cffbb,needProcess
portugal/Decisions,8d68896e6aa93ca607f9737d5ef04c6e,non-GDPR
portugal/Decisions,5fd0300e88deca014d9fa1a7836a8604,non-GDPR
portugal/Decisions,5b50092283366d84c801384120fc0ad4,non-GDPR
portugal/Decisions,47fbd93064704b36852003cf08f85280,non-GDPR
portugal/Decisions,d9b5e7746bf643e9603ed5f1d23999c9,non-GDPR
portugal/Decisions,f6ec9a57ab01058c11196b8df4a0ee03,non-GDPR
portugal/Decisions,46abdace07bafa63d6ceb8848e1157ae,needProcess
portugal/Decisions,6ea9101db8cf714f4454db4848e327f3,non-GDPR
portugal/Decisions,5c4468b5d4e0597571f58e6a85676077,needProcess
portugal/Decisions,827f362e11426e6486b966d599ceac7a,non-GDPR
portugal/Decisions,5b1cf54eb69e70fa752e198e96053896,GDPR
portugal/Decisions,96a81737d3fc7546f117b01d4844b7ea,non-GDPR
portugal/Decisions,61463518210170a9e307b5c842d7bc01,needProcess
portugal/Decisions,9033a083d8a77896e6778c3ae9b0972c,non-GDPR
portugal/Decisions,80cfc8f1ec92b46eac97c4254b39bebe,non-GDPR
portugal/Decisions,677bac707192b7ebfc8d703befbab32d,non-GDPR
portugal/Decisions,5b4b420063617a04ab6bb4daf87528af,non-GDPR
portugal/Decisions,2e53e0fe316fd1e030cce5c80e583602,needProcess
portugal/Decisions,6cfe35f6f2a6e190a7aa738e1c09c703,non-GDPR
portugal/Decisions,0876967eec096b1c1a15c61768749b91,non-GDPR
portugal/Decisions,b201954a3aebac3abea11559e8fdff32,non-GDPR
portugal/Decisions,d6a907065e2f59303503398735f973e2,non-GDPR
portugal/Decisions,eb9ff9955c40df892a847b69e7508c3d,non-GDPR
portugal/Decisions,c40b04a64a8d5da18928e5030fb1a1a3,non-GDPR
portugal/Decisions,5fbf51a6248f925b12766a4f1bca51da,non-GDPR
portugal/Decisions,dcd8bb56167a59d39c742cef5df5dd93,non-GDPR
portugal/Decisions,b247dd830ac1051ad0cacf4203d52477,non-GDPR
portugal/Decisions,0fc2bfb4f2c2062219b4aeb85c6b4db4,non-GDPR
portugal/Decisions,262d69aec0f8a402a35e01ae611ba2ae,non-GDPR
portugal/Decisions,96c92d61502dfa470f4c843ba790ba8f,non-GDPR
portugal/Decisions,83b1eb88e3f3ade4056761658493eb44,non-GDPR
portugal/Decisions,f640a772d98e7ceb00d052ea6b9ac489,non-GDPR
portugal/Decisions,7baa00bb86c0ae660b724ab43982c69f,non-GDPR
portugal/Decisions,3a2873818af2b25cf0c874e3d76cf83a,non-GDPR
portugal/Decisions,76d1ae83d9bb60bcb155dc4bb1e5cf7f,needProcess
portugal/Decisions,1e7675ebc8d69f792ab4f288b841ff59,non-GDPR
portugal/Decisions,760cb8bef0d63eec41c604d4cca1cf31,non-GDPR
portugal/Decisions,74ff115e9f83b8228084b7898257ff16,GDPR
portugal/Decisions,d4f2d3b07e40291dceea7c6b45fb5af8,non-GDPR
portugal/Decisions,455d6ac00badd824f712bbf1ac42adf3,needProcess
portugal/Decisions,5f267026eaa5390e3c2794367877faf5,needProcess
portugal/Decisions,03ab90fe59556c144b3ad26451301fc7,non-GDPR
portugal/Decisions,ff319132ab8e29240c27143e3171c535,non-GDPR
portugal/Decisions,9ddc190627ab30d02fe339ecabd055cd,non-GDPR
portugal/Decisions,b1ebb0ee013097849aada01e440f20f6,non-GDPR
portugal/Decisions,5d3f8500cd4b4a4cc4228b5338f4377a,non-GDPR
portugal/Decisions,e419a926e1b9f2eb3f47dff80a1acbfa,non-GDPR
portugal/Decisions,5aa9e0e34115e0d2cd07b9455bc20f04,non-GDPR
portugal/Decisions,eba3860365917ef6700c60cc55bff8dc,non-GDPR
portugal/Decisions,74df3ce99d91e41972679cdebf1f3cd6,non-GDPR
portugal/Decisions,8b53fe5feb81a0af9f95fdd02e2a241d,non-GDPR
portugal/Decisions,25cccb02e472803bcdae891b2d5417c1,non-GDPR
portugal/Decisions,2b05c756bc5810f62b0110c80e3a3ee2,non-GDPR
portugal/Decisions,2a82bb286057ddcbad5539678e7e35eb,non-GDPR
portugal/Decisions,6179e4517636fa753e991602f413a13f,GDPR
portugal/Decisions,197ff47f46ac0af3f0eebee1b4baffd2,non-GDPR
portugal/Decisions,b37320c531f7de3c3f0b1e607a2ee006,non-GDPR
portugal/Decisions,275666ae3d1638e012360dd67321c4e9,non-GDPR
portugal/Decisions,a075bbfb4f9342f2cfaba3f692d4cd21,non-GDPR
portugal/Decisions,8cedf48fb3a316601c79f53b53e11152,non-GDPR
portugal/Decisions,9d227537e5aafa9773e5f5a8ec6b1cef,non-GDPR
portugal/Decisions,dc82d6a298afc505ee1fa703f35dcfa5,non-GDPR
portugal/Decisions,7b04997a63918eab49598860e2055305,non-GDPR
portugal/Decisions,c64647d40da4b2834eaa9dcc473d64d2,non-GDPR
portugal/Decisions,8ae39dd75767216c88b9c07da3ebf458,non-GDPR
portugal/Decisions,7e0a5cefef29045dbd9cf1cbd8b30e0a,non-GDPR
portugal/Decisions,030e937d1c291cfe7cdee0a25145175d,non-GDPR
portugal/Decisions,c67b1dbf835ee05b1cdfabaff7d9942f,non-GDPR
portugal/Decisions,11f1f25ff38bb074440bc98c188a990f,non-GDPR
portugal/Decisions,3a174761535f96eaa3ed110f20fa88a9,non-GDPR
portugal/Decisions,44f404e7650ac62dbe3048deec4af88f,non-GDPR
portugal/Decisions,2f743c9f7878f72dee488e564fed9ec4,non-GDPR
portugal/Decisions,fe1adcacdacbe0fbeaa64a75c045a333,non-GDPR
portugal/Decisions,bf8fc6f5ae1b7ad2552a1da186a68d55,non-GDPR
portugal/Decisions,c5edf24c46dffd45a373436f2b9f8414,non-GDPR
portugal/Decisions,30078d8a716a7687665df2d82947a748,non-GDPR
portugal/Decisions,901a1b24e5a7ae97e8cceacc322869d2,non-GDPR
portugal/Decisions,0d2710a0b458cd4fc776171431d7d9ab,non-GDPR
portugal/Decisions,9ff61976a1db7dceb8b5cef572d79a3f,non-GDPR
portugal/Decisions,2dc82793f2801864a1fae4d3e52bcfe5,non-GDPR
portugal/Decisions,abf461ac4e4d1fbb46dba012d64fe0d4,non-GDPR
portugal/Decisions,ab08e1376af1f2c007447fb69c6c0e0e,non-GDPR
portugal/Decisions,239484df086c66f04b87ce856aa4ea67,non-GDPR
portugal/Decisions,9ee7278ae244bc6e69a5fd83ef1b5012,non-GDPR
portugal/Decisions,33dff74e26a27cc1c7874ec7a87940ee,non-GDPR
portugal/Decisions,031d70e5ada5b3d4ebe773e69378eb57,non-GDPR
portugal/Decisions,41e05e2d3515b3c2ec41aabc8a3d5ae1,non-GDPR
portugal/Decisions,01903f24b2d6cbd096c6fb63fb6a597c,non-GDPR
portugal/Decisions,01398f9c81e3d1f1995651ae04cc386c,non-GDPR
portugal/Decisions,cd73f7c81acd1ad6bb24ba82169693e7,non-GDPR
portugal/Decisions,0ad013684f7323a50a8c212567ea0a10,non-GDPR
portugal/Decisions,ca58647da42a4e2a0ca8abe49ad489c0,non-GDPR
portugal/Decisions,638230efa689ecbdb9597c9269d29302,non-GDPR
portugal/Decisions,d47113af75d439e49b1da8d976a577ad,non-GDPR
portugal/Decisions,783c79e54ee0429f243f25d46bba5bfc,non-GDPR
portugal/Decisions,c991ff3c668a233211ce0355ea9a90a1,non-GDPR
portugal/Decisions,cc34427718550a9928048bb2a2976606,non-GDPR
portugal/Decisions,89fd198c6f319a711d70631d2a691387,non-GDPR
portugal/Decisions,c06a14bc1791d6867f8e2f841c0e0085,non-GDPR
portugal/Decisions,f4fa181090596b9a8969d255c0625779,non-GDPR
portugal/Decisions,92eed8e3c2d2c27cc9cd50b21dda9fca,needProcess
portugal/Decisions,36d85240ffd00afd56eee1c9e069d925,non-GDPR
portugal/Decisions,70ae4e40844ad13e815778c701ae69df,non-GDPR
portugal/Decisions,e5bda6571ff466ee87542f8a2386d512,non-GDPR
portugal/Decisions,54c490a4a9563dde6115b612811e163a,non-GDPR
portugal/Decisions,54b6b76f0afd0723464236933ce862e6,GDPR
portugal/Decisions,5b7f3103fd73c958fe0c22263c70edea,non-GDPR
portugal/Decisions,b66d2cd0cc151cbacd89caaa395dc532,non-GDPR
portugal/Decisions,859787160f8d4e16aa9daef986811035,non-GDPR
portugal/Decisions,e5fd9bc0ae560c31bec901c9cd6c79a1,non-GDPR
portugal/Decisions,21ad37749523ed45f076abccb7e92bb2,non-GDPR
portugal/Decisions,55814d60dc8012d1c78788986d411b97,needProcess
portugal/Decisions,3b214c9591d6dbd4d6b4619c89314424,non-GDPR
portugal/Decisions,28ce47ce9d1a83c78dda2da5ae3dcc49,non-GDPR
portugal/Decisions,833b12c8ec7e611ebe1c7a2c43928e77,non-GDPR
portugal/Decisions,3cdec1363f78afc0751ff330349b2b02,needProcess
portugal/Decisions,b0ea30fa508b9b9875f93012a56ded27,needProcess
portugal/Decisions,98abf16dd82705340cad8118f8039b11,non-GDPR
portugal/Decisions,dc8b64e7834c9a704fae2423aba66af1,non-GDPR
portugal/Decisions,fe90966067f15f6a8145ceff20cd335b,non-GDPR
portugal/Decisions,e0018adc1e3194d155115693cbfb4fa9,non-GDPR
portugal/Decisions,46055237846c582b7c0933b33a46e5a0,non-GDPR
portugal/Decisions,32fab42741bfea286acefbefabc8e6b0,non-GDPR
portugal/Decisions,d1b4b8502d8f06cad0ee72ce7beb9a16,non-GDPR
portugal/Decisions,d6beed1efc8aa8761722f4a4e0485512,non-GDPR
portugal/Decisions,40e606f463dd095b422c764fd6817933,non-GDPR
portugal/Decisions,faf51f0af35c29dde0450c4422c56d6e,non-GDPR
portugal/Decisions,cd23c1706b190a65c2e6386f22dee624,non-GDPR
portugal/Decisions,278d69d93f46dca43ca8f9d58ca154b0,non-GDPR
portugal/Decisions,fae8b8f366ae9490077d0c947b9ddc56,non-GDPR
portugal/Decisions,eecc705a857147a4fccbd7ce8a58f713,needProcess
portugal/Decisions,b58bb08eac5452f1287a048eafd7aaa3,non-GDPR
portugal/Decisions,d8a9a949c9b1ba6791cb0f9c31971fdf,non-GDPR
portugal/Decisions,da9b6f92005cd0fc57066aa3dc79272c,non-GDPR
portugal/Decisions,1c8f525fcbab44c1778fdc7fd6e6ab5b,needProcess
portugal/Decisions,186180a41dc2a9d88642c285e494a480,non-GDPR
portugal/Decisions,4088b7e016d782ddd7d54dde172f5003,non-GDPR
portugal/Decisions,850afeb0ab56a681103a1292607e924e,non-GDPR
portugal/Decisions,26a05f080c54bdafad10168fe0767868,non-GDPR
portugal/Decisions,0b4293840a136bc8a56901c79d7ec4c4,non-GDPR
portugal/Decisions,4d509f958dc4f277794b41bc179d8afb,non-GDPR
portugal/Decisions,63e8901cde3e90e3b7b273bba4a58089,needProcess
portugal/Decisions,a654b70f66cceb7e35e6fa60d653df24,non-GDPR
portugal/Decisions,598e95202d89b9d7308955394e9990a7,non-GDPR
portugal/Decisions,8ef13a58c8f68a0d42b5386a35a491ab,non-GDPR
portugal/Decisions,cb516e296279d91084898d1a9ae25691,needProcess
portugal/Decisions,a30d151cb5bae3f2ea798e93a9f6aa21,non-GDPR
portugal/Decisions,355d6ace1f44e5d4425651d97120069d,non-GDPR
portugal/Decisions,5d681a6c6cf2805cd772890d75f26d25,non-GDPR
portugal/Decisions,b0498985f8eddb8edae8321c59bdbb3b,non-GDPR
portugal/Decisions,a15f3350ecae851e1cd126779fc2b94d,non-GDPR
portugal/Decisions,d4c25cc049334f3351cbe18df2c3f3d2,GDPR
portugal/Decisions,ccf377e6a0d2d371b0f330f46cb12bb7,non-GDPR
portugal/Decisions,5185c975835c48f883b94c8ba2c38181,non-GDPR
portugal/Decisions,26233765ead25bc9dbf674bca7b14256,non-GDPR
portugal/Decisions,5ec147c9290c8683dc38fe8cca31a6ac,non-GDPR
portugal/Decisions,c2a01d1e251d39caf777516130a98c41,non-GDPR
portugal/Decisions,82f100f3067ab4c573133cce6438f20b,non-GDPR
portugal/Decisions,d5d7305cffc268594fd1b7d436492ec3,non-GDPR
portugal/Decisions,b4f37aa95179bdac757ec89fe0adcfd4,needProcess
portugal/Decisions,dd367f5650fc84633e2faa3f061459d1,non-GDPR
portugal/Decisions,31c8f8fef6e19b6ad8517c301b9b1852,non-GDPR
portugal/Decisions,a0f76159a66234326412f3cb257d5772,non-GDPR
portugal/Decisions,74f4d079c03e18ad1103d6e31938a6b8,non-GDPR
portugal/Decisions,5a72cebbe27f29ab833ddbd765b37a48,non-GDPR
portugal/Decisions,fed61379d627e44c1bae588465ac2423,non-GDPR
portugal/Decisions,9c1d0cfad36d26c72ccbabb479d96c3f,non-GDPR
portugal/Decisions,a5f15da2ed65c7a3ee62e46f2d2b6d68,non-GDPR
portugal/Decisions,2060ec4889cc29d14f969388954b8bd9,non-GDPR
portugal/Decisions,889aa1d22d11f37897476c282b90317a,non-GDPR
portugal/Decisions,3ccf89e9de427d6050ca19a4a8f57f7b,non-GDPR
portugal/Decisions,ab528a11130e21846ae7e88fe06e775f,non-GDPR
portugal/Decisions,f9be34c73688825d76c89b3c3ccfc600,non-GDPR
portugal/Decisions,49d13562a2bba51a987d4ec81a8d97a3,non-GDPR
portugal/Decisions,c8822c9097311043dcee01e6ae17de00,non-GDPR
portugal/Decisions,963259ff0bc0ed73274f2ce90f021693,non-GDPR
portugal/Decisions,e1812fd5f4dff2309607deb0f084de2e,non-GDPR
portugal/Decisions,570ac186497120e5bdd3211661b827f0,non-GDPR
portugal/Decisions,8a799f4d374f174eee962d86a848a89f,non-GDPR
portugal/Decisions,a52ef8892594103fb98b4b8ef77fa472,non-GDPR
portugal/Decisions,c260ea56f44bc461380028376039044a,non-GDPR
portugal/Decisions,937580794c5256b421dae6ff1a80d68a,GDPR
portugal/Decisions,21e46680d7c827e5e8a5bf2f2c6302ff,non-GDPR
portugal/Decisions,5f03d4ec96488c68cb8d43ef77efd5ea,non-GDPR
portugal/Decisions,abde71c68c92bb4d84c4c06e8e84a5e2,non-GDPR
portugal/Decisions,2b54b4abbabee95ba413f334f2fae428,non-GDPR
portugal/Decisions,cc531a6dcb31d9df4370637dbdca7cc1,GDPR
portugal/Decisions,0aa7ad11cd4a4b2538de1aaba4605f0c,needProcess
portugal/Decisions,d5bbd06a29ba8ca9c6f992e1fbc0f6a5,non-GDPR
portugal/Decisions,8403cbfd0fba7995aeeb42b179940e39,non-GDPR
portugal/Decisions,08940394f642ba27e6c761e6a048f060,non-GDPR
portugal/Decisions,73164463f2cb598a35af51c0a109ab0d,non-GDPR
portugal/Decisions,a9cb6ba66bcf21087b9f88b80a8321f5,needProcess
portugal/Decisions,ba692dde481c383e6dd9f62349407609,non-GDPR
portugal/Decisions,ebdffcf8dbefef30899b471d1563aed2,non-GDPR
portugal/Decisions,d807300b86160c415e075bc4cd54efc7,non-GDPR
portugal/Decisions,fc53046b63dd356fc0a89e93c1ca21e9,non-GDPR
portugal/Decisions,cc84d47ee305b34a21d0c241345d0c0d,non-GDPR
portugal/Decisions,5cec7622563c63005e6b6960618dc938,non-GDPR
portugal/Decisions,c2fbb50e539641be7274cfd618d0eb52,non-GDPR
portugal/Decisions,1e863dc81e147bc9e81a06235f24574a,non-GDPR
portugal/Decisions,3a4b9709609dc0b2a6ba7556532ccd4a,non-GDPR
portugal/Decisions,ffdeb3efd71503deeae700cd75beb2ae,non-GDPR
portugal/Decisions,a03d8724bc5a910a0f2183e89d963e71,non-GDPR
portugal/Decisions,f685429535aba2fb31515f4ad7e88dbe,non-GDPR
portugal/Decisions,bd67b0f4016cba886df2271ca12b875e,non-GDPR
portugal/Decisions,823c733b578d70444b629298957ec3ec,non-GDPR
portugal/Decisions,2d606caff27da12f121afda31f898dfb,non-GDPR
portugal/Decisions,b948c2ff160675a80322c6ab4b00829c,non-GDPR
portugal/Decisions,86c401340bbc8372557b724c4f006148,non-GDPR
portugal/Decisions,63a54b60404395b6ec4dccc44d8d94a6,non-GDPR
portugal/Decisions,91880a47e14b56d2f5af6915b6740b9d,non-GDPR
portugal/Decisions,9cc361080e3cd2994dfc52ac3b9d7759,non-GDPR
portugal/Decisions,072cdbdbdbae4a0ad7444317358b5762,non-GDPR
portugal/Decisions,1796d72a805284268c3530bdbc169aa0,non-GDPR
portugal/Decisions,29b7ba962a3ae7562ee73d046106770d,non-GDPR
portugal/Decisions,d2901ab47225f965c4d864f9bbcb256a,non-GDPR
portugal/Decisions,0cb142518796b78d330d0287e5facae0,non-GDPR
portugal/Decisions,47e15fed5b0802ad4ea082811812e1f6,needProcess
portugal/Decisions,42af0cb4d06a84412ebf9b1ffd678101,non-GDPR
portugal/Decisions,7be75c0c7d7da32bc96610e3ae355e0e,non-GDPR
portugal/Decisions,310bae468c13844a73803791cb90c3c0,non-GDPR
portugal/Decisions,6000d602d3ba9971a6afd23a7dd8e2a5,non-GDPR
portugal/Decisions,9b7293f21778053b020f7405392384fc,GDPR
portugal/Decisions,37a181b51a63057048bfa48d72fae587,non-GDPR
portugal/Decisions,bb672dfbce45dda408c669c1b95d11e6,non-GDPR
portugal/Decisions,2e17e97eb9d3d14a501b95858519af3a,non-GDPR
portugal/Decisions,e22e9cb856c8bad2381d1e75164404ce,needProcess
portugal/Decisions,06c046372d9687ed615ab3f5577e8015,non-GDPR
portugal/Decisions,147d989d3120d4a82631793e3eb65168,non-GDPR
portugal/Decisions,ab162c2b2f46f34d8de16466f64eca3f,non-GDPR
portugal/Decisions,6bf5288ecf5667d59dcfc637942cbca4,non-GDPR
portugal/Decisions,45207f13a59ef651e6ef7956dfdc0ccd,non-GDPR
portugal/Decisions,8673b421e57697355b79ad20814fc616,non-GDPR
portugal/Decisions,2392de92ce40b0229a0c08a61343cc41,non-GDPR
portugal/Decisions,7561205415cb24b3df0580cbe6e25b32,non-GDPR
portugal/Decisions,24e3e4e2aafb49eb09ee0f48ddb039cd,non-GDPR
portugal/Decisions,6f29ca7f1609ab8e4d339e2912811640,non-GDPR
portugal/Decisions,7aafaeea826abb79b383a8d144731bbf,non-GDPR
portugal/Decisions,e790a894a4d538ab9a687643ba352503,non-GDPR
portugal/Decisions,fdd54db7b3ab548c80ac82663b622124,non-GDPR
portugal/Decisions,996b646cecddd9fe0a3a1c71033d3ab4,non-GDPR
portugal/Decisions,7ef678f158a35e0283b6f7b27524d74f,needProcess
portugal/Decisions,ce5fe89c3e903caaa7f3f5b0839f6fe5,non-GDPR
portugal/Decisions,4336a9d42e3f8050becaf5f4a97d139a,non-GDPR
portugal/Decisions,6a49051024c426d167a03408a65707f2,non-GDPR
portugal/Decisions,22920d0e5df37b7ea5bfc90b5392d6bc,non-GDPR
portugal/Decisions,54d94f55b6ae8f6b15bd85e3d010f14b,non-GDPR
portugal/Decisions,fe84160eff3559319a7639bfb7564646,non-GDPR
portugal/Decisions,573456d791ec7ea930c49c30e39c7c53,non-GDPR
portugal/Decisions,3277b4852d20a8bcd07e2a970e0345fc,non-GDPR
portugal/Decisions,c2bc478f7abb7ba0e4fba9664d51504e,non-GDPR
portugal/Decisions,1a615c169a680d6633e807dc62a0f93d,needProcess
portugal/Decisions,02695efb2e609c7bed848d1ab46f5dc6,needProcess
portugal/Decisions,64be542dacfde78ea029fe88191d4d82,non-GDPR
portugal/Decisions,bdbc8a93e92f7e663a79824e9c94bafc,non-GDPR
portugal/Decisions,309cb97fb6582fbd1dd73a7f1b69b342,non-GDPR
portugal/Decisions,2e58637eb2147e2628662227ce72b086,needProcess
portugal/Decisions,718953ee74b495fdf42fad8902d268f8,non-GDPR
portugal/Decisions,647e4db751da475d11607fc101dcb93a,non-GDPR
portugal/Decisions,4718b593e47be9f1c35c92191f876826,needProcess
portugal/Decisions,5680b3dcc20633779796ead32b4b1f22,non-GDPR
portugal/Decisions,abe0d25f7cde6f1db2a32e14f6d6bda3,non-GDPR
portugal/Decisions,d5cda4394ebd20f8fe3668b4681e8299,needProcess
portugal/Decisions,055dcb982adfeff82dadbb6b55d61c93,non-GDPR
portugal/Decisions,006d4ff5d410b10037641b4f4255c25a,non-GDPR
portugal/Decisions,a9031818ccb32aa1a3c4a8e8254fc888,non-GDPR
portugal/Decisions,a9c057e9d58ea26e0e60616ea1723a56,non-GDPR
portugal/Decisions,05a5823458d8cec33f5bbaf756e33b86,non-GDPR
portugal/Decisions,fe9ae11dbe73a12a9a11a6105563fcfc,needProcess
portugal/Decisions,52bfdb8d75e261b7984984e0f04b510a,non-GDPR
portugal/Decisions,9984e157d9670a24f44de492a393d47b,needProcess
portugal/Decisions,74f6c1b3a0599acf3a013ff64a132e09,non-GDPR
portugal/Decisions,afde7312a70f8aa5050d7f2a5c66e947,needProcess
portugal/Decisions,99484ed062911ce5cd174a3986bc14cc,needProcess
portugal/Decisions,17a3fbec7a792a8e62482e61bc6dcca4,non-GDPR
portugal/Decisions,1b5e51114357eeaa8868e72f77b0ba78,non-GDPR
portugal/Decisions,254e0f2a2ddd57f0acd5f6a50d6c7853,non-GDPR
portugal/Decisions,8dce82ec93e4d7143b31bea3537ff51a,non-GDPR
portugal/Decisions,bd62b14a0c628cbfc37a29b628d96450,non-GDPR
portugal/Decisions,16a56d7fef59528c70a0fadb9b933b53,non-GDPR
portugal/Decisions,caf42ad86ece7ce8485b6b4484ae4793,non-GDPR
portugal/Decisions,841fd8c675ebf9c727c3401e6b789549,non-GDPR
portugal/Decisions,96f403a4b8ed243868bbf565ed50f9cb,non-GDPR
portugal/Decisions,538fb4d640c67168724ad887dc99e000,non-GDPR
portugal/Decisions,12073a8d4e88c8dbb105874df063d763,non-GDPR
portugal/Decisions,a9a537fe920c60f151c39de8d721069b,non-GDPR
portugal/Decisions,d87c50f3da536146a6be4b0b63739606,non-GDPR
portugal/Decisions,3fa8fc91f2b226077454cb3a8c44a401,non-GDPR
portugal/Decisions,302071f8faf9cd1e518f7dbef25153c6,non-GDPR
portugal/Decisions,912b7da1eeec5fc10816d1a1f28f988c,non-GDPR
portugal/Decisions,e12b0037498d298fef9aa876f38cde89,non-GDPR
portugal/Decisions,6e83777dd25dcc80becfbfbbeac51c82,non-GDPR
portugal/Decisions,5d84c6f739f230f502db1bd3c9fa68c6,non-GDPR
portugal/Decisions,05f72d7d6e036f85df448d3153334c63,GDPR
portugal/Decisions,cf65832ac40fb71ebfe65c05d68dcfde,non-GDPR
portugal/Decisions,9b802243ee03489173e3e5ce64cc74dd,non-GDPR
portugal/Decisions,2935a5e89f4dffb73c915fb129d39192,non-GDPR
portugal/Decisions,3b4f17c040bf8c8c1f0e18151215387c,non-GDPR
portugal/Decisions,16bca85b89a86bf5906a19ea708c9a7a,non-GDPR
portugal/Decisions,02bf42b5807f73c5886301642a8baa74,non-GDPR
portugal/Decisions,38b7afe771dd3a9c90a9afeb2611589d,non-GDPR
portugal/Decisions,e22761f56e0b7dba6b7a601ff322746a,non-GDPR
portugal/Decisions,60b421691900aee50b2ac50339a6f768,non-GDPR
portugal/Decisions,8cac06dbc234cb06f9dc88d3fd2a6018,non-GDPR
portugal/Decisions,69bded48490efb61850ed0d2cae67317,non-GDPR
portugal/Decisions,f46e042704e2df4f0dad8575f2181681,non-GDPR
portugal/Decisions,e8b6686c615f82a90f5cc4600785001a,non-GDPR
portugal/Decisions,7e92a0e9affcffef3fcc863f2b895f49,non-GDPR
portugal/Decisions,ca534d9d082caeda775482833c133224,non-GDPR
portugal/Decisions,3fde7d656de9ce3ff96033dd1b2defbc,non-GDPR
portugal/Decisions,68a2fb1edc728f85a6a55fead4e7527c,non-GDPR
portugal/Decisions,64ad919f90aab40685ef7cd79c335bea,non-GDPR
portugal/Decisions,56326b483675c9991498e457385e8813,non-GDPR
portugal/Decisions,09fabc2f528f8d4cd7d10086abcbf64e,non-GDPR
portugal/Decisions,f77490766d2f04e3b66c9557041bccaa,non-GDPR
portugal/Decisions,483c58bcd9078ec327d48338b16392f1,non-GDPR
portugal/Decisions,fe92945c699436fd8b2093ff8b17a752,non-GDPR
portugal/Decisions,a0ebc67d995fc63870f6275ffec1446b,non-GDPR
portugal/Decisions,2533539780b9ffd8b2e9f2f9f7f39472,non-GDPR
portugal/Decisions,e0d50353e4e3f7c955dbb799ae692d1e,needProcess
portugal/Decisions,db54228a528e100c9d51b964efed3ed2,non-GDPR
portugal/Decisions,4c7c84363d050588dcd774ee2bebbca4,non-GDPR
portugal/Decisions,a46a46075974c79924394d76989ef27f,needProcess
portugal/Decisions,7736e393cfdab945817a7a146a98a477,non-GDPR
portugal/Decisions,4a0f9a34fc9cece04af515316c1e6d68,non-GDPR
portugal/Decisions,654fd7e590c307bf685cd4699d73dccb,non-GDPR
portugal/Decisions,7a5a45cdbf00354e67c34aa079a5ad12,non-GDPR
portugal/Decisions,dd4ee3835872c8752b2bcfa1552fc227,non-GDPR
portugal/Decisions,2f51f1c898f855d32a818655872d2231,non-GDPR
portugal/Decisions,2a10bde0a000317c759cd272cef4b6f1,needProcess
portugal/Decisions,bb9e247a171e18f7c24e1dc67b59d1fb,non-GDPR
portugal/Decisions,3a0d71747e4a58b0d1d1b9da3824b456,needProcess
portugal/Decisions,0af5225edba40e5dfa9ff6bf4e701885,non-GDPR
portugal/Decisions,888cee5886729b57327bbaac91a7659d,non-GDPR
portugal/Decisions,a4bcec21e19f2fac5da75dd9c4ca1152,non-GDPR
portugal/Decisions,fcba4e53954abcc165cea6d15eb03fd3,non-GDPR
portugal/Decisions,208817ef100107719f83e6ce1536598a,non-GDPR
portugal/Decisions,ab3aee8d4d0620b8163223f3529b4f02,non-GDPR
portugal/Decisions,d31976c696b547d88773951eecf3e753,needProcess
portugal/Decisions,e116cdb1860b6e729202c82789d0df2e,needProcess
portugal/Decisions,f581d5c7503e6daa4c8a300c9e2af99d,non-GDPR
portugal/Decisions,6406ac8ff8697b2ac380943e973cbd16,non-GDPR
portugal/Decisions,8cfc2c9179e5013d63c77369ddb6eb33,non-GDPR
portugal/Decisions,41d81ef32ffa9c4921efb6c5e93e47dc,non-GDPR
portugal/Decisions,9ff2a2a10e72d12a64656474a631fa1a,non-GDPR
portugal/Decisions,f17e1fb4291a3050fffcb0e44f6242bc,non-GDPR
portugal/Decisions,f8e01e7df38761834af79c49eb32296b,non-GDPR
portugal/Decisions,78dcb14fd7cb2edf7ac4dfdd8ec27d1b,non-GDPR
portugal/Decisions,a34629bf55d96b364924c3d7ee3ec033,non-GDPR
portugal/Decisions,648c14a2afed830c32ed55a3bd42d574,non-GDPR
portugal/Decisions,b1b90a89b62676d1dee4166461358d6c,non-GDPR
portugal/Decisions,d15998808009e6824e1340c9221e81c8,needProcess
portugal/Decisions,63ec2668b8d38e6ff014c647a3918e57,non-GDPR
portugal/Decisions,8070b569d74229671ddc411d65a034ce,non-GDPR
portugal/Decisions,115df84884bffd2dd0d855c78d090894,non-GDPR
portugal/Decisions,d8a5151390c0f0efbabe0f713f6fec6d,non-GDPR
portugal/Decisions,dff5c0085c88b2728b2c79efcc790271,needProcess
portugal/Decisions,74e0953c20070fb45c8cf3cef013064b,needProcess
portugal/Decisions,23a54909d8044851614b97202d1611a8,needProcess
portugal/Decisions,c9fd8dbc9f1af8132f63bbf34cf90048,needProcess
portugal/Decisions,e9cb1ff1f4c75cb966f1c75043c47dea,non-GDPR
portugal/Decisions,98fc45a6d218d17b6db25bfbfd7cb053,non-GDPR
portugal/Decisions,bb3a49d86e7a81ccf5f4e2b613ac308f,non-GDPR
portugal/Decisions,d1c3b50e6d5c5a161bb8a4a509d7c899,non-GDPR
portugal/Decisions,858698d9d0ba19fe66a9f066430addd2,GDPR
portugal/Decisions,5607faa87045a326f50c5f60f12bb89e,non-GDPR
portugal/Decisions,5e156f585bfde518ef548268222edf96,non-GDPR
portugal/Decisions,baccfe642fa73c1e2b8533c19008a978,non-GDPR
portugal/Decisions,79c3c6f06d9ac5a5c237c289e3b8d9e4,non-GDPR
portugal/Decisions,1a9b968b1d396e2bd3b2fc061dfba17c,non-GDPR
portugal/Decisions,3287b7380b7f8585d973a030a845c1a4,non-GDPR
portugal/Decisions,8fe4a145b5e78690dec399cf4422017d,non-GDPR
portugal/Decisions,aaaeb3ce0c89ecc24803035cf72f72e5,non-GDPR
portugal/Decisions,050316084e0ba3e83161089fc34656b2,non-GDPR
portugal/Decisions,68563f7b44e239a4e9ccbc405be9bcdf,non-GDPR
portugal/Decisions,71c5215b5551a7bc751a3e9becfd9cab,non-GDPR
portugal/Decisions,2a8bd133fc5cbac9d8f141dfc58b523c,non-GDPR
portugal/Decisions,2214813d5ba204d179555026d209a255,non-GDPR
portugal/Decisions,c3160004562a44d08199a0df4ae11edb,non-GDPR
portugal/Decisions,6c6a4b2f8eb89e50532f79dac0180476,needProcess
portugal/Decisions,a51a3a961ae415cb2190eb4beaca9b71,non-GDPR
portugal/Decisions,bee409c3e9565cbc34665f1bd782308e,non-GDPR
portugal/Decisions,7ec6a9e45970e8f701ce80063f1b704d,non-GDPR
portugal/Decisions,ab4a9093702ee47794b9c7aacb37c852,needProcess
portugal/Decisions,916cdc967f0bf6cc9973ef0e680b7a38,non-GDPR
portugal/Decisions,af888a8d31e6b0582cfb960b83d8ed49,non-GDPR
portugal/Decisions,2c910e4aa970462a4aedcb51a954860f,non-GDPR
portugal/Decisions,1bccab62cb78fdd59f926b4fc7d88dca,non-GDPR
portugal/Decisions,02043b088ca8f62bdc44629533a2fe2a,needProcess
portugal/Decisions,da9391a1a106db6d1386bd37b8e9ba14,non-GDPR
portugal/Decisions,e42b9b0b6cd6950b635f8e85b4a43a46,non-GDPR
portugal/Decisions,de9af2d7565af9fa7cf640a5cb9dc7b7,needProcess
portugal/Decisions,12ed18204caade21ad2dca2679e40abc,non-GDPR
portugal/Decisions,0771cedcd25e253e0b5d25e293a8752f,needProcess
portugal/Decisions,17017a353c9cb4e5dba345a42a12d44c,non-GDPR
portugal/Decisions,31125c14cb034945707a7c70c6295408,non-GDPR
portugal/Decisions,d65e954ca6256f857ac348d19fa56813,non-GDPR
portugal/Decisions,6f1dda1ac941c904ada8ca0c34266e5c,non-GDPR
portugal/Decisions,b1349f50a888f021c9de22b78ab8a9b8,needProcess
portugal/Decisions,e3ad117fcfb004a5ddd0ed4b3b72e5e4,non-GDPR
portugal/Decisions,e25cfca00e7504432d33f43ab545b67e,non-GDPR
portugal/Decisions,d8dd68953f1443d79e6e94bed1ec86e7,non-GDPR
portugal/Decisions,54464244b46a38ea971633354cd40c09,non-GDPR
portugal/Decisions,244cb3d996503582b39cfe2b341f0e77,non-GDPR
portugal/Decisions,ffca084e60c89ef1a49379cb162ad0d0,non-GDPR
portugal/Decisions,2bfc531d5f1c47e74ae800c020af02be,non-GDPR
portugal/Decisions,8b59f258ba8a150ede60d6fb1f4b3a71,non-GDPR
portugal/Decisions,e9c4bbbc12c35be4f35dfd0c1c684ab0,non-GDPR
portugal/Decisions,f552ef5e6a94403f303bcfe5fa318c37,non-GDPR
portugal/Decisions,030e0430d068f1fff12d79ee020efd07,non-GDPR
portugal/Decisions,195d4fbb8d6df639cac22a5aa42a6e9e,non-GDPR
portugal/Decisions,aa8b950b07564bd7b3f0fc8184540ee5,non-GDPR
portugal/Decisions,ae39aae6420c5c51aa1fec101bb851c0,non-GDPR
portugal/Decisions,fee2acca90d966294ef6c37eaf91bc81,non-GDPR
portugal/Decisions,0dd995db54df8888f311f5474b2dbde5,non-GDPR
portugal/Decisions,e8beb0dff74f6fc3f4f7c3ce2d08fde7,non-GDPR
portugal/Decisions,dcd602b907bd7fbe473fb92366ff4af4,non-GDPR
portugal/Decisions,4f36a967d77da3bc087eee6b8a435502,non-GDPR
portugal/Decisions,4cfd3f74ec88ef1d6ec732bdb664e9f7,non-GDPR
portugal/Decisions,be9ef5bfd736d0539f70e86af8f51bea,non-GDPR
portugal/Decisions,d373c004e14c9f36bd960579800bfbc2,non-GDPR
portugal/Decisions,2f99c5d47e2c6ba739c5ee7ed863d5b1,non-GDPR
portugal/Decisions,2c207393315bce3146f5e53c47d60776,non-GDPR
portugal/Decisions,24ec3cffbf313313e86631a56dcef372,non-GDPR
portugal/Decisions,34ce7325ed104f80a1a6842e47eee554,non-GDPR
portugal/Decisions,4963f115a67a7eeff821139b6891102c,non-GDPR
portugal/Decisions,4cb92e2b523d40c016a4b33933c0e08f,non-GDPR
portugal/Decisions,a6fe2c3c06cffc6636e719f15b5dfde3,non-GDPR
portugal/Decisions,05fde3bc8305204b5ba0dd719d549d9b,non-GDPR
portugal/Decisions,6b861bb22849e2298679425500842754,non-GDPR
portugal/Decisions,1ca33a9dc5dd92ae5dd1dbb28292e8d9,non-GDPR
portugal/Decisions,3f0982c963f6667d224a2298a4c0e685,needProcess
portugal/Decisions,fcc75128d082767a578d09c66c182a1d,non-GDPR
portugal/Decisions,76a90843fcc1f00ff1ff788af6f03d18,non-GDPR
portugal/Decisions,33dde2bff7b98eb9410376a291999794,non-GDPR
portugal/Decisions,9918e0ee8868afa254cf6a2c826910fe,non-GDPR
portugal/Decisions,6e7296aed7075e80c516c2fc25459089,non-GDPR
portugal/Decisions,42a17627196d8f8bbd3d7a9b6fb4d718,non-GDPR
portugal/Decisions,343175d4bcd9a4d1bdf33cdffc87b3f1,non-GDPR
portugal/Decisions,5e9c9871657629c017f8ecda0b25348d,non-GDPR
portugal/Decisions,17b60902e291f692387881d87fac620a,non-GDPR
portugal/Decisions,dfcd2c7ae410c75ce3d1bb22eb5fdaf2,non-GDPR
portugal/Decisions,3eedfb08bfdaec9c905d900620f7812a,non-GDPR
portugal/Decisions,6e2a0bd5084500aca931c9ba59dc06db,non-GDPR
portugal/Decisions,b0d7366aa3a95100ef8223dc3a54fbe7,non-GDPR
portugal/Decisions,55a57fd4c4ca5a9c50a549c4f14c494c,non-GDPR
portugal/Decisions,8262e6d16e94cf7f9776cc119e7fd413,needProcess
portugal/Decisions,1ff4cf3efe33d6f953b17a1e6ba576ab,non-GDPR
portugal/Decisions,432433fd4b90d61e79959e9513a29d0e,non-GDPR
portugal/Decisions,43317c6ec8fa806bb93bdef99bb22dd8,non-GDPR
portugal/Decisions,7d5e5ff13451c02e26f04fc55f6ba2e0,non-GDPR
portugal/Decisions,9ad7879c3ce240f065802627ae0bad97,non-GDPR
portugal/Decisions,86a058cf950af01b607b8993887856c9,non-GDPR
portugal/Decisions,66075d82809d00f5682fa82be023d341,non-GDPR
portugal/Decisions,edde490f1c86acbda9a8cc5acad12086,non-GDPR
portugal/Decisions,5a21334043ece2219171729a6ce63794,non-GDPR
portugal/Decisions,e4753eda38272236314daa894fbe8e1b,non-GDPR
portugal/Decisions,082c9fde0a0a82584fda8a6860c24ed6,non-GDPR
portugal/Decisions,f34f63e215f7442b48e5106d8e29d887,non-GDPR
portugal/Decisions,c99765002795d00738686d5942473ac6,non-GDPR
portugal/Decisions,e2de725cf6921c2a864273cc70f7e4e5,non-GDPR
portugal/Decisions,0dd06f13298756172f1df2373b721209,non-GDPR
portugal/Decisions,e57ce275e361a8194320606e6568d9d7,non-GDPR
portugal/Decisions,f4e4f6dc797c1b578a941daab8f52540,non-GDPR
portugal/Decisions,9210861d9377873275d49cc82af73d36,non-GDPR
portugal/Decisions,ce15b50abe44b16ddba8fd5edf327fcc,non-GDPR
portugal/Decisions,3bc39060176f5c323cca0dfd81119297,non-GDPR
portugal/Decisions,1968d827a94d0ab8386ec5058bd30a99,non-GDPR
portugal/Decisions,09ab6df114bfc3b964a18bf1e1dcef42,non-GDPR
portugal/Decisions,4823e4d0f9b7ad13eb4ab9134cfd0bb0,non-GDPR
portugal/Decisions,75d545af0c907427524a3cc7da437a52,non-GDPR
portugal/Decisions,2821e88e0e412440d591b9092ee7667f,non-GDPR
portugal/Decisions,c32b48a3ae3d95d8a6fac9da252d5037,non-GDPR
portugal/Decisions,bf1493eb338f92df05897ab0514449d0,non-GDPR
portugal/Decisions,4b542eb42c22bc67abc3bc7d9f0858f3,non-GDPR
portugal/Decisions,9cba16e7caa8c3dcd88798a21085a404,non-GDPR
portugal/Decisions,e5a888d689e5fcc4d35d9587dd67669d,non-GDPR
portugal/Decisions,4f4553b1db2805734fbe96f283151888,non-GDPR
portugal/Decisions,21e93166f16044148074eeb3903e35c9,non-GDPR
portugal/Decisions,9e6fbb1f8e1c43cfd53b8dadd6bc3ae7,non-GDPR
portugal/Decisions,c0c9e2cfdd5ca527058e133d72a49245,non-GDPR
portugal/Decisions,12bafffd3493040993121ac4340e98a9,non-GDPR
portugal/Decisions,623ba48489e65bb7600864e668f9cdf2,needProcess
portugal/Decisions,1978f1cc59b506261fd57bcb99aadffa,non-GDPR
portugal/Decisions,250e0763d20dbfdd7d664bd5648bcc38,non-GDPR
portugal/Decisions,325616374e4538657e73e464a9fdfc69,GDPR
portugal/Decisions,2901afe533073725959c5702439752e4,non-GDPR
portugal/Decisions,cde016654c2e5fe024fa422b58997aa9,non-GDPR
portugal/Decisions,9cf08632cb5567d60237a5a511d2def0,non-GDPR
portugal/Decisions,4a9d270585ab56046a2068481777fea7,non-GDPR
portugal/Decisions,bf912781fd56a6187839c32da1fd822a,non-GDPR
portugal/Decisions,852c43bb381e3894c9d66435cc016d6d,non-GDPR
portugal/Decisions,705dc104deedbcdd05ebdf0788657385,non-GDPR
portugal/Decisions,49e0b31f9bef6e98b63273045c9d8208,non-GDPR
portugal/Decisions,666174be4af1eac5376fb9c2de87dc3b,non-GDPR
portugal/Decisions,bd6d704f4a4d9165c34321376985c72d,non-GDPR
portugal/Decisions,d94a1300443379ce8142560eaad7a9da,non-GDPR
portugal/Decisions,c3bb0a128639288d9a6053443dd2e5f1,non-GDPR
portugal/Decisions,d3f54be5b37c1ab2b97c78b2a2ecbd5e,non-GDPR
portugal/Decisions,5c1f7a72b6fe104745029e6cba07f0e2,non-GDPR
portugal/Decisions,bc05fb9fe05867a07f47e9b77282a2ca,non-GDPR
portugal/Decisions,5c13a4c24a103350247f5892b958dd9b,non-GDPR
portugal/Decisions,e78d187218e5b7bf48f08b9667ae5e3f,non-GDPR
portugal/Decisions,4a816b7460656e71988e01103a3ed7e5,non-GDPR
portugal/Decisions,9b627bab9ca4a7aed597f8d4a9cbd0a6,non-GDPR
portugal/Decisions,01e61ab7fc4dab86d05b2d008eec4221,needProcess
portugal/Decisions,b5873be980a13d91704a94c34bccf7d0,non-GDPR
portugal/Decisions,4fd7f9ab2dc6e06ce8d7bef5ae1ff423,non-GDPR
portugal/Decisions,a9aca7d4595cbc6d04ee8d9b2b047a93,non-GDPR
portugal/Decisions,20fd261eccd2db0df346584127d96608,non-GDPR
portugal/Decisions,fabd800e32f2c3ded089adae9fcf23d5,non-GDPR
portugal/Decisions,ca6eafb9e69cf01f2ac8d3d90072714f,non-GDPR
portugal/Decisions,1582b6e1199f5ab2e1b522668c03d83b,non-GDPR
portugal/Decisions,f2118e17600a9f937a86bf686d574814,non-GDPR
portugal/Decisions,0cdd7cac0b20ba61dcad5321ba45b8ce,non-GDPR
portugal/Decisions,b890c411053fbc3c3adeeeac95152be2,non-GDPR
portugal/Decisions,7720d58266c8c12a1f69f0dbdbe19113,non-GDPR
portugal/Decisions,2734d443be377e79ef2d649f7a6b9eb8,non-GDPR
portugal/Decisions,aa10b506287996e19c33343cd0473d1c,non-GDPR
portugal/Decisions,931552af22adab646285c3a135bba189,needProcess
portugal/Decisions,e484357a541c0087d0afbf28e76022dc,non-GDPR
portugal/Decisions,9f03117cb01b41ab2c93d6ff8d829953,non-GDPR
portugal/Decisions,6a53947a1336f43de501915342b7d29e,non-GDPR
portugal/Decisions,25f0711875cc8513f6f136034f5b1060,non-GDPR
portugal/Decisions,dcaf7181cef892a8ead9a0767057f3c7,non-GDPR
portugal/Decisions,bac73e0d3f174c32a482ee4550b9359c,non-GDPR
portugal/Decisions,dcd55270a079f6b192cde2b2f99cee9e,non-GDPR
portugal/Decisions,ce6e9af620c32922ded94685fc225589,non-GDPR
portugal/Decisions,da374f3ddf9081b98ce22f66ec428ce6,non-GDPR
portugal/Decisions,8e4e3b37fcc3a924b7521b09e28927ff,non-GDPR
portugal/Decisions,76fea4c6440e8dddc97e4270f7ebcc0d,non-GDPR
portugal/Decisions,a48c25139fa18ed676103b60c8ca9923,non-GDPR
portugal/Decisions,eb5f45d620c7151e98f16ee89ac4ccec,non-GDPR
portugal/Decisions,467794fbf3f613969929dd76588016f8,non-GDPR
portugal/Decisions,40a5ecc8653c757f88942c1d581a60a5,non-GDPR
portugal/Decisions,1ccbe16ac2170577801c2ce6d7f87603,non-GDPR
portugal/Decisions,340adb406e4e48dac2f0455aac64b288,non-GDPR
portugal/Decisions,e4faea0f920bffb546a55f0b1fe9ba08,needProcess
portugal/Decisions,c271861f3ce202c798ebc3fc44e4422c,non-GDPR
portugal/Decisions,213de3010af4df1b7da9b5b8fc2b98d8,non-GDPR
portugal/Decisions,a2bc4dd2b80f267af5d93c319998da62,non-GDPR
portugal/Decisions,829bc22e27f38e1e503ca7374a51af76,GDPR
portugal/Decisions,67ca4d7def17ab47133d28c9beb05509,non-GDPR
portugal/Decisions,184c6699ec28d3fbbb80c776c8373756,non-GDPR
portugal/Decisions,18455f975ce1303b700481ea1ce2da66,non-GDPR
portugal/Decisions,34b801e682e3b304500bb1ac9a1b70fa,GDPR
portugal/Decisions,fc7725a0c4146f72304b4b21da9f91a3,non-GDPR
portugal/Decisions,474b64509b31c1c88f7ce02a7357ee89,non-GDPR
portugal/Decisions,c0ccfbca412b72cd548c89dc913d07ef,non-GDPR
portugal/Decisions,3a7ed402525f21c36b522d25ef2d12e5,non-GDPR
portugal/Decisions,7279a36b1bf9be0d056374630848dbe3,non-GDPR
portugal/Decisions,a394dcda9c99f4c9746fd40a00d4170f,non-GDPR
portugal/Decisions,61f8ec23744b69eadeb063e541407263,non-GDPR
portugal/Decisions,c6fad2760fff93ae9b4144e444ee88bd,non-GDPR
portugal/Decisions,8628dbc85970d9bab59be0d42a1e2a67,non-GDPR
portugal/Decisions,a74059ecf93fc1b0b007d8b6c6f11651,non-GDPR
portugal/Decisions,9d45741d170dbfc1ae979d9b8a343f10,non-GDPR
portugal/Decisions,1729dfc12f396b5b9a2882a2e1d861ff,needProcess
portugal/Decisions,ef43ba8e79bf8226e54b733deee21207,non-GDPR
portugal/Decisions,5e4c573c68b4a2df96578b443b2daa66,non-GDPR
portugal/Decisions,4c7ec323e00bd99607adbd3fa206cc83,non-GDPR
portugal/Decisions,02555c3dcc934ac34406c15a04935750,non-GDPR
portugal/Decisions,3b1c17ec4d4a5efbd9c37869c96b50fe,needProcess
portugal/Decisions,1cb5ab30bbecae673c39c1322fc5f946,needProcess
portugal/Decisions,28dd024f081b9796a38dabe53c7646cc,non-GDPR
portugal/Decisions,8d7435d750ed4e804e84d5350adda448,non-GDPR
portugal/Decisions,74fa0f642fc73a9986ac9402b58425ea,non-GDPR
portugal/Decisions,0d790022274c2cf60ad99e92f3728383,non-GDPR
portugal/Decisions,d1b91db72447518f72e38d7c402d81cd,non-GDPR
portugal/Decisions,1cd79f863e754ff5e5f0df44569b82d8,non-GDPR
portugal/Decisions,c8635a2b146811906cc41262c46b095b,non-GDPR
portugal/Decisions,cb181c0e7ac2033ef6755a071a88ecd8,non-GDPR
portugal/Decisions,d7c15703df9e1b0dd82279d27510f191,non-GDPR
portugal/Decisions,d5b6e759ed11a4fe138a142d86438639,non-GDPR
portugal/Decisions,e405ebe917e298bc897e43d9e6ced541,non-GDPR
portugal/Decisions,4be0f4520079c7c0dfd5470edb1a7d69,non-GDPR
portugal/Decisions,1026ea665959a305cc5dadff27e2648b,non-GDPR
portugal/Decisions,b2b63e0889bb71b38ba161cc7fa79d97,needProcess
portugal/Decisions,ffb1aaff8fc89969b25a67836644996d,needProcess
portugal/Decisions,c4dfdaffe2cf4ffba8b0c380524b5a80,non-GDPR
portugal/Decisions,8c2c84e388ddaae8369354138f01ab07,non-GDPR
portugal/Decisions,f83132f939a81fed5cd6579a7ae433b1,non-GDPR
portugal/Decisions,ef1f054a08c0f4290297c7e28730d051,non-GDPR
portugal/Decisions,53cac05b03b404a124a10e02a7796001,non-GDPR
portugal/Decisions,c7e5a1521aba2fa47d1e6c46979571d3,needProcess
portugal/Decisions,608f302ab7b8eeac1efbe1df2b5670ee,non-GDPR
portugal/Decisions,265149f54475ebf195ee7bb8f7b382c6,non-GDPR
portugal/Decisions,f0b5b96ae7e4c558c47a5898f769854a,non-GDPR
portugal/Decisions,6c2deb0b2da872c9ef94bb726bbf311b,non-GDPR
portugal/Decisions,b299dbae3bd6a617e5ce8864eb37c186,non-GDPR
portugal/Decisions,906835515b3682d559cd5904ec9c0430,non-GDPR
portugal/Decisions,74b7dec26151a79763bf6bcc571d7675,needProcess
portugal/Decisions,6f4fb42bb89f1c25ccd57597b3703ec5,needProcess
portugal/Decisions,7b3dc021424de261ad81ca2f6c8c9659,non-GDPR
portugal/Decisions,2614fcd151378ac682b694a21f676f0a,non-GDPR
portugal/Decisions,3c3e5f6d022c0f663726d580bd26135b,non-GDPR
portugal/Decisions,1900e263f950b769d069c215155df722,non-GDPR
portugal/Decisions,add5ee27b6991ededa06d6f3b04148e8,non-GDPR
portugal/Decisions,3722728aa57491ddd53a788ccaa393b0,non-GDPR
portugal/Decisions,6c24fda577204518ddcfc6cb729f6c06,non-GDPR
portugal/Decisions,e76789ec89dd47800649fae60aa85d8a,non-GDPR
portugal/Decisions,1411c1a1d24dd5e54637f10a68b13876,non-GDPR
portugal/Decisions,d9b59fe4556f31aad50e08378089fb26,non-GDPR
portugal/Decisions,a4709ad0b62ac920416052c8adae9fdb,non-GDPR
portugal/Decisions,fb2fec212883817715d59bf91dca5def,non-GDPR
portugal/Decisions,0e02bef2d2d2471b3daad1c928d0995c,non-GDPR
portugal/Decisions,ee82290577e58b719576753c4f288e0d,non-GDPR
portugal/Decisions,220b6870a41da9b867da400f3adfa4b7,non-GDPR
portugal/Decisions,1cf321f1797d27a38879209daa37993b,non-GDPR
portugal/Decisions,41aa8b13d6fab8cc87801d99fff6315f,non-GDPR
portugal/Decisions,66df787717d4b306a6634ecf5794cdbf,non-GDPR
portugal/Decisions,24fad0152bc4e5c91ca498131efe1086,non-GDPR
portugal/Decisions,5c982ce3181f67d19d52f0af840c7d87,non-GDPR
portugal/Decisions,36c2bd9f3680179b76f9a595e05176f6,needProcess
romania/Decisions & Reports,720e435321a1d96693831b83a113d8cf-6,GDPR
romania/Decisions & Reports,fbc4cb9aab63fd23c4ba909caba5c183-18_01_2022,non-GDPR
romania/Decisions & Reports,379ce4503e7bfd9dadde351ce4e0de0c,non-GDPR
romania/Decisions & Reports,e30ebef0981590b94d4caa2e92f10ba0-10_03_2022,non-GDPR
romania/Decisions & Reports,5c2ae86a64fb4283710059f899d7ca12-25_07_2022,non-GDPR
romania/Decisions & Reports,720e435321a1d96693831b83a113d8cf-1,GDPR
romania/Decisions & Reports,5e99622c4489f35aba998176314a8eaa,non-GDPR
romania/Decisions & Reports,a56aca1e702ca532e276e0c9e380dafe-21_03_2025,needProcess
romania/Decisions & Reports,720e435321a1d96693831b83a113d8cf-8,GDPR
romania/Decisions & Reports,a3e30fe54d9ea9cde05a0a8994473a59,non-GDPR
romania/Decisions & Reports,c825db618eb938e60d3c1a46b5692225,non-GDPR
romania/Decisions & Reports,7d5ec4644d2eae37e3cde86c310a38ae-01_02_2022,non-GDPR
romania/Decisions & Reports,e057012b47d37cad60c261d6b3101bb2,non-GDPR
romania/Decisions & Reports,60023ab01ed5eb4aa2afe07053b38921-9,GDPR
romania/Decisions & Reports,c0df3fbd8bd42ff1dfdcb32428073d92-18_10_2022,GDPR
romania/Decisions & Reports,69f954c50b1872c30bd7a682e73be137-15_01_2024,needProcess
romania/Decisions & Reports,c825db618eb938e60d3c1a46b5692225-04_10_2021,non-GDPR
romania/Decisions & Reports,acc7a102227ca6759b64a0e214222e7b,GDPR
romania/Decisions & Reports,a56aca1e702ca532e276e0c9e380dafe-20_02_2025,needProcess
romania/Decisions & Reports,d7e21c977a686f4428a98ebae84d7567,non-GDPR
romania/Decisions & Reports,60023ab01ed5eb4aa2afe07053b38921-7,GDPR
romania/Decisions & Reports,38272d72c66e1719212be21ddce90bf7-08_09_2023,needProcess
romania/Decisions & Reports,a56aca1e702ca532e276e0c9e380dafe-06_02_2025,needProcess
romania/Decisions & Reports,720e435321a1d96693831b83a113d8cf-9,GDPR
romania/Decisions & Reports,3fa904d1aa20ce2a296a672f0166da1b,GDPR
romania/Decisions & Reports,6db114c833e27850cd3c333be9052eb4-23_09_2024,needProcess
romania/Decisions & Reports,a56aca1e702ca532e276e0c9e380dafe-28_03_2022,non-GDPR
romania/Decisions & Reports,720e435321a1d96693831b83a113d8cf-7,GDPR
romania/Decisions & Reports,a56aca1e702ca532e276e0c9e380dafe-15_04_2025,needProcess
romania/Decisions & Reports,4f26eb30243eb2617ca8ec880a58fed3,non-GDPR
romania/Decisions & Reports,14b9fe365b131c319c02c84599e873d4,non-GDPR
romania/Decisions & Reports,a56aca1e702ca532e276e0c9e380dafe-13_01_2025,needProcess
romania/Decisions & Reports,c2d696c69c477a3cdb3b1ad98c85faa8-1,non-GDPR
romania/Decisions & Reports,60023ab01ed5eb4aa2afe07053b38921-6,GDPR
romania/Decisions & Reports,a56aca1e702ca532e276e0c9e380dafe-23_12_2024,needProcess
romania/Decisions & Reports,32bb5005b2e64aebb2c55613c3817f40-18_04_2024,needProcess
romania/Decisions & Reports,4e6ac934723f78f533f9ce6b77c1fbbe-1,non-GDPR
romania/Decisions & Reports,720e435321a1d96693831b83a113d8cf-27_03_2023,GDPR
romania/Decisions & Reports,a56aca1e702ca532e276e0c9e380dafe-14_05_2025,needProcess
romania/Decisions & Reports,60023ab01ed5eb4aa2afe07053b38921-1,GDPR
romania/Decisions & Reports,0d2a7e0629c45e6b8a2fb41a6745675b,non-GDPR
romania/Decisions & Reports,60023ab01ed5eb4aa2afe07053b38921-8,GDPR
romania/Decisions & Reports,048cdc049e133d2d5f416f34303bb4d8,GDPR
romania/Decisions & Reports,6849bf1183428ce5d2764bf7e589f236-18_11_2024,needProcess
romania/Decisions & Reports,048cdc049e133d2d5f416f34303bb4d8-19_05_2021,non-GDPR
romania/Decisions & Reports,720e435321a1d96693831b83a113d8cf-20_11_2023,needProcess
romania/Decisions & Reports,7dabf836e0ea9ee8ccc68d3edc8d7adb,non-GDPR
romania/Decisions & Reports,a27cdf3e123a2cde00fafd9e157eb6bb,non-GDPR
romania/Decisions & Reports,a56aca1e702ca532e276e0c9e380dafe-10_06_2025,needProcess
romania/Decisions & Reports,a56aca1e702ca532e276e0c9e380dafe-23_05_2023,GDPR
romania/Decisions & Reports,981d24747a25d48176ed0777eb01c625-02_02_2022,non-GDPR
romania/Decisions & Reports,a56aca1e702ca532e276e0c9e380dafe-17_02_2025,needProcess
romania/Decisions & Reports,a56aca1e702ca532e276e0c9e380dafe-14_04_2025,needProcess
romania/Decisions & Reports,7b53a6986db32e9a9b14eed511e3ce77,non-GDPR
romania/Decisions & Reports,8c72be2db67f7e502096ffe0e8fdbd55-1,non-GDPR
romania/Decisions & Reports,184fcbe8c32aabd4d1d2cafce0eb9107,non-GDPR
romania/Decisions & Reports,a56aca1e702ca532e276e0c9e380dafe-08_11_2024,needProcess
romania/Decisions & Reports,60023ab01ed5eb4aa2afe07053b38921-09_09_2022,non-GDPR
romania/Decisions & Reports,d128a9a96744d421db3706c3bba5d819,GDPR
romania/Decisions & Reports,3d2f2d3fbc3b04104a8e2e3244cccbef-27_05_2021,non-GDPR
romania/Decisions & Reports,63b06ce4635732b0725843e740b4e8cc-27_05_2024,needProcess
romania/Decisions & Reports,41c4c15707a97d00f8ef723ec21d2e5d,non-GDPR
romania/Decisions & Reports,f4f2d52dcba6cfc108a8446e0a57aaaa-28_06_2024,needProcess
romania/Decisions & Reports,a56aca1e702ca532e276e0c9e380dafe-06_03_2025,needProcess
romania/Decisions & Reports,a56aca1e702ca532e276e0c9e380dafe-11_07_2022,non-GDPR
romania/Decisions & Reports,720e435321a1d96693831b83a113d8cf-08_02_2023,GDPR
romania/Decisions & Reports,637174521afd076c6dc6665b595f3d31,non-GDPR
romania/Decisions & Reports,6849bf1183428ce5d2764bf7e589f236-22_05_2025,needProcess
romania/Decisions & Reports,e5dee7b3d984eda66dfe9a483f593338,non-GDPR
romania/Decisions & Reports,1c15cc016d3c991ddfc06f44ebe9124c,non-GDPR
romania/Decisions & Reports,cf2f884a044f499ec1725d856c531032,non-GDPR
romania/Decisions & Reports,a56aca1e702ca532e276e0c9e380dafe-20_03_2025,needProcess
romania/Decisions & Reports,720e435321a1d96693831b83a113d8cf-30_06_2022,non-GDPR
romania/Decisions & Reports,c0df3fbd8bd42ff1dfdcb32428073d92,needProcess
romania/Decisions & Reports,c0df3fbd8bd42ff1dfdcb32428073d92-06_03_2023,needProcess
romania/Decisions & Reports,c0df3fbd8bd42ff1dfdcb32428073d92-16_03_2023,needProcess
romania/Decisions & Reports,60023ab01ed5eb4aa2afe07053b38921-06_12_2021,non-GDPR
romania/Decisions & Reports,c0df3fbd8bd42ff1dfdcb32428073d92-22_08_2024,needProcess
romania/Decisions & Reports,7e7e558e1881c4be415eb0319798ed0e-11_12_2024,needProcess
romania/Decisions & Reports,4bcc93d95ee829143a64716cd075686e-1,non-GDPR
romania/Decisions & Reports,090877c6b6968ed2c80b2a32f9e36c95-1,non-GDPR
romania/Decisions & Reports,9bd97433a31e1d41f15bb8f01a9b7fb1-10_07_2023,non-GDPR
romania/Decisions & Reports,69e05fb2494934fddfb3b3699261e6c0-31_08_2023,needProcess
romania/Decisions & Reports,3d2f2d3fbc3b04104a8e2e3244cccbef-22_02_2022,non-GDPR
romania/Decisions & Reports,11d64ee5fd4822ba0dcdfc081dfdac1a-10_07_2023,non-GDPR
romania/Decisions & Reports,02a1df33b64bb71d2665ecb9a94c266c-29_05_2023,non-GDPR
romania/Decisions & Reports,c0df3fbd8bd42ff1dfdcb32428073d92-04_04_2023,GDPR
romania/Decisions & Reports,42d726e9dd620f98acb10afd80e60e63-02_10_2024,needProcess
romania/Decisions & Reports,db12d8d8f8ce47cf4cc948d943c42493,non-GDPR
romania/Decisions & Reports,701902d623ba4151ed1fa7550567e186,non-GDPR
romania/Decisions & Reports,6db114c833e27850cd3c333be9052eb4-27_10_2023,needProcess
romania/Decisions & Reports,a56aca1e702ca532e276e0c9e380dafe-12_01_2024,needProcess
romania/Decisions & Reports,9d6053b9005269b4539e879e3edb9f5b-21_10_2021,non-GDPR
romania/Decisions & Reports,f4d04c6876b634ef97109f1db0135a03-21_12_2022,non-GDPR
romania/Decisions & Reports,a56aca1e702ca532e276e0c9e380dafe-18_11_2022,GDPR
romania/Decisions & Reports,a56aca1e702ca532e276e0c9e380dafe-12_01_2023,GDPR
romania/Decisions & Reports,9aa715d13689eff2750ac7cd6304ebee,non-GDPR
romania/Decisions & Reports,a56aca1e702ca532e276e0c9e380dafe-21_09_2022,GDPR
romania/Decisions & Reports,60023ab01ed5eb4aa2afe07053b38921-09_06_2021,non-GDPR
romania/Decisions & Reports,38a9da8ebe62bedc369d9aa779254ca8-1,non-GDPR
romania/Decisions & Reports,60023ab01ed5eb4aa2afe07053b38921-10,GDPR
romania/Decisions & Reports,ab3018be5efae1a97ce2ebccd07ca24a-30_05_2023,non-GDPR
romania/Decisions & Reports,60023ab01ed5eb4aa2afe07053b38921-28,GDPR
romania/Decisions & Reports,297ee42a7b6b751c8671373b5a9b39fe,needProcess
romania/Decisions & Reports,3d2f2d3fbc3b04104a8e2e3244cccbef-7,GDPR
romania/Decisions & Reports,60023ab01ed5eb4aa2afe07053b38921-17,GDPR
romania/Decisions & Reports,4bcc93d95ee829143a64716cd075686e-01_02_2022,non-GDPR
romania/Decisions & Reports,69f954c50b1872c30bd7a682e73be137-10_04_2025,needProcess
romania/Decisions & Reports,c0df3fbd8bd42ff1dfdcb32428073d92-3,GDPR
romania/Decisions & Reports,60023ab01ed5eb4aa2afe07053b38921-21,GDPR
romania/Decisions & Reports,34f61256203caa71248a6d3ba51e85e9-15_01_2025,needProcess
romania/Decisions & Reports,a56aca1e702ca532e276e0c9e380dafe-06_08_2024,needProcess
romania/Decisions & Reports,3d2f2d3fbc3b04104a8e2e3244cccbef-9,GDPR
romania/Decisions & Reports,60023ab01ed5eb4aa2afe07053b38921-19,GDPR
romania/Decisions & Reports,f3d2a3043780058c5af1ff5186817a1f-26_07_2021,non-GDPR
romania/Decisions & Reports,a56aca1e702ca532e276e0c9e380dafe-05_02_2025,needProcess
romania/Decisions & Reports,5b245bed1377f9ef1afd1beceeb87e40,non-GDPR
romania/Decisions & Reports,60023ab01ed5eb4aa2afe07053b38921-26,GDPR
romania/Decisions & Reports,720e435321a1d96693831b83a113d8cf-08_09_2022,non-GDPR
romania/Decisions & Reports,b1046d7f49815a0e35ecd415bf9b5557-08_07_2021,non-GDPR
romania/Decisions & Reports,69f954c50b1872c30bd7a682e73be137-18_05_2023,GDPR
romania/Decisions & Reports,720e435321a1d96693831b83a113d8cf-23_11_2023,needProcess
romania/Decisions & Reports,a56aca1e702ca532e276e0c9e380dafe-07_09_2023,needProcess
romania/Decisions & Reports,720e435321a1d96693831b83a113d8cf-09_08_2022,non-GDPR
romania/Decisions & Reports,4965a6c58a87abff2bf72169774d2357,non-GDPR
romania/Decisions & Reports,e4f83b4919de4d7e65458ff583981d1c,non-GDPR
romania/Decisions & Reports,a56aca1e702ca532e276e0c9e380dafe-04_03_2025,needProcess
romania/Decisions & Reports,a56aca1e702ca532e276e0c9e380dafe-17_09_2024,needProcess
romania/Decisions & Reports,e30ebef0981590b94d4caa2e92f10ba0-1,non-GDPR
romania/Decisions & Reports,e3684cd3b38168434db879879889ee32,GDPR
romania/Decisions & Reports,3d2f2d3fbc3b04104a8e2e3244cccbef-12,GDPR
romania/Decisions & Reports,a56aca1e702ca532e276e0c9e380dafe-20_12_2024,needProcess
romania/Decisions & Reports,a56aca1e702ca532e276e0c9e380dafe-17_05_2022,non-GDPR
romania/Decisions & Reports,3d2f2d3fbc3b04104a8e2e3244cccbef-15,GDPR
romania/Decisions & Reports,5ae189ea24aa97a30c5d9cff9f21c4a0,non-GDPR
romania/Decisions & Reports,60023ab01ed5eb4aa2afe07053b38921-18,GDPR
romania/Decisions & Reports,3d2f2d3fbc3b04104a8e2e3244cccbef-8,GDPR
romania/Decisions & Reports,05d8baf41f45e1e3a6201917df571676,non-GDPR
romania/Decisions & Reports,60023ab01ed5eb4aa2afe07053b38921-27,GDPR
romania/Decisions & Reports,c0df3fbd8bd42ff1dfdcb32428073d92-2,GDPR
romania/Decisions & Reports,3d2f2d3fbc3b04104a8e2e3244cccbef-24_08_2021,non-GDPR
romania/Decisions & Reports,60023ab01ed5eb4aa2afe07053b38921-20,GDPR
romania/Decisions & Reports,7b9aaecbb22e53dc2d5c3f8ae17155a6-15_12_2022,GDPR
romania/Decisions & Reports,6166696d3a014b3da36781d8f082ecbf-2,non-GDPR
romania/Decisions & Reports,60023ab01ed5eb4aa2afe07053b38921-29,GDPR
romania/Decisions & Reports,6849bf1183428ce5d2764bf7e589f236-30_05_2025,needProcess
romania/Decisions & Reports,60023ab01ed5eb4aa2afe07053b38921-24_05_2022,non-GDPR
romania/Decisions & Reports,0ac2370d46df59a47d011d84df0ccdda-02_11_2023,needProcess
romania/Decisions & Reports,5756d2911ca5ec5557bd72d64dd33404,GDPR
romania/Decisions & Reports,60023ab01ed5eb4aa2afe07053b38921-16,GDPR
romania/Decisions & Reports,3d2f2d3fbc3b04104a8e2e3244cccbef-6,GDPR
romania/Decisions & Reports,3d2f2d3fbc3b04104a8e2e3244cccbef-1,GDPR
romania/Decisions & Reports,16260989d2cd356ab0de0d0cb1320218,non-GDPR
romania/Decisions & Reports,60023ab01ed5eb4aa2afe07053b38921-11,GDPR
romania/Decisions & Reports,56c9a4b583254c977bf25ecd25b23e71-19_11_2024,needProcess
romania/Decisions & Reports,a56aca1e702ca532e276e0c9e380dafe-02_10_2023,needProcess
romania/Decisions & Reports,3d2f2d3fbc3b04104a8e2e3244cccbef-16_06_2021,non-GDPR
romania/Decisions & Reports,a56aca1e702ca532e276e0c9e380dafe-13_11_2024,needProcess
romania/Decisions & Reports,a56aca1e702ca532e276e0c9e380dafe-29_08_2022,non-GDPR
romania/Decisions & Reports,3d2f2d3fbc3b04104a8e2e3244cccbef-14,non-GDPR
romania/Decisions & Reports,4ffdd3097b361fdbcb4adf7e737c45a6-1,GDPR
romania/Decisions & Reports,69e05fb2494934fddfb3b3699261e6c0-15_12_2023,needProcess
romania/Decisions & Reports,3d2f2d3fbc3b04104a8e2e3244cccbef-13,GDPR
romania/Decisions & Reports,7d57e43faf56fe25a49b7485bf4518a4,non-GDPR
romania/Decisions & Reports,14b9fe365b131c319c02c84599e873d4-25_05_2021,non-GDPR
romania/Decisions & Reports,4e6ac934723f78f533f9ce6b77c1fbbe-09_05_2022,non-GDPR
romania/Decisions & Reports,b1046d7f49815a0e35ecd415bf9b5557,non-GDPR
romania/Decisions & Reports,4e20b34a1e919c71de82f638023c5d5f-25_05_2023,non-GDPR
romania/Decisions & Reports,2c0b050de37badd6b5808941f52c8ef1,non-GDPR
romania/Decisions & Reports,60023ab01ed5eb4aa2afe07053b38921-01_11_2021,non-GDPR
romania/Decisions & Reports,a56aca1e702ca532e276e0c9e380dafe-30_04_2025,needProcess
romania/Decisions & Reports,a56aca1e702ca532e276e0c9e380dafe-14_03_2023,GDPR
romania/Decisions & Reports,36177d88996589084658854684b72350-1,non-GDPR
romania/Decisions & Reports,e86c36dda9dd1f3d3a34a4a116a4db5d,non-GDPR
romania/Decisions & Reports,a56aca1e702ca532e276e0c9e380dafe-24_11_2022,GDPR
romania/Decisions & Reports,282ded3cab9704a340206570f3c3820f-1,non-GDPR
romania/Decisions & Reports,a56aca1e702ca532e276e0c9e380dafe-07_12_2023,needProcess
romania/Decisions & Reports,9d6053b9005269b4539e879e3edb9f5b,non-GDPR
romania/Decisions & Reports,a56aca1e702ca532e276e0c9e380dafe-27_01_2025,needProcess
romania/Decisions & Reports,b683f11d2836397778026bbe18f2714b-02_05_2023,non-GDPR
romania/Decisions & Reports,a56aca1e702ca532e276e0c9e380dafe-17_12_2024,needProcess
romania/Decisions & Reports,e82c79b98afbb865874b934914f49f90,non-GDPR
romania/Decisions & Reports,720e435321a1d96693831b83a113d8cf,GDPR
romania/Decisions & Reports,25d224b1f53f6840bf8bd5481d729455,GDPR
romania/Decisions & Reports,1e031527c83c149c7f3794b035d5837b,non-GDPR
romania/Decisions & Reports,6e53889304360026d52cd807851c5a13-15_03_2023,GDPR
romania/Decisions & Reports,76477c14aa408a84274efa6be3efec9d,non-GDPR
romania/Decisions & Reports,a56aca1e702ca532e276e0c9e380dafe-07_04_2023,GDPR
romania/Decisions & Reports,a89d895f9af028b7c0639abf722f4526,non-GDPR
romania/Decisions & Reports,a56aca1e702ca532e276e0c9e380dafe-14,GDPR
romania/Decisions & Reports,63b06ce4635732b0725843e740b4e8cc-2,GDPR
romania/Decisions & Reports,53bb4b7ce7fe8c9dc1fbacfe98748cf0,non-GDPR
romania/Decisions & Reports,a56aca1e702ca532e276e0c9e380dafe-2,GDPR
romania/Decisions & Reports,9af49a66ee92d7fb085a3d780a6294a9,non-GDPR
romania/Decisions & Reports,ce017666641b736f11f36258d2efc372,non-GDPR
romania/Decisions & Reports,a56aca1e702ca532e276e0c9e380dafe-5,GDPR
romania/Decisions & Reports,090877c6b6968ed2c80b2a32f9e36c95-20_10_2022,non-GDPR
romania/Decisions & Reports,02cf9b46a43bae1aa6ef7b861785844d,non-GDPR
romania/Decisions & Reports,a56aca1e702ca532e276e0c9e380dafe-13,GDPR
romania/Decisions & Reports,5cbc65b4d949c843f4d9d9d6c450dd78,non-GDPR
romania/Decisions & Reports,ad2d914a0915abac3fc81b3df15693ef,non-GDPR
romania/Decisions & Reports,60023ab01ed5eb4aa2afe07053b38921-20_06_2022,non-GDPR
romania/Decisions & Reports,6791aa6d843451b221c3311311354d5b-13_10_2023,needProcess
romania/Decisions & Reports,a56aca1e702ca532e276e0c9e380dafe-22,GDPR
romania/Decisions & Reports,60023ab01ed5eb4aa2afe07053b38921-14_05_2021,non-GDPR
romania/Decisions & Reports,ec3bc93b46dbbe13e3e2aaa0a32b9bf3,non-GDPR
romania/Decisions & Reports,fbc4cb9aab63fd23c4ba909caba5c183-1,non-GDPR
romania/Decisions & Reports,60ac234acb709491bd184247a4244e44,non-GDPR
romania/Decisions & Reports,c0df3fbd8bd42ff1dfdcb32428073d92-16_09_2024,needProcess
romania/Decisions & Reports,60023ab01ed5eb4aa2afe07053b38921-01_02_2022,non-GDPR
romania/Decisions & Reports,a56aca1e702ca532e276e0c9e380dafe-23_03_2023,GDPR
romania/Decisions & Reports,60023ab01ed5eb4aa2afe07053b38921-26_11_2021,non-GDPR
romania/Decisions & Reports,3d2f2d3fbc3b04104a8e2e3244cccbef-21_10_2021,non-GDPR
romania/Decisions & Reports,a56aca1e702ca532e276e0c9e380dafe,GDPR
romania/Decisions & Reports,a56aca1e702ca532e276e0c9e380dafe-04_02_2025,needProcess
romania/Decisions & Reports,720e435321a1d96693831b83a113d8cf-19_09_2022,GDPR
romania/Decisions & Reports,99bb50f13112f17630cea636f9ef89b7-13_11_2023,needProcess
romania/Decisions & Reports,a56aca1e702ca532e276e0c9e380dafe-30_05_2024,needProcess
romania/Decisions & Reports,08bd2c9a0de7efe9fa64301b5c617d7e,GDPR
romania/Decisions & Reports,a56aca1e702ca532e276e0c9e380dafe-28_04_2025,needProcess
romania/Decisions & Reports,60023ab01ed5eb4aa2afe07053b38921-03_05_2022,non-GDPR
romania/Decisions & Reports,0be43d90445b91388dabba265fb6570e,non-GDPR
romania/Decisions & Reports,08bd2c9a0de7efe9fa64301b5c617d7e-1,GDPR
romania/Decisions & Reports,a56aca1e702ca532e276e0c9e380dafe-25_10_2024,needProcess
romania/Decisions & Reports,6b557f3744227cda7ec000735ed3dec3,non-GDPR
romania/Decisions & Reports,a56aca1e702ca532e276e0c9e380dafe-25_10_2023,needProcess
romania/Decisions & Reports,a56aca1e702ca532e276e0c9e380dafe-12,GDPR
romania/Decisions & Reports,60023ab01ed5eb4aa2afe07053b38921-07_07_2022,non-GDPR
romania/Decisions & Reports,a56aca1e702ca532e276e0c9e380dafe-4,GDPR
romania/Decisions & Reports,0a37d4a778ca4515d8cba01918647814,non-GDPR
romania/Decisions & Reports,f63a07587c949681c6a40aa21592e761-24_04_2024,needProcess
romania/Decisions & Reports,a56aca1e702ca532e276e0c9e380dafe-18_01_2023,GDPR
romania/Decisions & Reports,a56aca1e702ca532e276e0c9e380dafe-3,GDPR
romania/Decisions & Reports,63b06ce4635732b0725843e740b4e8cc-3,GDPR
romania/Decisions & Reports,6db114c833e27850cd3c333be9052eb4-03_11_2023,needProcess
romania/Decisions & Reports,a56aca1e702ca532e276e0c9e380dafe-25_06_2024,needProcess
romania/Decisions & Reports,a56aca1e702ca532e276e0c9e380dafe-15,GDPR
romania/Decisions & Reports,a56aca1e702ca532e276e0c9e380dafe-16_05_2025,needProcess
romania/Decisions & Reports,60023ab01ed5eb4aa2afe07053b38921-10_03_2022,non-GDPR
romania/Decisions & Reports,a56aca1e702ca532e276e0c9e380dafe-24_04_2023,GDPR
romania/Decisions & Reports,5c2ae86a64fb4283710059f899d7ca12-1,non-GDPR
romania/Decisions & Reports,a56aca1e702ca532e276e0c9e380dafe-30_10_2024,needProcess
romania/Decisions & Reports,6aba74f7268d2a6232f645ba64b53cbc-21_09_2023,needProcess
romania/Decisions & Reports,720e435321a1d96693831b83a113d8cf-19_09_2022-2,GDPR
romania/Decisions & Reports,ddf99f38bce3ab271de87980c5f7ef94-1,non-GDPR
romania/Decisions & Reports,52987a7db7e589813ead06feaa2dbe1e,non-GDPR
romania/Decisions & Reports,a56aca1e702ca532e276e0c9e380dafe-20_06_2023,GDPR
romania/Decisions & Reports,2595b128dc1346ee54a5c7f3230aec80,non-GDPR
romania/Decisions & Reports,60023ab01ed5eb4aa2afe07053b38921-4,GDPR
romania/Decisions & Reports,69f954c50b1872c30bd7a682e73be137-22_04_2024,needProcess
romania/Decisions & Reports,a56aca1e702ca532e276e0c9e380dafe-07_11_2022,GDPR
romania/Decisions & Reports,60023ab01ed5eb4aa2afe07053b38921-3,GDPR
romania/Decisions & Reports,48202f369b2eeec7f1064ff6d8c6b952-1,non-GDPR
romania/Decisions & Reports,2fc35f6bab0bdb0b51f50a9301c4deba-31_01_2023,non-GDPR
romania/Decisions & Reports,a56aca1e702ca532e276e0c9e380dafe-13_05_2025,needProcess
romania/Decisions & Reports,60023ab01ed5eb4aa2afe07053b38921,GDPR
romania/Decisions & Reports,720e435321a1d96693831b83a113d8cf-2,GDPR
romania/Decisions & Reports,16260989d2cd356ab0de0d0cb1320218-06_08_2021,non-GDPR
romania/Decisions & Reports,a25bead4237f39cd48bb1ae890114044-25_08_2021,non-GDPR
romania/Decisions & Reports,6de3daa7d5a12bcbc8d3be8e59eb6b17-31_01_2025,needProcess
romania/Decisions & Reports,36177d88996589084658854684b72350-21_12_2021,non-GDPR
romania/Decisions & Reports,9cb4e8afe8c4de82c17badf6408a3564-26_06_2023,non-GDPR
romania/Decisions & Reports,a56aca1e702ca532e276e0c9e380dafe-02_04_2025,needProcess
romania/Decisions & Reports,720e435321a1d96693831b83a113d8cf-22_08_2022,non-GDPR
romania/Decisions & Reports,720e435321a1d96693831b83a113d8cf-5,GDPR
romania/Decisions & Reports,8017b25f5edb4d55d7cc77257eaa9edf,non-GDPR
romania/Decisions & Reports,c2d696c69c477a3cdb3b1ad98c85faa8-07_07_2022,non-GDPR
romania/Decisions & Reports,2f1aa64fa0c1dc7c648e95d4f1df537c,non-GDPR
romania/Decisions & Reports,60023ab01ed5eb4aa2afe07053b38921-07_04_2022,non-GDPR
romania/Decisions & Reports,720e435321a1d96693831b83a113d8cf-10,GDPR
romania/Decisions & Reports,5a0fb0de55eb439475a82d8c950c7f4f-1,non-GDPR
romania/Decisions & Reports,f169ea5ac188da45c824ef16d1dc0c50,GDPR
romania/Decisions & Reports,a56aca1e702ca532e276e0c9e380dafe-16_06_2025,needProcess
romania/Decisions & Reports,60023ab01ed5eb4aa2afe07053b38921-03_10_2022,GDPR
romania/Decisions & Reports,48202f369b2eeec7f1064ff6d8c6b952-28_02_2022,non-GDPR
romania/Decisions & Reports,18755bfc8501109d8c4284c235dbaebf-21_10_2024,needProcess
romania/Decisions & Reports,4ab32502332c2a166c6bc8c597470dbb,GDPR
romania/Decisions & Reports,720e435321a1d96693831b83a113d8cf-18_07_2023,non-GDPR
romania/Decisions & Reports,5fb9e44c354e3dc6e63003145598a999-14_05_2024,needProcess
romania/Decisions & Reports,a56aca1e702ca532e276e0c9e380dafe-04_01_2023,non-GDPR
romania/Decisions & Reports,7d714454dbe7421caf057e8b21441352-11_04_2023,non-GDPR
romania/Decisions & Reports,60023ab01ed5eb4aa2afe07053b38921-2,GDPR
romania/Decisions & Reports,f5b4a0fa48a1896014c1e62aa78201a5-19_03_2024,needProcess
romania/Decisions & Reports,a56aca1e702ca532e276e0c9e380dafe-09_08_2022-2,non-GDPR
romania/Decisions & Reports,c5154fd8f17daa9621b01fd63028c561,GDPR
romania/Decisions & Reports,a56aca1e702ca532e276e0c9e380dafe-27_02_2025,needProcess
romania/Decisions & Reports,5f19f4582ef69a1f9baaa25b74222c25,non-GDPR
romania/Decisions & Reports,46c8d657118b8e2f09a8f6b70d28e4a4-20_01_2023,non-GDPR
romania/Decisions & Reports,ef8ea70efcad05e59d8a8ebf17cb7f67,GDPR
romania/Decisions & Reports,60023ab01ed5eb4aa2afe07053b38921-5,GDPR
romania/Decisions & Reports,a56aca1e702ca532e276e0c9e380dafe-20_06_2022,non-GDPR
romania/Decisions & Reports,6849bf1183428ce5d2764bf7e589f236-28_10_2024,needProcess
romania/Decisions & Reports,a56aca1e702ca532e276e0c9e380dafe-15_06_2023-2,GDPR
romania/Decisions & Reports,60023ab01ed5eb4aa2afe07053b38921-22_02_2022,non-GDPR
romania/Decisions & Reports,32b382898d33b87d2ec7acf2bc1d2e33,non-GDPR
romania/Decisions & Reports,a56aca1e702ca532e276e0c9e380dafe-28_11_2024,needProcess
romania/Decisions & Reports,a56aca1e702ca532e276e0c9e380dafe-21_11_2022,GDPR
romania/Decisions & Reports,a56aca1e702ca532e276e0c9e380dafe-01_02_2023,GDPR
romania/Decisions & Reports,282ded3cab9704a340206570f3c3820f-28_01_2022,non-GDPR
romania/Decisions & Reports,a56aca1e702ca532e276e0c9e380dafe-06_06_2023,GDPR
romania/Decisions & Reports,a56aca1e702ca532e276e0c9e380dafe-12_12_2024,needProcess
romania/Decisions & Reports,7d32fd3e60186db7285de3868582597b-23_07_2024,needProcess
romania/Decisions & Reports,720e435321a1d96693831b83a113d8cf-11,GDPR
romania/Decisions & Reports,60023ab01ed5eb4aa2afe07053b38921-06_12_2021-2,non-GDPR
romania/Decisions & Reports,720e435321a1d96693831b83a113d8cf-4,GDPR
romania/Decisions & Reports,a56aca1e702ca532e276e0c9e380dafe-12_04_2024,needProcess
romania/Decisions & Reports,a7c61fa3a06f2506328513cc3976e630,non-GDPR
romania/Decisions & Reports,720e435321a1d96693831b83a113d8cf-22_12_2022,GDPR
romania/Decisions & Reports,720e435321a1d96693831b83a113d8cf-3,GDPR
romania/Decisions & Reports,9fd8ccaf67ca66beb89c2d2264010091-10_12_2024,needProcess
romania/Decisions & Reports,a56aca1e702ca532e276e0c9e380dafe-16_10_2024,needProcess
romania/Decisions & Reports,8ead11ca988399ce35f4cdbfc73a2a56-24_05_2024,needProcess
romania/Decisions & Reports,6588dace1450f5067fef7473993e66a2,non-GDPR
romania/Decisions & Reports,1096e9fcad09f1bab2870d20cc926853,non-GDPR
romania/Decisions & Reports,f10417a02a21ce09179e0db49ebddacc,non-GDPR
romania/Decisions & Reports,60023ab01ed5eb4aa2afe07053b38921-30,GDPR
romania/Decisions & Reports,3d2f2d3fbc3b04104a8e2e3244cccbef-20_01_2022,non-GDPR
romania/Decisions & Reports,761b4cc6f6c7b4b0113ad7cb5b1f118a-25_09_2023,needProcess
romania/Decisions & Reports,b7163fcccd7ef96eb28be6548b7248ab-4,non-GDPR
romania/Decisions & Reports,b7163fcccd7ef96eb28be6548b7248ab-3,non-GDPR
romania/Decisions & Reports,6db114c833e27850cd3c333be9052eb4-20_10_2023,needProcess
romania/Decisions & Reports,74a43750f05ee15372e36b921fd5bc32-28_03_2023,non-GDPR
romania/Decisions & Reports,f2971713243fe2cc01a315bb52a75373-12_05_2023,needProcess
romania/Decisions & Reports,a56aca1e702ca532e276e0c9e380dafe-23_01_2025,needProcess
romania/Decisions & Reports,78ba8bd75b638c25c6430df03e4e5571-27_08_2021,non-GDPR
romania/Decisions & Reports,70735d5d41b7a465ac7b265a5e656fcf-05_04_2023,non-GDPR
romania/Decisions & Reports,4d2a7e370f60a9f7d2899c40a665a614,GDPR
romania/Decisions & Reports,a56aca1e702ca532e276e0c9e380dafe-03_04_2023,GDPR
romania/Decisions & Reports,7d5ec4644d2eae37e3cde86c310a38ae-1,non-GDPR
romania/Decisions & Reports,1fc72935aea4111c2f2fef73c8838840-14_04_2022,non-GDPR
romania/Decisions & Reports,b50bbacb34ee95ddd5b79f85f55c85ab,non-GDPR
romania/Decisions & Reports,4ac2a7197a3997d9a87f60001ada7de5-22_06_2021,non-GDPR
romania/Decisions & Reports,66052050b433ffbbbea9b78d16544eaf-26_11_2021,non-GDPR
romania/Decisions & Reports,60023ab01ed5eb4aa2afe07053b38921-05_02_2024,needProcess
romania/Decisions & Reports,087855065d34c70ed48952a2b5628cbf-21_02_2024,needProcess
romania/Decisions & Reports,60023ab01ed5eb4aa2afe07053b38921-25_11_2022,GDPR
romania/Decisions & Reports,b7163fcccd7ef96eb28be6548b7248ab-2,non-GDPR
romania/Decisions & Reports,3dac17c297d4ffb5fc17ecc6f7476104-07_02_2025,needProcess
romania/Decisions & Reports,60023ab01ed5eb4aa2afe07053b38921-19_05_2021,non-GDPR
romania/Decisions & Reports,a56aca1e702ca532e276e0c9e380dafe-11_03_2025,needProcess
romania/Decisions & Reports,6ea53f14cbe55e8ecee8cd83d588a700,non-GDPR
romania/Decisions & Reports,eb5762c08b4b5f14d603e20a5636d79e,non-GDPR
romania/Decisions & Reports,4ee9e8d4b570417ba94b234d44c1524d-1,non-GDPR
romania/Decisions & Reports,69f954c50b1872c30bd7a682e73be137-23_04_2024,needProcess
romania/Decisions & Reports,4ffdd3097b361fdbcb4adf7e737c45a6,GDPR
romania/Decisions & Reports,a56aca1e702ca532e276e0c9e380dafe-12_05_2025,needProcess
romania/Decisions & Reports,720e435321a1d96693831b83a113d8cf-22_09_2022,non-GDPR
romania/Decisions & Reports,a56aca1e702ca532e276e0c9e380dafe-26_02_2024,needProcess
romania/Decisions & Reports,83c867b98052f62c0c3c02a4d1acde48-05_12_2022,non-GDPR
romania/Decisions & Reports,a56aca1e702ca532e276e0c9e380dafe-12_05_2022,non-GDPR
romania/Decisions & Reports,a56aca1e702ca532e276e0c9e380dafe-21_06_2023,GDPR
romania/Decisions & Reports,06a0f324b04e64b3fd2136849a75fdf4,non-GDPR
romania/Decisions & Reports,a56aca1e702ca532e276e0c9e380dafe-03_04_2025,needProcess
romania/Decisions & Reports,a25bead4237f39cd48bb1ae890114044,GDPR
romania/Decisions & Reports,720e435321a1d96693831b83a113d8cf-27_06_2023,non-GDPR
romania/Decisions & Reports,720e435321a1d96693831b83a113d8cf-04_05_2022,non-GDPR
romania/Decisions & Reports,8bd78b444cf576dd6d433fcb2c5fc965,non-GDPR
romania/Decisions & Reports,f3d2a3043780058c5af1ff5186817a1f,non-GDPR
romania/Decisions & Reports,a31edadc10b040d79fea543505fda942,non-GDPR
romania/Decisions & Reports,c0df3fbd8bd42ff1dfdcb32428073d92-16_11_2022,GDPR
romania/Decisions & Reports,1fc72935aea4111c2f2fef73c8838840-1,GDPR
romania/Decisions & Reports,a56aca1e702ca532e276e0c9e380dafe-03_08_2023,needProcess
romania/Decisions & Reports,98c210f7eadd3a3ab274fcd0ee3c7c21,non-GDPR
romania/Decisions & Reports,1fa3b1fbd4eb6695657c6faf519aa9b2-23_05_2022,non-GDPR
romania/Decisions & Reports,a56aca1e702ca532e276e0c9e380dafe-20_11_2024,needProcess
romania/Decisions & Reports,da9a40c0bc431523e67b1bff6e8db478,non-GDPR
romania/Decisions & Reports,a56aca1e702ca532e276e0c9e380dafe-10_02_2025,needProcess
romania/Decisions & Reports,60023ab01ed5eb4aa2afe07053b38921-08_11_2022,GDPR
romania/Decisions & Reports,3d2f2d3fbc3b04104a8e2e3244cccbef-18,GDPR
romania/Decisions & Reports,911871a0a31a2bee21f8ec0b647f3a0c-24_04_2025,needProcess
romania/Decisions & Reports,69f954c50b1872c30bd7a682e73be137-16_05_2023,GDPR
romania/Decisions & Reports,85ae3194526155a74241ca5db095dcb4,non-GDPR
romania/Decisions & Reports,66feb13aafe6c6a5f3433476c13d373c-03_06_2024,needProcess
romania/Decisions & Reports,8c72be2db67f7e502096ffe0e8fdbd55-10_01_2022,non-GDPR
romania/Decisions & Reports,a56aca1e702ca532e276e0c9e380dafe-13_03_2023,GDPR
romania/Decisions & Reports,69f954c50b1872c30bd7a682e73be137-05_03_2024,needProcess
romania/Decisions & Reports,a56aca1e702ca532e276e0c9e380dafe-04_11_2024,needProcess
romania/Decisions & Reports,a56aca1e702ca532e276e0c9e380dafe-09_05_2025,needProcess
romania/Decisions & Reports,f2b155491e6df84ca9ba47c711bc0366-06_03_2023,non-GDPR
romania/Decisions & Reports,5a0fb0de55eb439475a82d8c950c7f4f-19_09_2022,non-GDPR
romania/Decisions & Reports,a56aca1e702ca532e276e0c9e380dafe-19_05_2025,needProcess
romania/Decisions & Reports,3d2f2d3fbc3b04104a8e2e3244cccbef-16,GDPR
romania/Decisions & Reports,d02d0b60aa4b5f8488e6230958a1f4a7,non-GDPR
romania/Decisions & Reports,4ffdd3097b361fdbcb4adf7e737c45a6-3,GDPR
romania/Decisions & Reports,a56aca1e702ca532e276e0c9e380dafe-27_12_2022,GDPR
romania/Decisions & Reports,699d8e36f7d08e6f570ce8f5b1efbafb,non-GDPR
romania/Decisions & Reports,3d2f2d3fbc3b04104a8e2e3244cccbef-11,GDPR
romania/Decisions & Reports,d6c3cf13b861c98df70c2c4518df9bac-08_08_2024,needProcess
romania/Decisions & Reports,a56aca1e702ca532e276e0c9e380dafe-25_03_2025,needProcess
romania/Decisions & Reports,e3dcc06c19c1980a79317a018094191c,non-GDPR
romania/Decisions & Reports,60023ab01ed5eb4aa2afe07053b38921-14,GDPR
romania/Decisions & Reports,3d2f2d3fbc3b04104a8e2e3244cccbef-4,GDPR
romania/Decisions & Reports,ae2c1d916d74c2d8dadccee14d8274c3,non-GDPR
romania/Decisions & Reports,e0c1528d00d72bc23c5d21e6941cdace-06_03_2024,needProcess
romania/Decisions & Reports,a56aca1e702ca532e276e0c9e380dafe-25_03_2022,non-GDPR
romania/Decisions & Reports,60023ab01ed5eb4aa2afe07053b38921-04_08_2022,non-GDPR
romania/Decisions & Reports,6849bf1183428ce5d2764bf7e589f236-30_01_2025,needProcess
romania/Decisions & Reports,60023ab01ed5eb4aa2afe07053b38921-13_12_2021,non-GDPR
romania/Decisions & Reports,3d2f2d3fbc3b04104a8e2e3244cccbef-3,GDPR
romania/Decisions & Reports,58482a2c6663c12e888152a3403bf1f8-10_01_2024,needProcess
romania/Decisions & Reports,60023ab01ed5eb4aa2afe07053b38921-13,GDPR
romania/Decisions & Reports,609f0ed5900e6d64bda0e10c660ea1e8-07_12_2022,non-GDPR
romania/Decisions & Reports,a56aca1e702ca532e276e0c9e380dafe-18_04_2022,non-GDPR
romania/Decisions & Reports,6062d6f43e5a2f4a6fe87750832fbfa9,non-GDPR
romania/Decisions & Reports,a56aca1e702ca532e276e0c9e380dafe-31_01_2025,needProcess
romania/Decisions & Reports,a56aca1e702ca532e276e0c9e380dafe-15_06_2023,GDPR
romania/Decisions & Reports,73da9319cf43dc2174af1fb0329301dc,non-GDPR
romania/Decisions & Reports,60023ab01ed5eb4aa2afe07053b38921-25,GDPR
romania/Decisions & Reports,31ea5021e79c53d51f5b8af11e809575,non-GDPR
romania/Decisions & Reports,60023ab01ed5eb4aa2afe07053b38921-22,GDPR
romania/Decisions & Reports,a56aca1e702ca532e276e0c9e380dafe-11_12_2023,needProcess
romania/Decisions & Reports,e84458d6020cb2bdecd41993119a2e4e-20_09_2024,needProcess
romania/Decisions & Reports,4ffdd3097b361fdbcb4adf7e737c45a6-2,GDPR
romania/Decisions & Reports,1530bc391612a8dc2614ddb0f282910c,GDPR
romania/Decisions & Reports,3d2f2d3fbc3b04104a8e2e3244cccbef-10,GDPR
romania/Decisions & Reports,5f0f335e1e8f122936b19bbb1d653b02,GDPR
romania/Decisions & Reports,23c028b631d9ae922ffcae797ec159d1-19_06_2023,non-GDPR
romania/Decisions & Reports,a56aca1e702ca532e276e0c9e380dafe-17_01_2025,needProcess
romania/Decisions & Reports,3d2f2d3fbc3b04104a8e2e3244cccbef-17,GDPR
romania/Decisions & Reports,a157f28cdfb905fc766130e74539690c,non-GDPR
romania/Decisions & Reports,3d2f2d3fbc3b04104a8e2e3244cccbef,GDPR
romania/Decisions & Reports,38a9da8ebe62bedc369d9aa779254ca8-21_03_2022,non-GDPR
romania/Decisions & Reports,3a3c3c1cb087bccc91d4001a589a78d2,GDPR
romania/Decisions & Reports,a56aca1e702ca532e276e0c9e380dafe-23_10_2024,needProcess
romania/Decisions & Reports,990045641f19d6232b7a9fd43bd10c1f,GDPR
romania/Decisions & Reports,a56aca1e702ca532e276e0c9e380dafe-10_09_2024,needProcess
romania/Decisions & Reports,d1eee0843e9144afabed3910b5cac66c-27_06_2024,needProcess
romania/Decisions & Reports,a56aca1e702ca532e276e0c9e380dafe-03_03_2025,needProcess
romania/Decisions & Reports,615cea8be0807a320c7a3c67f3d5959c,non-GDPR
romania/Decisions & Reports,720e435321a1d96693831b83a113d8cf-03_06_2022,non-GDPR
romania/Decisions & Reports,c0df3fbd8bd42ff1dfdcb32428073d92-1,GDPR
romania/Decisions & Reports,a56aca1e702ca532e276e0c9e380dafe-31_01_2023,needProcess
romania/Decisions & Reports,81a68942cd5dbeb21ce7830720da5ba1-22_11_2023,needProcess
romania/Decisions & Reports,ee0165f57501230bdccf654ba8e63b98,non-GDPR
romania/Decisions & Reports,2a4b6d4c65e8fa76e16d095a9f3a0fde-02_03_2023,non-GDPR
romania/Decisions & Reports,60023ab01ed5eb4aa2afe07053b38921-23,GDPR
romania/Decisions & Reports,a56aca1e702ca532e276e0c9e380dafe-18_12_2024,needProcess
romania/Decisions & Reports,a56aca1e702ca532e276e0c9e380dafe-31_01_2024,needProcess
romania/Decisions & Reports,54d8e3d5ed30c3cc6e9c1c36fa8a891d,non-GDPR
romania/Decisions & Reports,c0df3fbd8bd42ff1dfdcb32428073d92-09_05_2024,needProcess
romania/Decisions & Reports,63b06ce4635732b0725843e740b4e8cc,GDPR
romania/Decisions & Reports,60023ab01ed5eb4aa2afe07053b38921-24,GDPR
romania/Decisions & Reports,60023ab01ed5eb4aa2afe07053b38921-30_07_2021,non-GDPR
romania/Decisions & Reports,a56aca1e702ca532e276e0c9e380dafe-15_06_2022,non-GDPR
romania/Decisions & Reports,60023ab01ed5eb4aa2afe07053b38921-12,GDPR
romania/Decisions & Reports,3d2f2d3fbc3b04104a8e2e3244cccbef-2,GDPR
romania/Decisions & Reports,a56aca1e702ca532e276e0c9e380dafe-11_04_2025,needProcess
romania/Decisions & Reports,6549583204a2f9ec0e1743924f8e8168,non-GDPR
romania/Decisions & Reports,981d24747a25d48176ed0777eb01c625-1,non-GDPR
romania/Decisions & Reports,6166696d3a014b3da36781d8f082ecbf-1,non-GDPR
romania/Decisions & Reports,78ba8bd75b638c25c6430df03e4e5571,non-GDPR
romania/Decisions & Reports,c0b6c9f9ee931c4b00c574033241848e,non-GDPR
romania/Decisions & Reports,99a416cdbbdb1f7c6d955e706d5018ee-21_08_2023,needProcess
romania/Decisions & Reports,4f26eb30243eb2617ca8ec880a58fed3-1,non-GDPR
romania/Decisions & Reports,96ff1bcdd1c8f8b3d344146afb6b5fe7-21_07_2022,non-GDPR
romania/Decisions & Reports,34ea1cb692d9259980a23fdee6b2e17f,non-GDPR
romania/Decisions & Reports,60bfa82bc102ec7430e523841b1d0919,non-GDPR
romania/Decisions & Reports,3d2f2d3fbc3b04104a8e2e3244cccbef-5,GDPR
romania/Decisions & Reports,60023ab01ed5eb4aa2afe07053b38921-15,GDPR
romania/Decisions & Reports,a56aca1e702ca532e276e0c9e380dafe-6,GDPR
romania/Decisions & Reports,a4c944f6724a8431608cdf053acd0389-20_12_2022,non-GDPR
romania/Decisions & Reports,a56aca1e702ca532e276e0c9e380dafe-10,GDPR
romania/Decisions & Reports,f63b458e3da85d59de00c293827ba1e3,non-GDPR
romania/Decisions & Reports,ddf99f38bce3ab271de87980c5f7ef94-25_05_2022,non-GDPR
romania/Decisions & Reports,948dfc443b28b7eaaa93a5c76e7366f7-05_07_2023,non-GDPR
romania/Decisions & Reports,a56aca1e702ca532e276e0c9e380dafe-17,GDPR
romania/Decisions & Reports,ecceb34f896f1ef64e58384b5e5da51b,non-GDPR
romania/Decisions & Reports,a56aca1e702ca532e276e0c9e380dafe-1,GDPR
romania/Decisions & Reports,63b06ce4635732b0725843e740b4e8cc-1,GDPR
romania/Decisions & Reports,e40c4b81ecec5791f357650e40f22f18,non-GDPR
romania/Decisions & Reports,a56aca1e702ca532e276e0c9e380dafe-21,GDPR
romania/Decisions & Reports,988621c405fe7e248234e796c2dc1a06-07_05_2025,needProcess
romania/Decisions & Reports,179604d3cfb3bbbb5e38e69057da9676,GDPR
romania/Decisions & Reports,a56aca1e702ca532e276e0c9e380dafe-12_03_2025,needProcess
romania/Decisions & Reports,99a416cdbbdb1f7c6d955e706d5018ee-21_05_2025,needProcess
romania/Decisions & Reports,a56aca1e702ca532e276e0c9e380dafe-8,GDPR
romania/Decisions & Reports,4aa683d647ed373b5d1e615fe2ba4553-12_04_2022,non-GDPR
romania/Decisions & Reports,686da7751827057c67744c377a1c0921-15_10_2024,needProcess
romania/Decisions & Reports,b7163fcccd7ef96eb28be6548b7248ab,non-GDPR
romania/Decisions & Reports,a56aca1e702ca532e276e0c9e380dafe-19,GDPR
romania/Decisions & Reports,a56aca1e702ca532e276e0c9e380dafe-09_08_2022,non-GDPR
romania/Decisions & Reports,c0df3fbd8bd42ff1dfdcb32428073d92-08_05_2024,needProcess
romania/Decisions & Reports,58561d32883ac516645158efdf6321cc,non-GDPR
romania/Decisions & Reports,a56aca1e702ca532e276e0c9e380dafe-03_02_2025,needProcess
romania/Decisions & Reports,6f6dbe58efcbee7077d6aee274da4989-23_05_2025,needProcess
romania/Decisions & Reports,9ad4bc32b8b7017b98eee59d30fed335,GDPR
romania/Decisions & Reports,720e435321a1d96693831b83a113d8cf-24_10_2023,needProcess
romania/Decisions & Reports,7f734b10b5fbfee71e6ad59d52c34615,non-GDPR
romania/Decisions & Reports,a56aca1e702ca532e276e0c9e380dafe-19_12_2024,needProcess
romania/Decisions & Reports,4aa683d647ed373b5d1e615fe2ba4553-1,non-GDPR
romania/Decisions & Reports,66052050b433ffbbbea9b78d16544eaf-1,non-GDPR
romania/Decisions & Reports,c8cebc55a4203aa479c76dc5bf98cdda,non-GDPR
romania/Decisions & Reports,6db114c833e27850cd3c333be9052eb4-26_09_2023,needProcess
romania/Decisions & Reports,1fa3b1fbd4eb6695657c6faf519aa9b2-1,non-GDPR
romania/Decisions & Reports,4ac2a7197a3997d9a87f60001ada7de5,non-GDPR
romania/Decisions & Reports,6166696d3a014b3da36781d8f082ecbf,non-GDPR
romania/Decisions & Reports,450444aae683509299ff54dd498f96da-15_05_2025,needProcess
romania/Decisions & Reports,0397ec91ad682aa8ff1af930cde34b00,non-GDPR
romania/Decisions & Reports,a56aca1e702ca532e276e0c9e380dafe-19_04_2023,GDPR
romania/Decisions & Reports,6cabb430d5d9a1fb2c9e35bd15c16bf7-26_06_2024,needProcess
romania/Decisions & Reports,60023ab01ed5eb4aa2afe07053b38921-23_08_2023,needProcess
romania/Decisions & Reports,a56aca1e702ca532e276e0c9e380dafe-18,GDPR
romania/Decisions & Reports,60023ab01ed5eb4aa2afe07053b38921-03_01_2023,GDPR
romania/Decisions & Reports,872282b6bd2f686cf42541325547026e,non-GDPR
romania/Decisions & Reports,60023ab01ed5eb4aa2afe07053b38921-09_11_2022,GDPR
romania/Decisions & Reports,08bd2c9a0de7efe9fa64301b5c617d7e-2,GDPR
romania/Decisions & Reports,a56aca1e702ca532e276e0c9e380dafe-20,GDPR
romania/Decisions & Reports,a56aca1e702ca532e276e0c9e380dafe-18_09_2023,needProcess
romania/Decisions & Reports,a56aca1e702ca532e276e0c9e380dafe-9,GDPR
romania/Decisions & Reports,63b06ce4635732b0725843e740b4e8cc-07_02_2024,needProcess
romania/Decisions & Reports,911871a0a31a2bee21f8ec0b647f3a0c-25_04_2025,needProcess
romania/Decisions & Reports,a56aca1e702ca532e276e0c9e380dafe-16,GDPR
romania/Decisions & Reports,a56aca1e702ca532e276e0c9e380dafe-18_05_2022,non-GDPR
romania/Decisions & Reports,72bbfcd4be6adc8af5e6f2c8bd08cc8e-28_01_2025,needProcess
romania/Decisions & Reports,a56aca1e702ca532e276e0c9e380dafe-11_05_2023,GDPR
romania/Decisions & Reports,a56aca1e702ca532e276e0c9e380dafe-11,GDPR
romania/Decisions & Reports,dbb4628cef76fa3988c7eebe6c239653-09_12_2024,needProcess
romania/Decisions & Reports,a56aca1e702ca532e276e0c9e380dafe-7,GDPR
romania/Decisions & Reports,4ee9e8d4b570417ba94b234d44c1524d-10_03_2022,non-GDPR
romania/Decisions & Reports,16d5a8b12d327487b7a755435576519a,non-GDPR
romania/Decisions & Reports,a32dc4943f64025a6ed544227dc133e2,non-GDPR
romania/Decisions & Reports,60023ab01ed5eb4aa2afe07053b38921-08_06_2022,non-GDPR
romania/Decisions & Reports,69f954c50b1872c30bd7a682e73be137-28_05_2024,needProcess
romania/Decisions & Reports,720e435321a1d96693831b83a113d8cf-20_08_2024,needProcess
romania/Decisions & Reports,3d2f2d3fbc3b04104a8e2e3244cccbef-01_11_2021,non-GDPR
romania/Decisions & Reports,3d2f2d3fbc3b04104a8e2e3244cccbef-11_11_2021,non-GDPR
romania/Decisions & Reports,ee47dfde296b0bcbe898d7d6b29c5801,non-GDPR
romania/Decisions & Reports,a56aca1e702ca532e276e0c9e380dafe-20_01_2025,needProcess
romania/Decisions & Reports,61f533c4d9ce8d9d50e1b1a0613a4a7c-16_06_2023,non-GDPR
romania/Decisions & Reports,a56aca1e702ca532e276e0c9e380dafe-09_12_2022,GDPR
slovakia/Fine & Reports,54ef487b212e33afb27810660264a8a7,non-GDPR
slovakia/Fine & Reports,67d3b2685719ce40e5e28397445185b2,needProcess
slovakia/Fine & Reports,f8d14170173e5214b6f10cb66a5b39a0,needProcess
slovakia/Fine & Reports,f0422353df847af8d4a7c725f0d31f00,needProcess
slovakia/Fine & Reports,aaf5edf5171a3379894da7c3d015cd5b,needProcess
spain/Decisions,d222daa8a26a5b28e9eb37947491b424,GDPR
spain/Decisions,c384397295226a25cc5d04d210d60f94,GDPR
spain/Decisions,d589ef43a8412bbfb3aaa559a8d5a7c3,needProcess
spain/Decisions,f57dfedf24aa110b60c70dd30c5e5621,GDPR
spain/Decisions,98107ddf029e7c3f8d26b2726e42f73f,needProcess
spain/Decisions,e5626dc9306382718e91220df19a69b1,needProcess
spain/Decisions,91fd47b1457074d7ec8e9597c82176b4,needProcess
spain/Decisions,93aa7c31a1955d00dc84de627f1cb9d7,GDPR
spain/Decisions,c3f2222ca859e81c136539bd0efa8ac2,needProcess
spain/Decisions,a2dfe255b978decc0119be65877c18ea,GDPR
spain/Decisions,39f16c456ae964a1a79cc002dd35d673,needProcess
spain/Decisions,e980c2c0c5a44f5a4aafa35c9d235bcd,non-GDPR
spain/Decisions,8bfb9dd51d75fcd8e081bc1891f93977,needProcess
spain/Decisions,e173236a8e64e55fdae061dcba58fcdf,needProcess
spain/Decisions,a72fdcf6311476241b59832d47d300fd,needProcess
spain/Decisions,a1fd42b5e56306d2384b946484167e82,GDPR
spain/Decisions,b25cb07b68c0b8fc96cacfb1ab7be4dd,needProcess
spain/Decisions,409c701d91e14fde0c8a662a9f87c4ea,non-GDPR
spain/Decisions,ce8a8e492636fb7defbc7698ea72db7b,needProcess
spain/Decisions,8c0e27d67ff59e0bbe42a5c125ea9e89,needProcess
spain/Decisions,4a246b81c94a9faf6b12f11cbbb2b6ed,GDPR
spain/Decisions,1055ed075f42816ffd3ebc660109c60d,needProcess
spain/Decisions,991d17f324af184cc7a8558f1ee5c9db,GDPR
spain/Decisions,0381c5c72f7a9bc84ec2d0dc213ab5ce,GDPR
spain/Decisions,ba3ade17c388d85dbedb75af8fc71850,GDPR
spain/Decisions,2c1a3711d9768b208eb66c1a615288e3,GDPR
spain/Decisions,bc81531348d97201fc07dba6298159e7,needProcess
spain/Decisions,faa51c1d004744fb6f50337b593723e1,needProcess
spain/Decisions,922e25a158755c6eee9e74b8773b23a3,GDPR
spain/Decisions,1e4e9fe91f4b316e85c6d8924c490daf,non-GDPR
spain/Decisions,44ac0ffd82df3f8e3d7f3ceaa411688f,GDPR
spain/Decisions,ff85113ecaa872726073237ea449e950,GDPR
spain/Decisions,1d652bf215ae3d57f085856e294985b8,GDPR
spain/Decisions,e77cef20b1eac1984016f12aff8edb6f,GDPR
spain/Decisions,f8055e2d4be5458d841df233cbc9e4b7,needProcess
spain/Decisions,fbd3d2083c2779817fa56aab13d8d18a,GDPR
spain/Decisions,453458c30224670cef15e1b241830809,GDPR
spain/Decisions,57cc4d1d1253f61919a45c67897bc076,needProcess
spain/Decisions,c927835168419c6df7ff2657c372eb0d,GDPR
spain/Decisions,79781f331f55bed58880b2c1996d795a,GDPR
spain/Decisions,8c6101246b043e0e319fb842d4fff676,GDPR
spain/Decisions,9edeedf9c9da3465dd0bc54b65734f97,GDPR
spain/Decisions,6ae702432c45060311e2eadd4cff45dc,needProcess
spain/Decisions,0524184b711bef02372ba1687fc83a2b,GDPR
spain/Decisions,e2fd41a279a42cb3ad34f1bafe5d4fde,GDPR
spain/Decisions,b95dd9b7a11eeaecdbe1a846db77b664,GDPR
spain/Decisions,151f22ff6678c03abfd1130f18b49325,GDPR
spain/Decisions,2ffd109339ddc44374da1323bf7cc29e,needProcess
spain/Decisions,2bf48304e9b8f3a3df23c8d4e65174eb,GDPR
spain/Decisions,873d2347c6e844f1d2a06abe5f5c8bbc,GDPR
spain/Decisions,142e819d8e94abf5d6b925fcac6e1611,GDPR
spain/Decisions,d9f752724c24eb4e77ed6a1c543d958a,needProcess
spain/Decisions,577862dc9c4281b10f4749df3c767424,needProcess
spain/Decisions,2eeec5c5d0968e00431a0e9c3536368b,needProcess
spain/Decisions,e7183760d305fb11f40fa2451f0542fe,needProcess
spain/Decisions,083034516f825cfc7858830a78686813,GDPR
spain/Decisions,6509cbca1f5daec0141477f874d60b15,needProcess
spain/Decisions,cead77018703af423e870d6f7c5e3fa8,needProcess
spain/Decisions,bc9e17fe83e58796ffc30466508cb2d4,GDPR
spain/Decisions,bf0154669648e33c28c3a01669624e9c,non-GDPR
spain/Decisions,8977c4f3cf39af128ef3830a10e3deed,needProcess
spain/Decisions,baf7f16cea8ec7ea3cace70ddcdb768a,GDPR
spain/Decisions,1d539b1c225249f793dcf5edeb98425d,GDPR
spain/Decisions,3d62f8d120c41acce07a2bba1a1df058,needProcess
spain/Decisions,334d9d0ac1aa4e83a4309868b8499eb9,needProcess
spain/Decisions,c537967c8c8bea37ea30ced9c5dfa50b,needProcess
spain/Decisions,934e09585feaf787dea93c87643eb9c2,needProcess
spain/Decisions,72a839c2d3a197a89a8ad69e88d7184d,GDPR
spain/Decisions,9e868e99ee2c8dda8bb92e2b41e3c19b,needProcess
spain/Decisions,efb4cee5f8428ec1c338caf93ac33997,GDPR
spain/Decisions,ef8cfb6ed3388dc5065036563923c3de,GDPR
spain/Decisions,848d3bd05cef4409ab52fec13ca8bf8e,needProcess
spain/Decisions,cc4d820f65048dcb347d1f06d4e62e83,GDPR
spain/Decisions,be2679f11c6ec3df56d6277b581b8635,GDPR
spain/Decisions,11c91c2caeb7d8f2d85143890d5097a8,GDPR
spain/Decisions,1f24fa9dc39deb682985714db0c2cebf,needProcess
spain/Decisions,25f998afd8a2daea8f9afd1b447c5125,needProcess
spain/Decisions,a7ed046faa673698592fd5ad617dfdfa,needProcess
spain/Decisions,28c462b1768565315ab8ce2dc619ebda,GDPR
spain/Decisions,def493a7be1eb6d0195e2db2c7713e05,needProcess
spain/Decisions,2d699f667088563ac344374304685990,non-GDPR
spain/Decisions,e213f1d96a0f5ca83049a0b26ec1136c,GDPR
spain/Decisions,58370f516234e3ea89709acf7703dada,needProcess
spain/Decisions,a708cb1c95f23ba7e378d091b8bf8839,needProcess
spain/Decisions,bafe0f91fd669436ff7e79329303521b,GDPR
spain/Decisions,24983761b4e49d84df969c89ec4ff4bf,needProcess
spain/Decisions,c858bcbd88f46c5203072607912ba8fe,needProcess
spain/Decisions,6ac067355a706c0ead00b3e5d72f4a99,needProcess
spain/Decisions,d6a6ffba004266d8824d21184d78a8a0,GDPR
spain/Decisions,20e8dd7d0c42bcbe0b1c34a1c564765c,non-GDPR
spain/Decisions,d3a3b4378d123ac56fa5da1d219bff43,needProcess
spain/Decisions,311a483f75c20b4e95d1fa045a564067,needProcess
spain/Decisions,5525d61b13f4adffba0cc56cdb5cc1cd,needProcess
spain/Decisions,f1ca0d67cfb86f6b44404806ef0f5d0b,needProcess
spain/Decisions,7ed8a02029427898e60e614a8b252268,GDPR
spain/Decisions,9ef025bfa316673821843a3de9a453c2,GDPR
spain/Decisions,e2a3ab3d57d2a535b22754b8b0a4c85f,GDPR
spain/Decisions,e3428a9944cee272a871b8afd8d13d3f,non-GDPR
spain/Decisions,c9ac5c64e2cb0fc546bd64204369d19d,GDPR
spain/Decisions,c2d1b0ff4b3c5ace74bccd0c7c23c05d,needProcess
spain/Decisions,a4e030df6baa8ff0e377ad0e62d2373d,needProcess
spain/Decisions,5fb470803607b04eda7dd94cc04504a6,GDPR
spain/Decisions,ab679b577f1ab7ad39e95913dab2a975,needProcess
spain/Decisions,12662737af0ecf098e65c3319321d4f9,needProcess
spain/Decisions,d943fdb5ba15a147d7629b91731755d5,needProcess
spain/Decisions,755e026036345132f3acf2df47b96df9,needProcess
spain/Decisions,9062d1876cb3cb731a4f2f33893c9f99,needProcess
spain/Decisions,47e717d88523f2d180c0d1a24f744c38,GDPR
spain/Decisions,d4c077f78c38c4cc8ce012a87c672826,GDPR
spain/Decisions,1d4e93eb97a337191eabf6ec448d8ce7,needProcess
spain/Decisions,056058d7473d4c073a9f18c5f05d501c,GDPR
spain/Decisions,247384b759ec51d2057b94127fe2b398,needProcess
spain/Decisions,6afb59051ac550becf23c28368d167e9,needProcess
spain/Decisions,914f78dcdcfd006739487b723db0006b,needProcess
spain/Decisions,ca1a206eb10342374d0fa21ede34ba86,needProcess
spain/Decisions,32d3474ccac8915c967daf89e108dc73,needProcess
spain/Decisions,12a9949fcf86c730254d18744ae7e074,GDPR
spain/Decisions,10a7454701d5e79736f60680e4ebee34,needProcess
spain/Decisions,cda189ed43d7920b8b79b08d39c4610f,GDPR
spain/Decisions,5122af7964039ea3f0d608298fca1d57,needProcess
spain/Decisions,3f03b01e8e2b2f88ba078b13ac6ec20e,GDPR
spain/Decisions,b2e962f755b28fcc65ac4d1335315049,needProcess
spain/Decisions,5d61530c762e271b526596734d61a2e4,GDPR
spain/Decisions,bab24c51b63fd751939414e4aefa744f,needProcess
spain/Decisions,dab096e46cd9dae24404b7694a222744,needProcess
spain/Decisions,5cd2566a7c4dd5fea6ddcf6960fd7d41,GDPR
spain/Decisions,3dde2841182f0ef46690773972b0297e,needProcess
spain/Decisions,323059c795196b62aa61e465910a9bcd,non-GDPR
spain/Decisions,f2050eba61f608943bfc0a4ff519132b,non-GDPR
spain/Decisions,c87fb67a31363c4f99921ed3383fc237,GDPR
spain/Decisions,02ee5987348511056b65251865d362e0,needProcess
spain/Decisions,6850b6adc5818ee65006462e664a017d,GDPR
spain/Decisions,14fa6ffdbaa7cb2d48b25dccfa63b498,GDPR
spain/Decisions,7fd366856ec1c1a4774cadeeddbb7e29,needProcess
spain/Decisions,0df8e120a6250f66761794e495ff9f31,needProcess
spain/Decisions,42a71bd7ee84746066deb1e74ea7bf90,non-GDPR
spain/Decisions,25a0441daa438fb72085935d7e881893,non-GDPR
spain/Decisions,7d27049d93e1d32064887f04419c3a1a,needProcess
spain/Decisions,d8403fc119f07f16ab0cd120eb833813,needProcess
spain/Decisions,80243c01fb1d225e350683648baf9e70,needProcess
spain/Decisions,3c217c43cf96c17a9a679cbfd5511c96,needProcess
spain/Decisions,2431d2c5fcdfe5b3c97e45b06a9dbeed,GDPR
spain/Decisions,3a1b856acd21a627c7794e15f9bf33dc,GDPR
spain/Decisions,f9ee39a46593c4dbf7a993c0626b331b,GDPR
spain/Decisions,080850abad2dbaf408e93f9a22a3a4e8,GDPR
spain/Decisions,9207a35689785be5179f7e0fd8ffac97,needProcess
spain/Decisions,b65cdc7df0d4e93944677894f0f3cf60,needProcess
spain/Decisions,2ea3b80646e1eff2ca1413501fde1e8b,GDPR
spain/Decisions,5cd116cc19e7c6be1086de64dc75be0e,GDPR
spain/Decisions,83c7b8e7c6cceca67ab9ca24b35f3f73,needProcess
spain/Decisions,2f1e4fd02adfb108dab1db7d535c8091,needProcess
spain/Decisions,f85d6384d537fa4c23ded3468c473c74,needProcess
spain/Decisions,e55a89ec1252ed762769dacf553a755b,GDPR
spain/Decisions,d1a5a6f06f7764be2956027cb06aa4fb,GDPR
spain/Decisions,0d93978221a26703229e2871675485d1,GDPR
spain/Decisions,97aa96d78721313f44ac7ef844561a6f,GDPR
spain/Decisions,c86f8ffa677d2139ab3fd91ddd159c4e,non-GDPR
spain/Decisions,08ce8f0bc9e734d82170ba913bdc020d,needProcess
spain/Decisions,e65cd4884aa64f17812cf255b858551a,needProcess
spain/Decisions,4e46306d8ea2c002bff8c0a62ae89277,GDPR
spain/Decisions,88bd311276326e65a6a8cc945078b1a9,needProcess
spain/Decisions,78e1906e87a043c70da35678ff58e9e2,GDPR
spain/Decisions,aa7d283df0129d08d89db8fe312f8db2,needProcess
spain/Decisions,ebac26e081cba4bb53395e52429c2c6e,GDPR
spain/Decisions,590280873b6c73d59dbd7b00c0b9a852,needProcess
spain/Decisions,7e763828b0d61194f299e976518b7269,needProcess
spain/Decisions,15319fcb7587bc88b0b77bbbb99ef22b,non-GDPR
spain/Decisions,66a61088369cab614c6d79381489166c,GDPR
spain/Decisions,a2a068bc68a4dc5dd487f9e961a4db88,GDPR
spain/Decisions,c3652255c190d5d37cdd1a28a8d9e25a,needProcess
spain/Decisions,57ce7b457ef800ad4cb061bb0fa5162b,needProcess
spain/Decisions,f95663c44a8685bed44561b360ca910c,non-GDPR
spain/Decisions,6b807756312f9a9fcce03bc4de4d2f1c,needProcess
spain/Decisions,2c7b609dc3bac0e95645c225cf3b3517,needProcess
spain/Decisions,dcae4cf8063f97d5f41be3a3e5e5e04d,GDPR
spain/Decisions,30ea64102317103b3a1716c2238dfb3c,GDPR
spain/Decisions,60abd64190088485ac346d79ae4e732b,needProcess
spain/Decisions,b8b22d4f49d4456c3d5b9c33b5043bea,needProcess
spain/Decisions,636d07728b75ebb8c83ff3e73dd31d63,non-GDPR
spain/Decisions,a5d65f90f756c9a0ca317766ca6bff1d,GDPR
spain/Decisions,27f5511ae85ca797d85f41d570a0d9bb,non-GDPR
spain/Decisions,7e8d0e00e7b26b051446075fd20b316f,needProcess
spain/Decisions,b72f718dc127915e117985abf79882ce,GDPR
spain/Decisions,6a87c9d2dcb95d097f6ca0cab1e2fb21,GDPR
spain/Decisions,6ee1a0ed20517bee57ac2b3c55f8406a,GDPR
spain/Decisions,4958ee289172526767e45d8cfdd61828,needProcess
spain/Decisions,ebec83c8c6cd81dc03a24749295d195c,non-GDPR
spain/Decisions,8e8086072949d1fbd3391c45b5d6dc0a,needProcess
spain/Decisions,5f10c3748586e6632d93bcc1e1e4efe1,needProcess
spain/Decisions,42a396ec8c73ea4e7417fd017d11482f,GDPR
spain/Decisions,f6521935450eeacb9f58b5260de8e812,needProcess
spain/Decisions,e3d83e1c9fe4d9436e2d50b6a7b9692c,needProcess
spain/Decisions,5f61338fe66cb6566156fe5d4eab323e,needProcess
spain/Decisions,afa31d0e25f8f55ab47bf9644f07a488,needProcess
spain/Decisions,c3156e2d3a3b8974325cf04fea2c45b1,needProcess
spain/Decisions,a10f9dbdc2683a4cd351c8b918a2f613,needProcess
spain/Decisions,b325250f8bf9a82ec136dbca75eab2d6,needProcess
spain/Decisions,8ebd8ebb6d716b67c5cbb40ad42800cb,needProcess
spain/Decisions,286a25b206c96ef01b0c79da13dd77bd,GDPR
spain/Decisions,60c79cb0a48dec8001665138be97360b,GDPR
spain/Decisions,7a4598da9ab01891d8215933df248442,GDPR
spain/Decisions,e9ba6603889c3de1dd198e20a9a17953,needProcess
spain/Decisions,ed585531803495ba295d6c286d4c6b8c,needProcess
spain/Decisions,b7e35fb4e890a2e6b7815940c9327425,needProcess
spain/Decisions,f4ce5bb0307c0d09d63feadc233714a5,GDPR
spain/Decisions,ab09a7b4aa42e141e5d066f856ff70ab,GDPR
spain/Decisions,4cedd3786541baa2b072934c964e3f0d,needProcess
spain/Decisions,687e8483571271778b0cde651ffac6b1,needProcess
spain/Decisions,0a6bf7399dd0b0e425cb24be157bc692,GDPR
spain/Decisions,3fad10e7d05d3cd23ef2c3046661d45b,needProcess
spain/Decisions,cf47c6d4d3991c902ca6f1c4e698937f,GDPR
spain/Decisions,f5709093c70a77f2c0f76c8b8fd7dd37,GDPR
spain/Decisions,53a6f7e721bd34c2184ba9bfec776c0d,needProcess
spain/Decisions,90aafc4a37317e61458fae2b8391b451,GDPR
spain/Decisions,cbbeafe284d2be59a23fa2700c0ff3d2,GDPR
spain/Decisions,7328c0f3e4648063537de861856ec463,needProcess
spain/Decisions,79309a37b88fdbdae6b982ca1d4ad588,non-GDPR
spain/Decisions,5c2ee92f11b0db6179b831cecb5ca0fa,GDPR
spain/Decisions,987504df29f8e847e9e09ef81d2c637f,GDPR
spain/Decisions,edd95ed66b5e87ec8f05c3824a818a59,GDPR
spain/Decisions,de1f7a404fe19df1789d4d5b386cf65a,GDPR
spain/Decisions,a736750e2f794718d3e6d1e8d4f9831e,needProcess
spain/Decisions,5681eb1ba95a10c2a7f540a88901ab5b,GDPR
spain/Decisions,142728b5bee87c06055cfc9303a8f919,GDPR
spain/Decisions,767fc5b6a0dd8ed8bdb8fdedf0e4aabf,needProcess
spain/Decisions,1f029e310df230d1000acce5713991d5,needProcess
spain/Decisions,2a707f777640efb94ebf5fa88c3cd3e8,needProcess
spain/Decisions,e9a860234f85e535314ef2c162544d88,non-GDPR
spain/Decisions,93fe61dfae83a9164a9fab4975e4fcdd,GDPR
spain/Decisions,1dedc95eaaffcbea5720934659da4e06,non-GDPR
spain/Decisions,093c5e06f9a53e19ded714f7b38d3002,GDPR
spain/Decisions,ceabfe2ef8329256ae58db9727462fd9,needProcess
spain/Decisions,86a0aa5bf1b4c6cbf8ac809fda788568,GDPR
spain/Decisions,095c07a8b0be2ed73cabd19a16ca68a6,non-GDPR
spain/Decisions,9cb0a9230b32c5df585cd04ec1965d59,needProcess
spain/Decisions,8030ac8122bc968c72a31bdca80003df,needProcess
spain/Decisions,16410f7fc0a8e7c6024e60d427630b4d,GDPR
spain/Decisions,51ce1b9adbb62c2c5921e8934a7d7aa0,GDPR
spain/Decisions,1f65745975740948ae0bb29b50582adf,non-GDPR
spain/Decisions,a92dc03c5a8b86e5ca7f7ab87c6e2b25,GDPR
spain/Decisions,d0eb64c279db3fc41b63d1e8e629619a,needProcess
spain/Decisions,e5ac649893fa7e7629bfb52003dbe6fb,GDPR
spain/Decisions,55f6093c23f82b4ee6901eb1ff8d229e,GDPR
spain/Decisions,91bd5a35bfb628f500231edfa6d3421a,needProcess
spain/Decisions,b17b32e2e6cab2fd279801a1b6962266,GDPR
spain/Decisions,5d7ae2ac882ec00eec186197aaa7395a,GDPR
spain/Decisions,842d4a413f07559aff11e9e74ad05319,needProcess
spain/Decisions,36aa8ecdd437c3b66043eb35dfdba78f,needProcess
spain/Decisions,5a32de3005f7ea917257b9f00f1e3681,non-GDPR
spain/Decisions,949761ed916d1aceb365f205a0be875f,non-GDPR
spain/Decisions,0549871c72e11aed30f5d640311718c8,GDPR
spain/Decisions,c70610e06ac1e305fbef8dfcd8550630,needProcess
spain/Decisions,5e953a77492eeba541531f3b8f52d19c,needProcess
spain/Decisions,0dc36dfb0797950edcc7d1d62d6f0b57,needProcess
spain/Decisions,219ec47a0c61f73fbd6ef69d2ed397e3,needProcess
spain/Decisions,114f619ed567c7441b1c092a250bf1e6,needProcess
spain/Decisions,a9c6de0f4ddf848a2c28551216f4f068,GDPR
spain/Decisions,8e6067dfcbffdacffba4c2f7bae477be,GDPR
spain/Decisions,be16d459adec50db87820b1243c7d969,needProcess
spain/Decisions,1131706fd5af022e59a9de93d7e03bdf,needProcess
spain/Decisions,8146a6ee738537dbff0b4169464dca5e,GDPR
spain/Decisions,1d859823a992acf230cf411a595c3e4a,GDPR
spain/Decisions,dae782f00c652e590d9005dd7bddb735,GDPR
spain/Decisions,cdcd9f2a44503506b0edae0b412e773a,GDPR
spain/Decisions,97b46026a55c4d930f14cda528ed8cc4,GDPR
spain/Decisions,da0e145fdac56907ffd5315e4165233d,needProcess
spain/Decisions,a71e8579bf9f2ced386c616b0902740c,GDPR
spain/Decisions,93ca45bf56ad266bfdd11abcfe4c7339,GDPR
spain/Decisions,788747f7c417e518d557fe03e56df73c,needProcess
spain/Decisions,4f90fd73055ef336435219b1966a7d86,GDPR
spain/Decisions,d4640924f0be0143c70c513eeb3c86b5,GDPR
spain/Decisions,bb177de6feca7591ae77a12c3f117a44,non-GDPR
spain/Decisions,a4f109d9f4616ce7eb1705d17c32f781,needProcess
spain/Decisions,e01d79e358652cd80394282e8dceb227,GDPR
spain/Decisions,9c41c6ffd0d6188c797eaf43160d3203,GDPR
spain/Decisions,e1e07684022059095cb70ace499a75e2,needProcess
spain/Decisions,e769cebc926754a0c588ce6172291a5c,needProcess
spain/Decisions,e9f3071df436dc6c4942eedb3adb2dce,GDPR
spain/Decisions,60c748bd40e95a10d48a524c0a6d146d,GDPR
spain/Decisions,5736d1e8adafb9707b281c48a53b49c0,GDPR
spain/Decisions,acd4fc89565dd6952e2ea8b6a5b84911,GDPR
spain/Decisions,e21c4b47820204ec6bcfe6849de7e621,needProcess
spain/Decisions,39261a19d39aee355e60acc90a744244,GDPR
spain/Decisions,0838fd814dbd0a6bd2427a01a89caf24,needProcess
spain/Decisions,1815328cff06ac9e7bb23a1c5a924c71,needProcess
spain/Decisions,4fcecda24c70561b214ca1ccb902cea6,non-GDPR
spain/Decisions,c2a4fc0d51fdf7ea48a21d12e37ea726,GDPR
spain/Decisions,9a4706ef5b09edf824826bb7be6ac637,needProcess
spain/Decisions,b0cd281713778f1b63a0a9466959502f,non-GDPR
spain/Decisions,22eb2e8a54dd6fad756d785fec5d2b8b,needProcess
spain/Decisions,6b0eb210593c2f5a68c12e231ada8b29,GDPR
spain/Decisions,665be78228abdf2be039e7c7538570b1,needProcess
spain/Decisions,aaf3f03165b0d729965a985c9487a6d9,needProcess
spain/Decisions,7e16da3a6a770694b11e4f8d0d9ed144,GDPR
spain/Decisions,df14d732b5886277654491dac0e2fd62,GDPR
spain/Decisions,fe70ea498a67bcc12db979e53f06cffc,non-GDPR
spain/Decisions,33440f810f5e25838890d0c6c3ecac2b,needProcess
spain/Decisions,2fa024b6b6011bc2ead2634cc99a9817,non-GDPR
spain/Decisions,c3b4afa0a6195caa94647eb82e65185d,non-GDPR
spain/Decisions,05410111d2fe1ecbeb33303195d1c215,GDPR
spain/Decisions,aaec356fb3160690b19bf9b1ab29a7fc,needProcess
spain/Decisions,c362219dedf0999281432f5757153e0d,GDPR
spain/Decisions,0e3c5558edd57082d9ec7e1666975eb9,GDPR
spain/Decisions,268aca0fcad37d117ee34baaae1788aa,GDPR
spain/Decisions,7c833c4cf7761ce8f556ea886f0b0917,non-GDPR
spain/Decisions,2dd55af56777f0d6508477b59f46bfe1,needProcess
spain/Decisions,5a283235458049c03fa95589272a23e3,needProcess
spain/Decisions,074a2b1a17dbd2324eaf62f64f44e280,needProcess
spain/Decisions,f9caef11786affc3201d2779c9b0ee4b,non-GDPR
spain/Decisions,46ce4cad5b97925a77aae30f9f9f5a92,GDPR
spain/Decisions,ab89e75e86e5a1ddcf9bf6fc942bbad7,GDPR
spain/Decisions,20747f10f6a5e3f09e2a9255e009b612,GDPR
spain/Decisions,2266dbcb868233c2fe64a10102475785,needProcess
spain/Decisions,aaedf4e5f7df0e3bedf1de9036fa39a9,non-GDPR
spain/Decisions,30bd525bf0919335116e871ef6a55b5d,GDPR
spain/Decisions,2234125eced647d51a3bef196379b63c,needProcess
spain/Decisions,4c34354c31fc0509561f3692a8702580,needProcess
spain/Decisions,18cb5af39628c58b2c6a815f61e11f43,needProcess
spain/Decisions,2dcf8f0b60044b841d7c6f91825c5521,non-GDPR
spain/Decisions,9e16d96339122f2a58d17754379a9b29,needProcess
spain/Decisions,261c5dfd0407c5f0e43f123a073f79b6,non-GDPR
spain/Decisions,93ee851541d87bcbc7a14f99b5d64e8f,needProcess
spain/Decisions,612d11b682c5ce8275bf142c4e76a5db,needProcess
spain/Decisions,6b8761d7de71e176bd23853d6c019c57,non-GDPR
spain/Decisions,3e0cfb9af02e7178563373871902bf4a,needProcess
spain/Decisions,33affa24ce361f1d7fb57fc0ee07a794,needProcess
spain/Decisions,165aa0b454a9c09612b9b2a7c2b4af77,GDPR
spain/Decisions,31e24beb6f8d9331ac6540d814e3ae08,needProcess
spain/Decisions,efb8622341f534348ef266ec4aa838b2,GDPR
spain/Decisions,8d4bf5501a4d6134e7158c716b567adb,GDPR
spain/Decisions,b24d29c5328ecfd0c28bda2bf0dd4196,non-GDPR
spain/Decisions,a66ff2e4c721316734686b4e730fd740,needProcess
spain/Decisions,c41f84e266c866930c0e687e3b083fdb,GDPR
spain/Decisions,469d3d8d3106915b53400d704f54712a,needProcess
spain/Decisions,7b9c56cb00a10be1ff7aaffa07141ff1,GDPR
spain/Decisions,d3d2ec84d148c693ffb3b01a0a870e50,GDPR
spain/Decisions,93ec76f082a2fa96277b19eaf5f89844,needProcess
spain/Decisions,b9739368f0f5423801ca90183e64eda9,GDPR
spain/Decisions,e518e94ef263f8c075b6042e1cda9a38,needProcess
spain/Decisions,4c04406f5b10f88d7d95c2ab2725b033,GDPR
spain/Decisions,3ad3584bffe6e8765510512e67c74ad0,needProcess
spain/Decisions,f9ad10092f5c281b9f74c61c6868211a,GDPR
spain/Decisions,1282657a18cff7a6eae74fbeaa004a33,GDPR
spain/Decisions,079f757b093c2491379ecc26e3371c24,GDPR
spain/Decisions,f6722a2ffeb355d639bd08a9c8c44a93,needProcess
spain/Decisions,19c5200ccf8ccf14d9a4c5e943a431be,needProcess
spain/Decisions,f62613702474ad8de4f99f0ec36f1a87,needProcess
spain/Decisions,baea10665ca001e73055dd7a89699a53,GDPR
spain/Decisions,60bb198f425b1f20481ac369ca8fb0d0,GDPR
spain/Decisions,ad1cae15d4f7cb2a18c5928daac93b29,GDPR
spain/Decisions,880ea7ae6ae630bde2f0c38918617497,GDPR
spain/Decisions,5e8c3b22aa023486694af9979c3a1328,GDPR
spain/Decisions,5c0570766fe9639ddba9a822044890c0,needProcess
spain/Decisions,2a499e54dd19a812501bdd328f9be30f,non-GDPR
spain/Decisions,c71980569bd989217c1d735958098a33,non-GDPR
spain/Decisions,79cb989bed841ef46c743725a66ab10d,needProcess
spain/Decisions,ff23c70dc31f8fe617542bff6990d208,GDPR
spain/Decisions,a8da57c7484f2509cfe2facc13649ce7,GDPR
spain/Decisions,fd3772697ded3467fb914a4082ea8f82,non-GDPR
spain/Decisions,c56f6eec0d758d20e7d311666a911455,GDPR
spain/Decisions,046070e4da45ebd2aab7f30e6f08afed,needProcess
spain/Decisions,0a9a907aecd615a6ea0b0fd579e2a7a1,GDPR
spain/Decisions,b0fa715997cebb8655a46fd8cf37d969,needProcess
spain/Decisions,0cbb70c0e515c3e912ecf2f4616f9946,GDPR
spain/Decisions,8b09ff74791dd61df13c7b344208a40d,needProcess
spain/Decisions,f17f22d335af5d0410f72a07d75b9eaa,needProcess
spain/Decisions,b5b151cd824a36fbc0632814c8104239,needProcess
spain/Decisions,1cfbaa8d24a9266270bb95dd03330461,GDPR
spain/Decisions,6e6fee4a4b7992d8dcf2155926053303,GDPR
spain/Decisions,e29df1abf272c7c57fa22b9f60bf5d2e,non-GDPR
spain/Decisions,620e9a5f428cbe77706d04ed0dc85bc9,needProcess
spain/Decisions,01bf46d747013586c840405a05582cb1,needProcess
spain/Decisions,4d6e4ee163921903a2815b5572f9ee03,GDPR
spain/Decisions,c83f5e42030669a85a325a01e0c7b015,needProcess
spain/Decisions,513fbbf8fcfa1900193899fb64e8d529,needProcess
spain/Decisions,9fcc60f0b2a7075ae6dba3dc292b57ff,non-GDPR
spain/Decisions,b304f572190b2e47927d6e7947e9c4f2,non-GDPR
spain/Decisions,533df1f5fd7ea96d71a2325b5731673b,non-GDPR
spain/Decisions,cafc54ee2bb7c73dd97f46b994f5f9c1,GDPR
spain/Decisions,de0edae5f5f2beaefdb75f71f537b2b2,GDPR
spain/Decisions,14019d2d89f28c1e8f43f0cddc359ac6,GDPR
spain/Decisions,21ad28399878f812487ccd4b7348cd23,GDPR
spain/Decisions,f004c5de2cb777560c78dcef9296c754,GDPR
spain/Decisions,c1a728ae9532b5e93b4431da02a039bb,needProcess
spain/Decisions,18943e0ea859fa3fba136acf76f2b72a,GDPR
spain/Decisions,3eb0a649e304c91b2e91fb2402c7a6b0,GDPR
spain/Decisions,d4df22f8f840e0beba42c93f3fbceef0,needProcess
spain/Decisions,88e88015aec19dc8e1aae4283b2440e1,GDPR
spain/Decisions,755d72da2c4d490c07919a7c72edf566,GDPR
spain/Decisions,07737f5cc3eebe68e16a0264dc075b4c,GDPR
spain/Decisions,ec47559ca5cdbe68db17d3bdede8b320,non-GDPR
spain/Decisions,5b446367484fb17720ac56dea450bcdb,GDPR
spain/Decisions,71f6e9fec1f1df9f67361e10527e8ac5,needProcess
spain/Decisions,955bba3a3e45eaace9fa47316edb8e1f,non-GDPR
spain/Decisions,be12596be3dd3914d76f4350de9f478c,needProcess
spain/Decisions,288c54f50d2158181f628a32d65e4c36,GDPR
spain/Decisions,d23524e9029818df30fd20c40e8469fe,needProcess
spain/Decisions,be23bdfe436f009b895eb62aeeabbd89,GDPR
spain/Decisions,a3f32c6d9adefe0f9764730a590f6bcf,needProcess
spain/Decisions,7c01ab001f39c4adaa27693dfc50ff63,needProcess
spain/Decisions,eabc073798728918e5c6ee8337802bde,needProcess
spain/Decisions,0cdc28c9224c0e6d008688c8b5273435,needProcess
spain/Decisions,7c16065c452fec37749c0ca1d53e5561,needProcess
spain/Decisions,632af11486e19959d03bad931bc82f31,GDPR
spain/Decisions,99c91c7ef6784512555d5f43d0e3958c,non-GDPR
spain/Decisions,95bf5968c37ace2b09da966f812fb7f2,GDPR
spain/Decisions,96070326d4803abbbfc0172737f55364,GDPR
spain/Decisions,ae65d2d26672b5682828a56d96db30fb,non-GDPR
spain/Decisions,e29923247b12f18d9f554953121a1022,needProcess
spain/Decisions,c88c16d3e8eeea171e3c26c8b127d189,needProcess
spain/Decisions,1ab63c9c8b3707b8c15a18ad3c543716,needProcess
spain/Decisions,ec00217499a455b7731f18cef743c9f6,needProcess
spain/Decisions,1006718f741c36f346fc732cb3e56354,GDPR
spain/Decisions,4044c700a32401a080a79f12552d93ca,GDPR
spain/Decisions,a23c72f7d8c6c00c87e00809018aa3ac,needProcess
spain/Decisions,a145da6bf15cca53fad8cb9839dba17d,needProcess
spain/Decisions,e4571c9addf849b73dec245b61e86493,needProcess
spain/Decisions,e087bd2c983a022fe36941dc2de6eb2b,GDPR
spain/Decisions,4459b373bd134f28371b4a71c66db3a1,needProcess
spain/Decisions,c66e5da2424acf823f335faddab3de4d,needProcess
spain/Decisions,70e7eb1a0ac79fcd2a03cecd97e55585,needProcess
spain/Decisions,5d664039fe4e42de2d6f2f151fa5388a,GDPR
spain/Decisions,9b5ef9089114c7b2e1c54fc9e2b036ed,needProcess
spain/Decisions,8f29206e2d2f65a714d6f1b723fdc26c,needProcess
spain/Decisions,71d7f3d619f859dff20e7830d64f8e67,GDPR
spain/Decisions,f4913960fb646addfbcec6ea1ed06357,non-GDPR
spain/Decisions,881cd89fb09dd5a2f76977f6eac72304,GDPR
spain/Decisions,7d481c948a17c367585cb1c0abcdb285,GDPR
spain/Decisions,be15e80995abf249c5fe3f66ebe00a10,needProcess
spain/Decisions,0ab43d3d162a56d2398a9cb224cd41d6,GDPR
spain/Decisions,72b99259cbb4f12e87ffb20c6ce33ecf,GDPR
spain/Decisions,81f0f67a04eb6af89d1302a88659a984,GDPR
spain/Decisions,55e6b331dc8ad84e97e49d9672f317cf,GDPR
spain/Decisions,c02e2d3aa14604f1fabccaeef4acf1da,GDPR
spain/Decisions,e6be622a2ecadaff2a0745d423c357e4,needProcess
spain/Decisions,1ca4daae632bea3c458813870913a16e,needProcess
spain/Decisions,8b1d132cc70de75c2b562099971f2e58,GDPR
spain/Decisions,a4d9d9a8ab76fcb8f13e470d5dad8251,GDPR
spain/Decisions,1c98c44475e2a41ef8830485e1836e53,needProcess
spain/Decisions,453c5c7cd56f49eb7b387297a36934cf,non-GDPR
spain/Decisions,501b3bab6e4f88938431b8d925ea14f5,needProcess
spain/Decisions,3117330a69b0ecfdf8214a17a10e5628,GDPR
spain/Decisions,6b040769d2198d64c4ab5b038e2fc112,GDPR
spain/Decisions,076341d56d49b671f245325f4c67419a,needProcess
spain/Decisions,29f4361f0d833bf4bd01f18872624a80,GDPR
spain/Decisions,644a451766baab1e8502f057c35bb71d,non-GDPR
spain/Decisions,3a19e68f8acebdcd276893b16c07d307,GDPR
spain/Decisions,cd45ad0947766878ab3ed49f95fe451d,needProcess
spain/Decisions,408f9a098a409c7322ea9e93e5cde2c8,needProcess
spain/Decisions,02a1ffc91d0b7b30e150ce4f29982e70,needProcess
spain/Decisions,7c93584062d2150dceb6ac1375f497ab,needProcess
spain/Decisions,f5e8a3015798aa410656b25f428cb49f,GDPR
spain/Decisions,e8b9a1a301c4a4a07a0318b26c9cf0e5,GDPR
spain/Decisions,d120be165418f213da26748003770eb6,needProcess
spain/Decisions,3eedafb183a6f1dc82a388d36e2965ee,needProcess
spain/Decisions,2efb410e5d8767ac51e42c327be506e8,needProcess
spain/Decisions,0d024579e66c9c57055ab961a18ede2b,GDPR
spain/Decisions,8f2f1f57155154aeaf534f133cdd4035,needProcess
spain/Decisions,8dbd7415e80518e2d7a8e0bad5186015,needProcess
spain/Decisions,788bf2000bffca4254312a0fb42e0ddc,GDPR
spain/Decisions,ab5c2582890bb69b9f538e3a8d3eb41d,non-GDPR
spain/Decisions,2f2857ac8b89c29f3d51e75717e0f6f5,needProcess
spain/Decisions,548cac7efb2edba5d5009edb603f6280,GDPR
spain/Decisions,323eff62d571a1d4e32318eadb8ef3c7,needProcess
spain/Decisions,6cedff62101c5f3533d310cd868bbce8,needProcess
spain/Decisions,3f0ca5d4e7b72cb4f7298466264cf975,GDPR
spain/Decisions,2412631c142a773a1a5e6835d6ca6ce5,needProcess
spain/Decisions,296dddc3b408187cf6d1c7d18bedf6e9,needProcess
spain/Decisions,b51e471561b1fb615a316d859ac5b2e0,GDPR
spain/Decisions,c3c71ceb401c69c64dad57be951c5d0a,needProcess
spain/Decisions,00d30d7ed4910bbaeae4f8f0089faea2,GDPR
spain/Decisions,2039534cd1cc733ad9ffe6b986a5217f,GDPR
spain/Decisions,f5e315830838ad6545288e56b600ab0d,non-GDPR
spain/Decisions,deef085538670819264f782ff206ae70,needProcess
spain/Decisions,54064110c804bbbb02feed289d6765f8,GDPR
spain/Decisions,48827c5caf16dfa3cea8296a02e307e4,GDPR
spain/Decisions,2270c5c0154fa69f81abb430e36659c4,needProcess
spain/Decisions,5fd4f45ae17f4b88060eede4f3492834,GDPR
spain/Decisions,c6ce3c569fc21d2ea486b46cbb9eb169,needProcess
spain/Decisions,57d615f67001c05712e5f98b97c7df28,needProcess
spain/Decisions,ade42f5d48c9edf978785cde66d91294,non-GDPR
spain/Decisions,64f9b6e6829a182dfcd4a51b3c68edbc,GDPR
spain/Decisions,718af0bba488e2dc3a03e2cda0b38da8,GDPR
spain/Decisions,03503e663fea99897133b520d69e43eb,needProcess
spain/Decisions,0025b750a8263f69d93852e3adf109bd,GDPR
spain/Decisions,777c896fd68f5970f3ad719c078e0823,needProcess
spain/Decisions,cfd534f15dd493350e663a57b384715f,non-GDPR
spain/Decisions,99b5781f5ada11f5d4b65f60db7d2dd8,needProcess
spain/Decisions,ed3ba9d37a4ca0ce4c434c8a7a8d463d,needProcess
spain/Decisions,f3162a9a423cdda05e2acf494147e821,needProcess
spain/Decisions,546a0177091f33f6e030e4a2860f97f9,GDPR
spain/Decisions,206e9d8526f1ff5cca2e7137abd59231,non-GDPR
spain/Decisions,1118dbadb0c1a5b323e4e6441a2fac2a,needProcess
spain/Decisions,7ecd68245f0db521f252ca64ae1eb0cd,GDPR
spain/Decisions,f2973a7aa27e0257693aece5a8ea97ac,GDPR
spain/Decisions,6413f7ea52147dc158df4a6b20c2c852,GDPR
spain/Decisions,bf472e79bc240da9a38a5e6388edc280,GDPR
spain/Decisions,fa2de7cc9bed3c8b09b922b02a15e81f,GDPR
spain/Decisions,8d83f2e50618f1a18bb21c62c6872aef,needProcess
spain/Decisions,19dc35168610165764e3057b44255e02,needProcess
spain/Decisions,7172b508a0e1cee47d3ed57e6b28dc54,GDPR
spain/Decisions,06997da50189ea98d2e9f37a515827ed,needProcess
spain/Decisions,664730a1b905c88a4fea483e7b016409,GDPR
spain/Decisions,72e249e640e32290229ba1962019dc62,needProcess
spain/Decisions,9699a544105b43dfb27b6941557268d1,needProcess
spain/Decisions,b9476946212e6c670ca9331b6bec67eb,GDPR
spain/Decisions,77569c6ce85370727b6e57286e9334d3,needProcess
spain/Decisions,5408c436c5baf4dd400fa56a361f0291,GDPR
spain/Decisions,805a654fff61fcf06995b8987219c06b,needProcess
spain/Decisions,ecc5f7a188fb767b1477fe8a356c81f3,needProcess
spain/Decisions,eaed2bfa4c116fc7ed2180160befb1f6,non-GDPR
spain/Decisions,5cb468a7d5abffd1a085c53ef177d690,GDPR
spain/Decisions,ac4cbfa0842b552fc32621aba887567a,non-GDPR
spain/Decisions,d8c512584745bf28e7f1db10e51190b6,GDPR
spain/Decisions,8d336f1f6e8abaf480d68bddb369280e,GDPR
spain/Decisions,5c20ff64ab91aaff4b1f43a5724fcd56,needProcess
spain/Decisions,95414480f19af639ad635c560fd74b7d,GDPR
spain/Decisions,0b517c73888772f05d54025b54111a49,GDPR
spain/Decisions,86021a3c7bbc79ae41b097fd3397be22,needProcess
spain/Decisions,8224da2bed8243e2411009c5aeb92131,needProcess
spain/Decisions,09ceac8b461f7aa8f216b0811132cb28,needProcess
spain/Decisions,41239501fe2519088c84b1f9b70afeb5,GDPR
spain/Decisions,d7366c01b3d3a19ab2fecd64a6d3709d,needProcess
spain/Decisions,ede0387b96d3757abaf40cdce691591b,GDPR
spain/Decisions,861921468b77f18b8ec8e58cf624fa70,needProcess
spain/Decisions,410127537105bfa8e06feef14495a60a,GDPR
spain/Decisions,0c62dcd3b4399ffa9ddc8e7e2eaa2e0b,GDPR
spain/Decisions,233632a096e4785808e838cf2b769a54,GDPR
spain/Decisions,fc38c455ef4caa499a2a7a4919ddbcad,GDPR
spain/Decisions,b0f801661d8ea4c4fb27e3d3a349f48b,needProcess
spain/Decisions,0af05fddf4c00f61c4cf30a7ccbc68c3,GDPR
spain/Decisions,16c167810a30425358259863b41cc185,needProcess
spain/Decisions,71a468a8861f4f974df2c157c8f84f76,needProcess
spain/Decisions,d0195f1c33e0ab553b0b13b253996fbe,non-GDPR
spain/Decisions,25c5d5dfc50dd69b944b73754cef37a4,needProcess
spain/Decisions,db5432f3f0dc5f5eeb5f7134518728ce,needProcess
spain/Decisions,a163f58979980de08a84d1a328b81a61,needProcess
spain/Decisions,70d55af8c4e4a3ecab230957d58613f2,GDPR
spain/Decisions,c259486ec05ae1b5d2c33c086b6b7148,GDPR
spain/Decisions,be514da9daef159a049b2b98be2e8bcd,needProcess
spain/Decisions,8fa5dcb156c76cd0f72e25059b7a9937,GDPR
spain/Decisions,369ad3ae8fe156ce8187a9847bfb83aa,GDPR
spain/Decisions,6e41a8467cac577341fd7448120df0e1,non-GDPR
spain/Decisions,85e2f079c811a644f4d16dd31646f665,GDPR
spain/Decisions,5373cb125a4cc9d25bc5d6164aa06861,non-GDPR
spain/Decisions,9c6ec210434b6220d44642efd12481e3,needProcess
spain/Decisions,1a225e6b43af1d6dda15c1aff6fb2221,needProcess
spain/Decisions,36be2430ca32e9b6915b42ef8c847566,needProcess
spain/Decisions,ff42181b111abd4efc949a01103f2b6b,GDPR
spain/Decisions,719da3e7dcad037909007f31fdb8e065,GDPR
spain/Decisions,118a7ddab434bf842f9a2afe1b1f2d50,non-GDPR
spain/Decisions,839a4aebbd00064fe27ad1c544c9b0ce,non-GDPR
spain/Decisions,6da25fe6fa5ec588dec2da042afb8b38,GDPR
spain/Decisions,11e80ea8cd69b125b398e5e77229991f,GDPR
spain/Decisions,ebe36a2892ee58fc44c6aaf3f23836bd,GDPR
spain/Decisions,cc921e5b9f02a89dd0a4a02e3bc8b0e9,needProcess
spain/Decisions,61e86f88a30721c39280a2ed62ec62a8,needProcess
spain/Decisions,1204dc889cf4dafd629456cd124f15ae,needProcess
spain/Decisions,4e89dd88a404e3594e6a16923d1801d0,needProcess
spain/Decisions,96c8f8e68cfb8a1fb0a6b7b09e2c77ad,needProcess
spain/Decisions,d0f54d4a9a6dae33431d753c30449593,needProcess
spain/Decisions,f831e7f43be3cbb1eec8c1cf6dc8de65,GDPR
spain/Decisions,ade9aa52a4ef4a761b2871ccc5db2496,needProcess
spain/Decisions,c7d2a6807835b966ff59fb62c2832081,GDPR
spain/Decisions,127c67dcdc17392c9d0e293950b5d289,needProcess
spain/Decisions,57ac55a23acc730c75bf54c9744848db,needProcess
spain/Decisions,a51f23da96ccd0afa5819cb7fa33e166,non-GDPR
spain/Decisions,d34206b8b480af2772ea1adb7599ba60,needProcess
spain/Decisions,cbc412b7317839693299b5e2ed655588,GDPR
spain/Decisions,bf9258b29f2c9fca2f4ae1d8f1df1544,needProcess
spain/Decisions,2c48dd9b25d31f11414cfe6e1c70a0bc,needProcess
spain/Decisions,30a637aa23b8238a41ad1d2cbe80d46b,needProcess
spain/Decisions,79ebbc54b90514dfb90a90a76dc131bb,needProcess
spain/Decisions,98a97fa109ef7b0a99300e83e648aeb9,GDPR
spain/Decisions,b88c874596418047792c2a9bdfda67b9,GDPR
spain/Decisions,e6f11c024438b9fabe55993c9b58a9d4,GDPR
spain/Decisions,60960509f2fa158c6916187a7c744645,GDPR
spain/Decisions,0cc66ffe112e395ed3f16f8e460f139f,needProcess
spain/Decisions,20074ff3c1a7e7cba9291be0a55776fe,GDPR
spain/Decisions,5657c920cfb744a91ad23fd250b65a3d,GDPR
spain/Decisions,73f42e8139299d166685838e8deb22f9,GDPR
spain/Decisions,a585ab83eb565a2c6d81cc73e35e98d0,needProcess
spain/Decisions,4b275aef5397d023c66b16bb93f9f4aa,needProcess
spain/Decisions,400f7cc6bb2ff94d97a226b86fb35c40,GDPR
spain/Decisions,956b64d2c6a50aee688271d28296f699,GDPR
spain/Decisions,393a559f622eea1dfa8e8383a344858c,needProcess
spain/Decisions,20724647b640b0871aa397e64a8fac6e,needProcess
spain/Decisions,7fa896911e9f55dcf9099e3c6fb06377,GDPR
spain/Decisions,26d3183a3751e186d6ca33024ba50fd3,GDPR
spain/Decisions,cb85a241d78b59534aa1b5ea7fdf2781,GDPR
spain/Decisions,8c90ae67a9acb75cf4c13809b87e256f,GDPR
spain/Decisions,c22be8191d76a61507cbf6945f8b111f,GDPR
spain/Decisions,a750e3e1d250e3a8be99f5f548211e7d,GDPR
spain/Decisions,1e28bc8c89f212ad8dd8a3eed654d841,GDPR
spain/Decisions,fcec007b4703496e23f68426f4afe258,GDPR
spain/Decisions,d021a49bc7738de223b40082891615f6,non-GDPR
spain/Decisions,d58c9e337d6cd908f1a3e5964bae4392,needProcess
spain/Decisions,a77f712190c79d7aedbdd498b8f40c85,needProcess
spain/Decisions,e41f0d6f27d0381e5471d8e25151a4c8,needProcess
spain/Decisions,70a5c361dfd7db523bded6ec2d7229dd,GDPR
spain/Decisions,9dbc56162525df26f98628550fd09bce,GDPR
spain/Decisions,d843525a6f00a41a25900478e49597e8,GDPR
spain/Decisions,0a2e96fb3879525f69a01a938dfd6c21,GDPR
spain/Decisions,799bf1b39db0e0a5a7786f22d47fc44a,non-GDPR
spain/Decisions,cbbbf7242c97d035bfae029dbdbd867a,GDPR
spain/Decisions,9e1a79d8fcf943cdb9235ad8dda6b10a,GDPR
spain/Decisions,f49e925284e717517f7da10c3f584664,GDPR
spain/Decisions,c7ab133e317c6c1b421faef13787d2bf,needProcess
spain/Decisions,bb9b3d5859c9ce68b7a5283d9471269c,non-GDPR
spain/Decisions,9d81a2488befca5113e26d4c04769efb,needProcess
spain/Decisions,744f9367378200337e6f883e5e1d909d,needProcess
spain/Decisions,9a69c0816c399926043f5d9614d5f81e,GDPR
spain/Decisions,205a2316f3d660f64a3c7829d8d2b3ad,non-GDPR
spain/Decisions,d69215362d3a4bd738faf43bd9c9c29c,GDPR
spain/Decisions,f6dbed00220c934d372e9e607c7807bd,needProcess
spain/Decisions,b0035bdd1190767dcae089e63baa43fd,GDPR
spain/Decisions,3f03a90c279913af01fe73464c988956,needProcess
spain/Decisions,96f30db7ad75070b5d4cd5bd72ed7ba5,needProcess
spain/Decisions,b3f12fe13deb161bec2809cfd0425f14,GDPR
spain/Decisions,c3568ecacf0b927ef5c7ee72b936034f,GDPR
spain/Decisions,7c5ed80e14d014cf60ff6433d3521206,GDPR
spain/Decisions,3643bf6ce80a5be836ee9ca8d9d56b6c,needProcess
spain/Decisions,1c4bb11f16c1096a12aad0492fb204b2,needProcess
spain/Decisions,2867cf1c745f87d2ea5afd74af29170a,non-GDPR
spain/Decisions,3607118caf5e15ba6b2cb711d1851180,needProcess
spain/Decisions,7b04df491c7860c8127f07a7c8228119,GDPR
spain/Decisions,d9dae8faab9c931f25348a7a1d463e94,non-GDPR
spain/Decisions,37bf74f799705e7f083a5f852cdaded3,GDPR
spain/Decisions,f23361527cce29c86c7db67ab4885e31,needProcess
spain/Decisions,9d5ca5666acca25a75f4ab49fe60b0b1,needProcess
spain/Decisions,2ed7892adf74866356ef7c9bf8135388,needProcess
spain/Decisions,b43bf16be64444701243be4db0cd75ef,needProcess
spain/Decisions,cb1e7bf3896b2dbbc7afac4894223787,needProcess
spain/Decisions,6b91c3b2ae085c23d5d3f8ee22a8dcf0,GDPR
spain/Decisions,5a7c934ed412e6b31071748821b1e10f,non-GDPR
spain/Decisions,f1f7d361ceb52ac959843cd3e1a1f7df,GDPR
spain/Decisions,aa8a9011c0f93e46ff783134e1f49795,needProcess
spain/Decisions,f30b414d3584afee66b12f2a8838b3a4,needProcess
spain/Decisions,6304a8920c71743b45e3c60c986870e3,non-GDPR
spain/Decisions,0ef9daebaa51bfe5e94d80eca4d3eae3,GDPR
spain/Decisions,bbe17c637bae86bbffad68e6094842fa,GDPR
spain/Decisions,85e77fd63e86534178fc9890280dbea2,needProcess
spain/Decisions,95a6f095ccf72e6bf565c5c6993f8aa7,needProcess
spain/Decisions,3d94180af49d56a220719f6aabfc3acf,GDPR
spain/Decisions,f9b15d64ed9682cb51dd534538a0fa52,GDPR
spain/Decisions,af7c3e183b587a795589daa2cb28a352,needProcess
spain/Decisions,545ba5a35b1bef9e68cbc26ccb4576ee,non-GDPR
spain/Decisions,a35d0feea87b23ed2d9ae45edf324602,needProcess
spain/Decisions,037d7b5b51d2eafc783124e66c8f21e1,needProcess
spain/Decisions,11f92a7260d1fceb6295d8490698856d,GDPR
spain/Decisions,822d81e72cd115d7ac87b8e4fd2d7442,GDPR
spain/Decisions,7b58247b7f304f2525aa4ea1db054a42,GDPR
spain/Decisions,70d28c978a841be009e0be45789eb73f,needProcess
spain/Decisions,c02405f7171d8aed2b3b938a71ffa05d,GDPR
spain/Decisions,23315010566e447b3c1b2051a4433e40,needProcess
spain/Decisions,e75cbc5d7d31720a4d1d401ff3f6696c,needProcess
spain/Decisions,c4c75a49f38038b381afb198f5c08796,GDPR
spain/Decisions,8390bb3944e31a51a3932c76a3d3d259,GDPR
spain/Decisions,5a98b1733ed42887d273661577199511,non-GDPR
spain/Decisions,2c23e0616476cbbfddc9729f1e4c4bc0,GDPR
spain/Decisions,bb9fec8887dd0342f07077726aa8d223,needProcess
spain/Decisions,295afe0cab0ca272264b584b5919ce51,needProcess
spain/Decisions,adbf118d3d4d191c7876fb202ff2af2e,GDPR
spain/Decisions,e314c8e466033722866a0b83a85ef49a,needProcess
spain/Decisions,e57d4c44b50fb189a09b06e57cbe5443,GDPR
spain/Decisions,55d7c176f636b0054c6b84b8d0cca72b,needProcess
spain/Decisions,b171bd8e71cc7addc98ab6f4c69dda67,needProcess
spain/Decisions,3c05f7519dec3b7be4b9e6b5bfee619c,GDPR
spain/Decisions,b74b47341108ba3f22bae7a3fc49554b,needProcess
spain/Decisions,cb930d5e31d4238cfdbbd25bff87eb49,needProcess
spain/Decisions,76e8e1951c3ea7a7609bcdec468b6a46,GDPR
spain/Decisions,aa33c6f4e6935778ce7f999a79161aa8,needProcess
spain/Decisions,7ba3d6703fea4f2c61be1faf8113159a,GDPR
spain/Decisions,d1464b3fc686ff000a1078e637b9ed93,GDPR
spain/Decisions,c891635d68546b2c33c71209741910d4,needProcess
spain/Decisions,8d7ac0e80466acafa47d287d645289ea,non-GDPR
spain/Decisions,c213d45360b8f00ebdcb18f25d5d735b,GDPR
spain/Decisions,7085fa48bd21b551da963d2c086bcf1f,non-GDPR
spain/Decisions,fd0eb36e661442e8b46324448c0af7b2,GDPR
spain/Decisions,3ee6996a475ab0f861376f73b793692e,GDPR
spain/Decisions,68a769b49dbc3166901af4b8cbb0dfe2,GDPR
spain/Decisions,d7c6aeb2cdc1cb00bc635eaac5988209,GDPR
spain/Decisions,7b5587129f48e7f473a258bc894db31f,GDPR
spain/Decisions,022bf7f0ddd02f810186d7364e1bdf0f,non-GDPR
spain/Decisions,2ab8c00dcf3a546b2669528a169c2f9d,needProcess
spain/Decisions,03a7d795ea3d49e6b00d75875dbd1506,needProcess
spain/Decisions,9ceac837721b790fd9f20e23f1e8eba3,needProcess
spain/Decisions,88f4cd4c8c9a73a231c47fc03d4ee3b9,GDPR
spain/Decisions,cf3def0150da86a1757277459f7dd2de,needProcess
spain/Decisions,c82b966745318badfdee134e401056f2,GDPR
spain/Decisions,716cbba2eb539745a5697ee08f37bae6,needProcess
spain/Decisions,96e5159da8db066f565a27dc4e8ac81b,needProcess
spain/Decisions,e245e24a0580fd05c2044534f4ced0c6,needProcess
spain/Decisions,90b87bd7e718fa51ae1dba617ae3515d,needProcess
spain/Decisions,94d2dd5105684ccbdf970c78988cfcd8,GDPR
spain/Decisions,d5501a13a71f81f18525a13647613007,needProcess
spain/Decisions,14f5a4d97abc8507e9b84b6fa6ae8b78,needProcess
spain/Decisions,809a386b94ef750afca14efd13a29a13,needProcess
spain/Decisions,5c8331ddff9e52f9ef2a59b7c1b00ce4,non-GDPR
spain/Decisions,55d7010d709b3b1bd2f5b0f0e6cd6d55,needProcess
spain/Decisions,ef1acdb23766494251e072326aba73e7,GDPR
spain/Decisions,94834a6e350a66df8d6619fccbc882da,GDPR
spain/Decisions,4c215c336fec9ff927ce79fadb388b81,non-GDPR
spain/Decisions,768e6479648a177b285714abfb276c06,needProcess
spain/Decisions,1664a62d2734e78080611a3ebf577960,GDPR
spain/Decisions,1f909f031226cd33600bf6fb3f69c008,GDPR
spain/Decisions,0a9af9e24093fdaec7ad588b5df1e3dd,GDPR
spain/Decisions,58e879fc33aff71ab94e9cb87b2a0149,needProcess
spain/Decisions,67ab33cdd7cfeb2faf0088599a984206,needProcess
spain/Decisions,b9acde93aa511f4e4eefa0924d8da7dc,needProcess
spain/Decisions,4d37785d0afd1373ecad9d13200d5cac,GDPR
spain/Decisions,45ae69cde07aaedc163c80d86645a8b3,needProcess
spain/Decisions,93908ae452d5d9497539e296d5189985,GDPR
spain/Decisions,f800f85c50b99f647df202c2091695a5,GDPR
spain/Decisions,7cd67d9fa150b0edc3f2c8e66404afb2,needProcess
spain/Decisions,cbdf7490b67bf38ad5dcbf055a5e46b1,GDPR
spain/Decisions,bc25e949b3f906c46c679c43bd5983f7,needProcess
spain/Decisions,f1eeb721fbe16538d809a290e922f565,GDPR
spain/Decisions,bfd63ebdea00409cd82d8e0ba0276f8f,GDPR
spain/Decisions,cccee43456f2e2260f6b3eaa260946a8,GDPR
spain/Decisions,aac350a420e2302efea62702ad451e68,GDPR
spain/Decisions,6740bc8a685f6e1e3309a632efb8819f,GDPR
spain/Decisions,bb172f50ecad4176a4480c7a84c42f85,GDPR
spain/Decisions,544431de1a321ead69ccc0da80a20ec2,needProcess
spain/Decisions,7b1d9b6a92792c71a37ffa9d735ab36b,GDPR
spain/Decisions,f9459d2f6d194025656e53e49ba8d541,GDPR
spain/Decisions,c230dd9e9f67643796b62e99af131387,needProcess
spain/Decisions,6d9a800445f4f0ae16904576577c080f,needProcess
spain/Decisions,8ae3f1f281ab6589be710b2593deaf1a,needProcess
spain/Decisions,16df5c7649c0818614d24717996aa5af,needProcess
spain/Decisions,7fc30434c872dd7e44da4e67b0268f99,needProcess
spain/Decisions,ced60c81bbca7163838045a4488ecca5,GDPR
spain/Decisions,f044abad7bc9469b1c9bd37bc47f8774,GDPR
spain/Decisions,14973b8ae2cbbdf4ad14cf50861e087a,non-GDPR
spain/Decisions,68a043c622b8a878da29a908e0e059f0,needProcess
spain/Decisions,b3cd0ce75ac8fb1341e554205bcaffb6,GDPR
spain/Decisions,c350de3d2b9fdceb9448320069da24be,GDPR
spain/Decisions,671e150d0faa8001acaf3fa8db92e4c8,needProcess
spain/Decisions,3b5412296f76ee7ccfd22167952588f7,needProcess
spain/Decisions,f4eaf747b7456d2b90626bb42c1b09a0,GDPR
spain/Decisions,40957e8da3aa89ede6f18af8fcf905f3,non-GDPR
spain/Decisions,9087db9a7455e5090ffc3b6c67f61f64,non-GDPR
spain/Decisions,172f6b1a42cbae87b59f401f8447ad7a,needProcess
spain/Decisions,8988f6e59a9dba251964eafb988178ab,GDPR
spain/Decisions,f88c42518369d6061ebc64738ee906b3,needProcess
spain/Decisions,09446acd9f05cff1ef438a08b620890a,GDPR
spain/Decisions,65027c3d200c806c6e7ffcf253da1683,needProcess
spain/Decisions,1ab937f99215979d6a06103f9f36a30d,GDPR
spain/Decisions,a44fdfbd0019cff4dfcfef20e4804dcb,needProcess
spain/Decisions,3a30d9df2b7a06c0b2bec8fb4a41c3d7,GDPR
spain/Decisions,6a665374b139637301cd30b0a0c3b17e,GDPR
spain/Decisions,070cfe9d2e624513203b5046e76769b4,GDPR
spain/Decisions,02694ab8ab71a1cda864d21c0838c038,GDPR
spain/Decisions,a11e2495722e938fef7f66f2c4b13ec7,GDPR
spain/Decisions,ff67ab526fe29c9bbebd7e29ad9a022f,needProcess
spain/Decisions,aa6d2707dcb56b8e0190a726e77589e6,GDPR
spain/Decisions,f6730ec7598a855ebb630ba1c4c5d12a,non-GDPR
spain/Decisions,fb56bd7a53cfaba8ab54f17373e16a0c,GDPR
spain/Decisions,9fd7a6a959a69915901da5b793517d79,GDPR
spain/Decisions,1210764e4e1153ae7b455d1d7d9002c8,needProcess
spain/Decisions,80146c1a0f412d11fa445e0f19f643fa,needProcess
spain/Decisions,716afd8f5c95208660852707447201c2,needProcess
spain/Decisions,f25a99936900f2f685a7def881077706,needProcess
spain/Decisions,4db51812a453e12c4072fcb6b9861006,needProcess
spain/Decisions,8baf29f86734ce0ac57868d526e57602,needProcess
spain/Decisions,1049916c9e91820bd86cad7fbc5fc7ea,GDPR
spain/Decisions,fdbca33a8499386655b85c98f6fc682f,non-GDPR
spain/Decisions,bceb82c7658d2907967eb9d649f48381,needProcess
spain/Decisions,7e6ce37aa664617a7a7ac8b5b7a4d285,needProcess
spain/Decisions,1405ece3e31dca7b11c2c76e1d091856,GDPR
spain/Decisions,056e20a166307af5d7e177ef11e68707,needProcess
spain/Decisions,1ea3090072723010390a4dc8f85ebc15,GDPR
spain/Decisions,98f7ffc0fe3e00fe7d4bf7a445f3d409,GDPR
spain/Decisions,8584e6a05b74821f86d1b01f881193ea,needProcess
spain/Decisions,213082c7a9a9c30731960c3d7ed950d0,GDPR
spain/Decisions,0cc238c92324f91fab731ba222cb84d7,GDPR
spain/Decisions,59b659496e663646ab9d3c0fa64ce1d1,needProcess
spain/Decisions,9d50423980e006e0f429d3c8482817c9,GDPR
spain/Decisions,a79fe96ffc69636c5d152803b6e487a4,GDPR
spain/Decisions,8366e82f51604fbd79f5c5fa86f77ef7,GDPR
spain/Decisions,58e1e039ccbe25a7e23ba395eea36bc5,needProcess
spain/Decisions,278af790967692d423cab614d66ced39,non-GDPR
spain/Decisions,9e241c80b99160ed9ff0daa892d04145,needProcess
spain/Decisions,6162387bed8bff7b10795473ab79933f,GDPR
spain/Decisions,a280004f24ebb5fb4f51ef53b2d81047,needProcess
spain/Decisions,fd384852a25ed2df203081c969c29e2a,GDPR
spain/Decisions,6cd6b8dfa4e33fda1c8e095ee391b660,GDPR
spain/Decisions,97adfaf6e6352f6dd0cc24d5f3059ad3,GDPR
spain/Decisions,0f59f99d32eea458109e774005f116ec,needProcess
spain/Decisions,0e04e1b3fd668391d658aea6ea7b9aff,needProcess
spain/Decisions,d0eb837f06c50f7cc0be86a0f7002fe2,non-GDPR
spain/Decisions,0256aba5d7fb394adb3041f38abcb386,GDPR
spain/Decisions,77debe5d00eb6aa46079243c3e7d9042,GDPR
spain/Decisions,f5f354b33180f1de5a3d1ba3874f7d0f,needProcess
spain/Decisions,6d4489fee8e599c393d1d310798b84a3,GDPR
spain/Decisions,60eca191638d3a73939f0ea4c1528feb,GDPR
spain/Decisions,e5dc21b9ddc7d375c552d07b6512b6e4,needProcess
spain/Decisions,f633a33f1d3ec0133f7a24f591de0a9c,non-GDPR
spain/Decisions,ad6bef386ffd9d7205896aacf4bf1da4,GDPR
spain/Decisions,d91ed5eff19e74485b3c7cb71adb4228,GDPR
spain/Decisions,e44ce92ceecc67cd01a6a8c4cdd67bb7,GDPR
spain/Decisions,2307dfc9c2f3b8e7df25276800003bbb,needProcess
spain/Decisions,f81be7583f2a55256c3072889dcf3d3b,GDPR
spain/Decisions,242b8b44e903f19ed935facb73cbc8ff,needProcess
spain/Decisions,2e6f9b3a436f9ca3f936ade96e32344a,needProcess
spain/Decisions,c545bab21b51b9c1e42b938710b12e6e,GDPR
spain/Decisions,76c067aa7a3d1164eb787c1ad7a6cb6f,non-GDPR
spain/Decisions,bca5bee59384dc443a083846bebaebd0,non-GDPR
spain/Decisions,3a278f86e6566268f51546ad00a098de,needProcess
spain/Decisions,3a8b1bc2726621953cb4b3bac58827d2,GDPR
spain/Decisions,99ec4674825ce9d4b93a51d5fdbc5a82,GDPR
spain/Decisions,0bd31f0a036a65bd0fa1b4c6cf5a3be5,needProcess
spain/Decisions,5484c179b816f81070a366a8d9ffcb07,GDPR
spain/Decisions,01922349ddb5c5d50922688284fe0bda,needProcess
spain/Decisions,fd4327f938cc234f31c80a04b5a92fb9,needProcess
spain/Decisions,5297b4d5deaac7556168b048968ddf40,GDPR
spain/Decisions,bf7372d3cdc07e973a260ba2a57c9378,non-GDPR
spain/Decisions,9aedbbc390856e8e772932e49bca8a8a,needProcess
spain/Decisions,f5600fb9bac2570d4684b001af6b17ee,GDPR
spain/Decisions,97bfaa51aa2e1a7ea105592c8a54f398,needProcess
spain/Decisions,4d5df051f83ab623e2f40296d5437605,GDPR
spain/Decisions,56820161efe9742f2e93e2f2960e30f8,GDPR
spain/Decisions,5cca7daa42c13a36e7a872f39d627b40,needProcess
spain/Decisions,d9a41463b76561acb48442d8b9994d6b,needProcess
spain/Decisions,72ea831644f8f0797e674855c47d22f4,GDPR
spain/Decisions,49512b357c0f4578aded9ec4fe7fd375,non-GDPR
spain/Decisions,7c7f609ca983e7d1f663b6b577a8cd35,needProcess
spain/Decisions,360d1a0ada83de01ce0e4c7f7c593ffd,needProcess
spain/Decisions,baf686210a2ddf71b0161c25aae1ace6,needProcess
spain/Decisions,595152b3ebd418556f57c8989adc80f1,GDPR
spain/Decisions,b0e9f0b7f67128ac89e73e95a2de8b21,needProcess
spain/Decisions,ef2ca43735628bafa45db1caf8b62d45,needProcess
spain/Decisions,1bee74507dfb7af0e14259d3c082f0af,GDPR
spain/Decisions,a4f03a0d152dd3c89d4eb0ae25286baa,GDPR
spain/Decisions,67b6ecac3dabc3608aa7130f348d731e,non-GDPR
spain/Decisions,c40aa43d95410be38f629fc5a98f532f,GDPR
spain/Decisions,ddce3af659618bf6ac5e48bc1534a34d,GDPR
spain/Decisions,a48ab5207b0aa3d39956660acb755c65,non-GDPR
spain/Decisions,88c2b4be9bee14e572697d0a6620a51e,needProcess
spain/Decisions,3b16cfce5662c727d2790eb329a90b08,non-GDPR
spain/Decisions,a681eb31480df6b6e2a2cc9a7b8972b2,needProcess
spain/Decisions,6fd931a42c4aacdcc8e2979e63493de7,GDPR
spain/Decisions,f0b8bd980c662ea0e6144e1a86cb2909,GDPR
spain/Decisions,6d55c6305a927942e69168f4e574669c,GDPR
spain/Decisions,9cffeb0fa1e6123d2f453671eb6d88f1,GDPR
spain/Decisions,a222d3771b9d991e44972be8708e3d60,non-GDPR
spain/Decisions,01d87ac48347fa3955293d507e1a8e03,non-GDPR
spain/Decisions,c40e80a91384abaa5d39dd8163ce3057,GDPR
spain/Decisions,aa704748a51469165f0a3c1827fd19df,needProcess
spain/Decisions,ecdac4a7e921dd21c1e39d205481b062,needProcess
spain/Decisions,2b9b71314c6bf564a45ad243e30424b9,GDPR
spain/Decisions,3f92930ad882d4da79ad197d27791bd1,GDPR
spain/Decisions,f59ffd388f66802ffe3e7a051848ac46,needProcess
spain/Decisions,9fb53f9129fe1dd50abb9951d3a5d564,non-GDPR
spain/Decisions,f3bf2abc31f6b2a173516439bd1b81ff,GDPR
spain/Decisions,aa2277c453470af155370ccdb5a614c8,needProcess
spain/Decisions,5f8081aa512b21e8aac76ec91c5aef0f,GDPR
spain/Decisions,306de16d9b11fa0e47b520382d763db8,non-GDPR
spain/Decisions,3a8fda74b65b8371803dfba4dcf7f72e,GDPR
spain/Decisions,46fdfdd7fc2f9e294453ec78ad4914c2,needProcess
spain/Decisions,e4d9f61525d6e9b26914a34bd604409c,GDPR
spain/Decisions,89c0e5b70f7775bf8ee72944ffb372a9,GDPR
spain/Decisions,17959790eabddd78ded24acfc2f5b4e4,needProcess
spain/Decisions,dd56dcc07f83fc4b14188b7c099c52a0,non-GDPR
spain/Decisions,c711ea5551699c38599d2427fce65a5b,GDPR
spain/Decisions,5141510c79cc81656c3e1d73d3bcb8fe,GDPR
spain/Decisions,8b8281887b5b407fa6a49915267cc4bd,non-GDPR
spain/Decisions,5d4d40fec27e8c8458295379f8b0a5ce,needProcess
spain/Decisions,22dedf27062cea7f118f8768a5b58c91,needProcess
spain/Decisions,8782ccc4354f8be56e5d41d8e8d5d214,needProcess
spain/Decisions,a2dca2f7c0c8813684d043059e7ff3d6,needProcess
spain/Decisions,1349b921234167a333d07264d97a83fb,needProcess
spain/Decisions,a73a05c74e4685dde51a01d45c731988,GDPR
spain/Decisions,438af7c2783ac6f9ede3c37860319bbd,GDPR
spain/Decisions,059c2ae222c8b38fc84f14540b65a436,needProcess
spain/Decisions,510cb7c5711e831b7dccab98978ae322,needProcess
spain/Decisions,78320a308039bfd2e18c7cd35a590f2a,GDPR
spain/Decisions,01fdbe77281b42b35c42931c574c8f40,GDPR
spain/Decisions,aaad671ddc1e4fbdd39ca4f31420449c,needProcess
spain/Decisions,6bdf309d1a21ad039c64dd7cbfc996fe,needProcess
spain/Decisions,16db25297606e7c9434cead1bc963a75,GDPR
spain/Decisions,b883e942063d10f98b89acd10dd7dbe1,needProcess
spain/Decisions,19bed17316bdb6149998e1eae0441e62,GDPR
spain/Decisions,0def96dab241d209965bce4fee7d7e1d,GDPR
spain/Decisions,6018fa35b8eba34f2ec734e4eff41f8c,GDPR
spain/Decisions,9318caa6fc042130736f35a2c81a99e4,non-GDPR
spain/Decisions,bf900f0a4e35f64d6ad19cbe52f2cbc7,needProcess
spain/Decisions,7b9d0ce47067309015e938c808a6e30a,needProcess
spain/Decisions,744ee928270ba6b5f4b265466a1e657b,GDPR
spain/Decisions,9e0de1e490504710fec49a004618b7da,GDPR
spain/Decisions,8fa2aeaf0e4cb31a8838b6dacec76bcd,GDPR
spain/Decisions,08df5dbcd85b630b01567379bbda4d8b,needProcess
spain/Decisions,7a21172b1912041a6206a7fa3bc02f0e,GDPR
spain/Decisions,cf0211d251eedee9ad07dfbc4ad563a5,needProcess
spain/Decisions,984fc47f920b60c6bd3ad2e742b84c77,needProcess
spain/Decisions,4814c893bcca85ecb8598dc1ce852b72,GDPR
spain/Decisions,8d3945dcc6e8ef2423a7ef99aab07985,needProcess
spain/Decisions,303292e6f5adf269ce51a55f6b44a952,GDPR
spain/Decisions,1b72cf81efb694765df94af4ac800be2,needProcess
spain/Decisions,641298ef2b3ab919e8c79a543eb47717,GDPR
spain/Decisions,0594933ab591a7b7f48ba551751af2fd,non-GDPR
spain/Decisions,fed20b04438bb7d1e504d560530cbdf8,needProcess
spain/Decisions,5276e4ab3f08c3da4d06f8811d98e0a3,GDPR
spain/Decisions,c94d64264a3b225ff48668d2c9a825dc,GDPR
spain/Decisions,309c940040be9e0cb607898296a70a2b,needProcess
spain/Decisions,c0452df940810017e5050a736a842d3a,GDPR
spain/Decisions,c9f6aecca73108c4396520f1a1bdacaa,needProcess
spain/Decisions,72d0c706239cb55acfb70d882ecefe71,non-GDPR
spain/Decisions,92cdfb9d38cb0a6f4175511b64c3c863,needProcess
spain/Decisions,cb989dad1f73800ce5a56e724c13e894,GDPR
spain/Decisions,c7bdda769db634539f74081cea3529ab,needProcess
spain/Decisions,b863e9b9862f8c16ea504c7c3dbd57ef,needProcess
spain/Decisions,ff6d15b706ecace9eb145a7fb7c1d82b,GDPR
spain/Decisions,51a3fd0ca16e39c618e396441b797832,non-GDPR
spain/Decisions,3253dcb39f28f629452dc47d67df00a9,needProcess
spain/Decisions,078fad52900c6fb834ed1bf116a5f36b,needProcess
spain/Decisions,830dbf2ac78522bba50ca8e54e54df2e,needProcess
spain/Decisions,d4d294aa9b5e1be7320889a0705cef0c,needProcess
spain/Decisions,f214f1cbce6b276fd202128beb3fd681,GDPR
spain/Decisions,c6daf23d54718492179955e1ed6af36f,GDPR
spain/Decisions,8fbd87824e679e5ac7efecc2044645da,needProcess
spain/Decisions,e85e5cfa67a72872d1343ebfb4160ca1,needProcess
spain/Decisions,a9c7de211bc9f8b182cec2e8879151f3,needProcess
spain/Decisions,e216433acd193093dac5e164f5524e5b,non-GDPR
spain/Decisions,c7fd15a894ca6fb06cfdff515f609ad4,needProcess
spain/Decisions,7ccaf55d2137e442b5c54ff599396042,GDPR
spain/Decisions,999b8e1d018efc08e9b8591812a5b06f,GDPR
spain/Decisions,dde01ea0c099f6a36f66007633e2220e,needProcess
spain/Decisions,68e1f539f77526052dfef082934030f0,GDPR
spain/Decisions,e9fccca86fd3a045c5985ae522893c3f,GDPR
spain/Decisions,3f30aeec7e26c9dbacdafb175de1a2f0,GDPR
spain/Decisions,443eabea8d3d93b45d3889f271cec7b4,GDPR
spain/Decisions,162500c763e68563d5508675c2e2b741,needProcess
spain/Decisions,51a0cd44e185097249068baeba4109fc,needProcess
spain/Decisions,1bd20b656b0dd570711bfa1ea29d6029,GDPR
spain/Decisions,046f5ee6e19e9592164fda54b9450e3b,needProcess
spain/Decisions,f52e2c22842899d1d4fbb20f25c68ee9,non-GDPR
spain/Decisions,d01664ba6f124980620aced7c98c2804,GDPR
spain/Decisions,b7eb5f41188eeeeeec65fbf380189c58,GDPR
spain/Decisions,42b9482a77a848d7906b14a1948d76da,needProcess
spain/Decisions,e1b15e9ebe6210456f6a8f8740a63afc,needProcess
spain/Decisions,e75c76a85c210b10d1749d707a6cfc37,needProcess
spain/Decisions,92150e8e062a983498511595a0b33e51,GDPR
spain/Decisions,fbe27b56b1ace35884c763ddfae87928,non-GDPR
spain/Decisions,f50691b02e468cb04515b6c03c3c01d1,GDPR
spain/Decisions,ccc2836a804ab0b190d5fb08c89d9c9c,GDPR
spain/Decisions,ccd09fee61c51b980e364076c7cc5cf9,needProcess
spain/Decisions,7e0bf24fd7317bcd3eae95c6508e83c0,needProcess
spain/Decisions,84d9cbee0c05dfa105b1ab48448af7f4,needProcess
spain/Decisions,7de18859d7eddb360a8790c2e53bc58c,needProcess
spain/Decisions,f264c83343c527b1d56f8ca99e7e592a,needProcess
spain/Decisions,bfd3b31c67de046a264e3496bf80318d,GDPR
spain/Decisions,475c9693186a07107c11f5ee0f1c8054,non-GDPR
spain/Decisions,d5a756f2662aa4ff91b3d32a0321a376,non-GDPR
spain/Decisions,26cbd16c2b6ab3d4272ec53f056f3321,GDPR
spain/Decisions,9c1b3c1c16eb4341d285b6f2215c10ac,GDPR
spain/Decisions,c4e7c596da6373dc0ac463250fcc44af,non-GDPR
spain/Decisions,7cd2f566a725369a6c997bfe5c747d67,non-GDPR
spain/Decisions,372ce262a6774c1c530e9e3beae1d8a5,GDPR
spain/Decisions,73d152b20811b188ae9a6687e5112907,needProcess
spain/Decisions,c1d02bee5e5ea45a53fcd6c832908d41,non-GDPR
spain/Decisions,5f3905b407b5c03c2eb88bd82c102baa,GDPR
spain/Decisions,291fd8e5633f50d974f047a7816b6914,needProcess
spain/Decisions,90d57f0df0be85b31006cfdd2b7b6920,needProcess
spain/Decisions,f1ac4d89989e77ac63aed13187e81858,GDPR
spain/Decisions,d795e8c00c58e031056b40d65bf615bf,needProcess
spain/Decisions,09409651f29231cb04937c7965056957,needProcess
spain/Decisions,0c37df6d0cbcc99b15882f32928e4f36,needProcess
spain/Decisions,986d024f8f7a662268c75fc128b78263,non-GDPR
spain/Decisions,d09c0e1ee73f609f8670305d55a64774,GDPR
spain/Decisions,76e38e1bf154a89a043ed09b246d49c4,GDPR
spain/Decisions,5b00c9a74514eb6adc7f38197a1ee3c1,needProcess
spain/Decisions,a0f230991b3eafb7e1316d3d958ba034,GDPR
spain/Decisions,1c41d2c75254c0ba2ed91546461f439e,needProcess
spain/Decisions,c5979b61a46e5ad4adbee88f95e5a208,GDPR
spain/Decisions,f26712ee355d160f374ecd1a50aafad7,GDPR
spain/Decisions,58946b8ffad1c390e16e4eda791e8018,non-GDPR
spain/Decisions,5e6b6836cd8a976d37b1a9ad7c6d39d2,GDPR
spain/Decisions,4c5b7cd9aba3133bf00b63f18caf850a,GDPR
spain/Decisions,2fb0f7f25add001e9abad285299e3a68,non-GDPR
spain/Decisions,5c4be1bc984313dea013ff48e5355d31,non-GDPR
spain/Decisions,fdcb4042ee8100cf782768cdc7a8b2a4,needProcess
spain/Decisions,fbaa095622989ef5f7ac6392c99ced50,GDPR
spain/Decisions,5d366e99fab2202880c1d3f0a94fb98c,needProcess
spain/Decisions,ef88a540b6ea47d2be6f203463e67fac,GDPR
spain/Decisions,c29adbaae6d7c53834e4170a11091aee,GDPR
spain/Decisions,35e84e8d628579011f92f4c5168bf04d,non-GDPR
spain/Decisions,fbb99d00be5dde21b73f0950d42484d8,needProcess
spain/Decisions,2c6bd0bf276d52a471c37f990cae3769,non-GDPR
spain/Decisions,641a5d77b06dd5e94f82ed7511e56f39,non-GDPR
spain/Decisions,9d0d5f9f10d20b190c6245ef94cddf23,non-GDPR
spain/Decisions,c97588c1c7020c6352be865ac316adb9,needProcess
spain/Decisions,4e18f4bca8b9155af09c6ee5376c04ea,GDPR
spain/Decisions,1a2a83d7ff2162f8a91cb553641fe9d0,needProcess
spain/Decisions,63724d33c246c8f27d5632d0ed67078a,GDPR
spain/Decisions,c54aedbf6c7cd1c78c45bd64997c7825,GDPR
spain/Decisions,3dab0d41f3d2a3487ab22f27efb00967,GDPR
spain/Decisions,4eee3aba69f355ae09f20f36b8a61776,GDPR
spain/Decisions,467b2a08a6c2d378580cab8b054513be,needProcess
spain/Decisions,696d1f01eee45658c3c53d6997ec95ca,GDPR
spain/Decisions,414abb683639b5bc81a676465766007d,GDPR
spain/Decisions,38e06de5c1e5cf71697a2ad09dc9b47d,GDPR
spain/Decisions,390c383c514e8179da4fa6f61bbaca6d,GDPR
spain/Decisions,e52e0c98c82b5df44c7c6d75119dd82b,GDPR
spain/Decisions,1d626c5f7c4863f5b934fc5d14753d29,needProcess
spain/Decisions,c02de438c1bbde3b0ccda7628638673a,needProcess
spain/Decisions,edbf936bf9cbfc31c6ff1e445021c1b7,non-GDPR
spain/Decisions,0e5e8818fd71e6afb1bc2b7ff8c67b51,GDPR
spain/Decisions,6b8e79f6b042d921ea62eba571beba33,needProcess
spain/Decisions,22b2dc59054618fd4f88855d0a3c5b67,needProcess
spain/Decisions,9900cfaaccc86df62d6676aaf192bcf0,needProcess
spain/Decisions,a15790911144b8ebb8f58eda14adb380,GDPR
spain/Decisions,ece8a9208b8a075b5758d5b046c7793c,GDPR
spain/Decisions,f87fdca4c6758580d94252d28b4f38cb,non-GDPR
spain/Decisions,3f0b9a68d718fdc232bddab0c36a46f7,GDPR
spain/Decisions,376c91906b346cfb16d4e1a8a4b050ef,needProcess
spain/Decisions,2f1ee2985f8adaf863e775bcbad637dc,needProcess
spain/Decisions,7efac66583c4e036519aab1897550613,needProcess
spain/Decisions,82c1a9fc6341a4c1a5b5f4baad5fc3ef,needProcess
spain/Decisions,89a313ef65b745263718f716d0ef0296,needProcess
spain/Decisions,069519011b4d5b807e2a0d9724b684ef,needProcess
spain/Decisions,b7a2a3e05419316a01a894d3050ff23b,GDPR
spain/Decisions,fd00a0d3ba6042588a689094062107f9,GDPR
spain/Decisions,e5827b10c4830815e500d5221dc75904,GDPR
spain/Decisions,dfd2ad11cdca13114f2760be28a9ea4f,GDPR
spain/Decisions,76984fe372ee94b415e1695f6505eb1b,needProcess
spain/Decisions,9cf4457f6ca9ab845157c73edb346523,GDPR
spain/Decisions,f76a34684218a820828e1187e1c18fee,GDPR
spain/Decisions,8882602059563fbfcb11bedf4bf6e3b9,needProcess
spain/Decisions,e99ce31479f3c587c2ba4ccccf0391a5,needProcess
spain/Decisions,d9c48846cf9de6e3812c5ab78ccf2d05,needProcess
spain/Decisions,ef8d118d9e72b829bd76116c27e8d2a7,GDPR
spain/Decisions,9ea18d8045b6154859ddb9c136ec830f,needProcess
spain/Decisions,bc724596c25afa4bebf9359a90780d77,non-GDPR
spain/Decisions,e0d73cb7a38ebddaf086ea3d18870126,GDPR
spain/Decisions,a1e8faac6589b9500f3a37b6928ee6d9,GDPR
spain/Decisions,44d6deeca4842a562c461f264af27706,GDPR
spain/Decisions,08a9aafb827e13d1203a2d60ae0b2fb9,needProcess
spain/Decisions,97ee917ec03c594b5b1b7966a1aae633,GDPR
spain/Decisions,ee572962e418cf20e4d3dc185547285d,non-GDPR
spain/Decisions,bf8d87531e7f068e13b9efe132cc6e57,needProcess
spain/Decisions,7e9ae5a4bc1443d31a503d8748fbc926,GDPR
spain/Decisions,1b93e950e6c1ca8319364a3de8f8fe83,GDPR
spain/Decisions,106b65766aeb7521f77861428e4fb34f,needProcess
spain/Decisions,6284e0c3ee3293a66b38af2bb624caca,GDPR
spain/Decisions,e20fe20dac81e5e9d3eec122ee504f30,GDPR
spain/Decisions,3c2dbb6e6d415e6a8f5b9e04a8ef0298,GDPR
spain/Decisions,f53e3f3b63aca48c017b3369d0f885a3,GDPR
spain/Decisions,9e160b406c5166fc0823e6d632d24efe,needProcess
spain/Decisions,ea14911168b851e1998bc923f2026aed,needProcess
spain/Decisions,fea4646f8c79ab55ad32c23ff23cdb42,non-GDPR
spain/Decisions,7b74ed87e11e223bb9e4c830c0ac816a,GDPR
spain/Decisions,ff6ab1d49f596cc5390aed45588e7d39,GDPR
spain/Decisions,c9cbc1117af5ccfb56f9a8c6a74d6d72,GDPR
spain/Decisions,f8d13ba741da590f9064c14f661681b4,needProcess
spain/Decisions,4d6352c69e10e9ec06fd814ff926ca8b,GDPR
spain/Decisions,a95f8efd046cc824bee6c885d7fde186,GDPR
spain/Decisions,54036de247d561300f17cb9a16833ded,GDPR
spain/Decisions,d3b154b8c9a5d433a5642d426ace2077,non-GDPR
spain/Decisions,e904ba6d574ad37f1ebf543f0f5d2146,GDPR
spain/Decisions,4a29fc4f2e0282d63750d01c295a485f,GDPR
spain/Decisions,fed31733d72d89a94acecbee3d84b37c,needProcess
spain/Decisions,8e6f4c50527d15b618fe7e89771b132c,GDPR
spain/Decisions,869d98443bde625c7e526c92613d65e5,needProcess
spain/Decisions,a264972d6719a94f2bba240db183eb20,needProcess
spain/Decisions,5526ca7de85ce9318ffd540f29ffa55f,GDPR
spain/Decisions,7f8758a52dc1cb807a5b2b893e6b814a,GDPR
spain/Decisions,55b1e2d13a03dd3a8a67024c5a46a85b,needProcess
spain/Decisions,a590a8965c1515d27363a9bc8bf5f8d1,GDPR
spain/Decisions,c75ca49bdcc2960340dd65ca8c01f286,non-GDPR
spain/Decisions,b9b77aefd36e298be6b1e570d82a93f9,GDPR
spain/Decisions,e00a0dd85421255943e68f725af0681b,needProcess
spain/Decisions,568199a478df56a2bd68b5039239e7a0,non-GDPR
spain/Decisions,5afd0903eef33055b24a19e42a336d57,GDPR
spain/Decisions,8cfeea78c8e29bcf46dc3d1a1b43cfca,needProcess
spain/Decisions,574b73ee369822c313f6d27e3fce7378,GDPR
spain/Decisions,564a5bbd04997dc1b625a9f99d1ab427,needProcess
spain/Decisions,d20cdd7c732c966cb934c87c3335c141,GDPR
spain/Decisions,0f82b78217f72ab85975ce52772e974a,GDPR
spain/Decisions,f990cceb07ee16ee84aa81101ea80511,needProcess
spain/Decisions,57e11b358951acc67c7c9779dcfcadce,GDPR
spain/Decisions,af1bb1e7920ba2326a77c2a6a4503cfc,needProcess
spain/Decisions,2818ff53439b9485e33a5db49b5e25cc,GDPR
spain/Decisions,314d2bef93f42b276756106928e47074,needProcess
spain/Decisions,51a3534c947a4f44a6157cd66fd64248,non-GDPR
spain/Decisions,737426419ea8284767bdeef993b6bf7c,GDPR
spain/Decisions,71bd19b98308f3cdf8914e510d90d6ae,GDPR
spain/Decisions,362a06eac1dfadd4e0a6b2b1679eeac1,GDPR
spain/Decisions,3b99eadf8a80c2b5b34ef26bb239f00e,GDPR
spain/Decisions,de384f8d31466e53e1977f3d8f2a24df,GDPR
spain/Decisions,87f62344f74f5b05342a3d54edc94438,needProcess
spain/Decisions,2c4fe8f3f8fb94ce7a1057a4c201f457,needProcess
spain/Decisions,bed1d2e71acf45ef8a585a9a3bb115e6,GDPR
spain/Decisions,b4a4bf391ae7532ad893b65f4faa49c1,GDPR
spain/Decisions,e12b46c4a33409abdc29a95316cd8f72,GDPR
spain/Decisions,992bc929d0b7fc563cda2c9988c88f77,GDPR
spain/Decisions,9c618a9029c1fd3ad5f93bdc6f40159c,needProcess
spain/Decisions,af7a23262ba5fadef83b272bc89dcf33,GDPR
spain/Decisions,3621fdfba85f9f4b666434b16f17a5f6,GDPR
spain/Decisions,b05882bf6bd990583e7cb2c44a1e8cef,GDPR
spain/Decisions,eb8c97ad11b73d3dc4bf6d995c33e354,needProcess
spain/Decisions,b8275073bd3aeebba6871090c1132004,needProcess
spain/Decisions,369b4afd4650aef2dfd309e299c6f28c,non-GDPR
spain/Decisions,ab134742790b7346884540ff5ac886dc,non-GDPR
spain/Decisions,5627d24e50d2305ede7b3ebd46f86dc9,GDPR
spain/Decisions,83a0bc61cd28e99ed92403db971fc977,non-GDPR
spain/Decisions,a02f57c5633c7b82f3f758892e7f190d,GDPR
spain/Decisions,b4bad28cf7a431522832a7bd16cdcb98,needProcess
spain/Decisions,d2438bd4f796fad85b91c77a1f79f4f2,GDPR
spain/Decisions,e3e1097cdb343b080a77f03a4ac43e54,needProcess
spain/Decisions,31c85c9d4e0c57de87791e93a88a012a,needProcess
spain/Decisions,cac4e35bfd767ad2f5eeeedc719c5a05,needProcess
spain/Decisions,c66121546a7fa789bdfe97cfcdec5069,GDPR
spain/Decisions,e6275a8950d6f825c81971052eec2c39,GDPR
spain/Decisions,6c893357bc7029ed84ee627ed527ef59,needProcess
spain/Decisions,da047f5ffc7d7310631bc36e4ed7d9a5,GDPR
spain/Decisions,686bfacbb7f250b11e7dfa1765bcce4b,GDPR
spain/Decisions,cebfe3f987181d741c4acd801c86e204,GDPR
spain/Decisions,3142d392e9bf72aee07afb53987e8e1d,needProcess
spain/Decisions,5cddbe6be51a6f1295b5a7e0bd0a854d,GDPR
spain/Decisions,387a4bb302a0a8f03949f02476a6e404,GDPR
spain/Decisions,ae4fa8b9bf30f3cd1cd09d64daeb3426,non-GDPR
spain/Decisions,491951be4afcd57f481b1d05150e053a,GDPR
spain/Decisions,f549c5a426025ddd34033255e64e86a0,needProcess
spain/Decisions,7e92c33b4ddd24f3e9581cb638b7501b,GDPR
spain/Decisions,8f9723f342a1b5c51cf5998b80200935,needProcess
spain/Decisions,c6d4d96311f92bbc706cf5f92333b201,GDPR
spain/Decisions,4c32fe2e4567c9827c30525344d9d017,needProcess
spain/Decisions,ba0c65076467868c3fd582990e35cd11,non-GDPR
spain/Decisions,2eb19ed413d444c360441692bded5773,non-GDPR
spain/Decisions,7b9886713f6fa03098a845d87c79c96f,non-GDPR
spain/Decisions,64623af511951a890d959b8cf55623cc,needProcess
spain/Decisions,f31e120f77021970e7614035ec4762d9,needProcess
spain/Decisions,b207260b2bf20025a1eb2a19eb255c1a,needProcess
spain/Decisions,ae6075019e8099d3a7fdb8d6fbfaab29,GDPR
spain/Decisions,fa3092943f59d5a42132203a17aa87c7,GDPR
spain/Decisions,a1271b624f05f23218606d61ea7c6f19,GDPR
spain/Decisions,f9b9ec304825adb748315c2a9f443d72,non-GDPR
spain/Decisions,1b5e645227897af2f26614a4a8e4c3a5,GDPR
spain/Decisions,1ce294bd08741c07604b04b63948b13e,needProcess
spain/Decisions,76dc4a070d1642a6760a4b5313bfc05b,non-GDPR
spain/Decisions,ebb9fdcf27021142308c7b6f0952ab4e,needProcess
spain/Decisions,11cdf20e8c4d1ea9cab8bd4927a4bb44,non-GDPR
spain/Decisions,60301a4c7888774550e134a8885efa5b,needProcess
spain/Decisions,8c898eb9a35bb9da84617d4b57643f3e,GDPR
spain/Decisions,d0d81c25f5a7524903c5081d94e35cbf,needProcess
spain/Decisions,4279c1bc7405543a5803ae449b0b8e18,needProcess
spain/Decisions,0762f08ec4df5864cd10eca20fcc8de1,GDPR
spain/Decisions,136d3e132ad55171de4cec325382b63d,needProcess
spain/Decisions,5c7fb1a5321f9131b09f84e77d8da573,needProcess
spain/Decisions,a873b5b987810463fdc56f62b6a5bf1c,non-GDPR
spain/Decisions,c2448ee11bd3c81ad15a059b016a0fe3,GDPR
spain/Decisions,07ec22869fec82224095d92a9492a73e,needProcess
spain/Decisions,d15a348e39ea192c1cdb0ef2f25e91ce,GDPR
spain/Decisions,4fec752508269e2aca8278b587cbb087,needProcess
spain/Decisions,60d59926615b12898c38a28135dda797,GDPR
spain/Decisions,150058c234230967e46a26318a8bfe72,GDPR
spain/Decisions,117460983dde99cca187864f356f2090,GDPR
spain/Decisions,5cf161381033e5b746c1b860b8dcab46,non-GDPR
spain/Decisions,4449525c7e792db68cccded742ece08b,GDPR
spain/Decisions,c855c63a10a946c4832653ff50770983,GDPR
spain/Decisions,1677f896baefa88d7b85ec7167049b67,needProcess
spain/Decisions,0e491085abf12fa4d0ee9e978d613c36,GDPR
spain/Decisions,1db0ac47afe7d4ba12ce647209588a6b,needProcess
spain/Decisions,073d9868006cf0e4071b6b902f2477c0,non-GDPR
spain/Decisions,5d45b25b1e1b46d6139a9af75e35cd88,GDPR
spain/Decisions,fd1dfd102408f4c926db851ab544bc8d,GDPR
spain/Decisions,035caa711156a92d66dd8bd504c371a3,needProcess
spain/Decisions,c7648d00823bd36160873e0785713f7e,GDPR
spain/Decisions,5a6e99096ae5b269b247787a6dfdac5b,non-GDPR
spain/Decisions,5c7ecf95e21ea3d6cdee6d838b62ee40,GDPR
spain/Decisions,5715bb67386f1fb8a4386f0a823bde6c,GDPR
spain/Decisions,20c719223c05938e9493d321bf35fcd6,GDPR
spain/Decisions,976b29060ea87be91fa7497bc0d8e4da,GDPR
spain/Decisions,3983e0b8fc4d409fa645d1e995e60271,GDPR
spain/Decisions,38a778a0c02250b34e0e0a5e85ec30fb,needProcess
spain/Decisions,76ffd672e0c55b41c133fc62db49b77c,GDPR
spain/Decisions,1227478e0391bbfa169abab5bfe4954a,needProcess
spain/Decisions,a75482291a97114ba9c8266b2d0e278f,non-GDPR
spain/Decisions,b77cbc56b5e35fe2339c2df5b677f458,GDPR
spain/Decisions,20484a14d3ed9958659eefec0e4d26c7,non-GDPR
spain/Decisions,de931cb9ddff3bde51f1f0031fdcad5d,needProcess
spain/Decisions,c9aeb137cc3a30b60f87074f7a6786ef,needProcess
spain/Decisions,284a4b1858483405e4a7d0c2ae9a315c,GDPR
spain/Decisions,31fa1f22e3d9db994eaaf50620ca6a7d,GDPR
spain/Decisions,40be1cd77159a617aacd1706c0f2ec19,non-GDPR
spain/Decisions,d7eeb1d8b8feee0953d85f60feb542f3,GDPR
spain/Decisions,617a7da1923cb1da97c6c8fe7e010259,needProcess
spain/Decisions,e84769594206593b2117c914e127d1a1,GDPR
spain/Decisions,ab9ca98ef6f159e640a1d3c3d08f52bb,needProcess
spain/Decisions,738ba983e4baec98a45beef77fa8a6dc,GDPR
spain/Decisions,78abe412772d62eab491d72c0d10f2fb,GDPR
spain/Decisions,2d340d20f2701e9d6ce933fd3b205c59,GDPR
spain/Decisions,caf3403ab5a9b9d22ff684dd0570c656,needProcess
spain/Decisions,45c79673b3055b040b881d622baf827d,needProcess
spain/Decisions,6adb85a9a9f98b2b744b182546c27442,GDPR
spain/Decisions,b7235aad57c29bf8d8206305f26dcd16,GDPR
spain/Decisions,ac669b1bbd5031f3437a54814f0466f3,GDPR
spain/Decisions,7fe3b2abd6358990ae05cb750431339e,needProcess
spain/Decisions,cb023e63c1344a6b4c8b0322426e215d,needProcess
spain/Decisions,9663c6ba3ee1a8f6dd2df9e20cc8ee76,GDPR
spain/Decisions,e1acf8b223b7bd7253aee1293e37c841,GDPR
spain/Decisions,4613f136fb245132a631c5e9be8251f0,non-GDPR
spain/Decisions,0beb002d525fed42a1e2b9df721f24a7,needProcess
spain/Decisions,638ffc6ceb1234f552decba7b79185bb,non-GDPR
spain/Decisions,ead0882da590a251fb7a079e08af9c6b,non-GDPR
spain/Decisions,f0ce323224e5b455d01c547cc06edc3b,needProcess
spain/Decisions,fb64b362ec961c3b26eaad04dc9763d5,needProcess
spain/Decisions,47524d35d4925f432deee4acad9d28ea,GDPR
spain/Decisions,db108804787e219844296c240132db7b,GDPR
spain/Decisions,a3e4ab9fc037c25609d2b1ebfb0ce81f,GDPR
spain/Decisions,af2b31686da8e18a52e7607eb99a3e63,GDPR
spain/Decisions,5fdaaeb4e725b8b256044de297333f2a,needProcess
spain/Decisions,0d7a669828b0d1b4c368be7130e7fa5b,needProcess
spain/Decisions,6117f3027eedb88ba05468eb9f5c2e42,needProcess
spain/Decisions,2c4b71a59bf1d160d45c687042b58def,needProcess
spain/Decisions,5fd26da0ab0ad07f5303e7afd865e855,needProcess
spain/Decisions,621da79090b03b6f24210ecce8b6c3ed,needProcess
spain/Decisions,9e3445c934d63a8c9faadfc29eb64495,non-GDPR
spain/Decisions,7ebc8dbc0e046ea2d6891a320a29c9fa,GDPR
spain/Decisions,79532e5dfc2f47a67e93ebb91fe70498,GDPR
spain/Decisions,4ca56a0de0874835fb14ca4c55856f52,needProcess
spain/Decisions,e3ff8adacbcc05c2df08d5847f4b1944,non-GDPR
spain/Decisions,76f1ec11bcaacd17206ed4d0bde3c5a9,GDPR
spain/Decisions,36f3e3b6b65a4261054fb0a442496895,needProcess
spain/Decisions,e44bf914a682b2c54b0ede76415c8774,GDPR
spain/Decisions,1fff828bb5f3bd69b9e75ac64216dee4,needProcess
spain/Decisions,23d22978220f45104b993ce539492bef,GDPR
spain/Decisions,56ed6e7798f1c65ec4166bd2bdd1da08,non-GDPR
spain/Decisions,45e5017d83838a893aa44ebc70588b27,GDPR
spain/Decisions,1ea945535d3c172eaa488cc3ef2ec0f4,needProcess
spain/Decisions,4d18fc8eda621b699b9b95594860f186,GDPR
spain/Decisions,d394f516f6796f19013ce5cdbc60b051,GDPR
spain/Decisions,6e0d77a33502482c653a28fd1c8c3b94,GDPR
spain/Decisions,a243d3e7504d5aca9be82342b7589767,GDPR
spain/Decisions,a8894dd464226874abb1fec5506695f3,needProcess
spain/Decisions,0e4ccc91db0b77eb5272d7794c686a8d,non-GDPR
spain/Decisions,e8fb1fa3f80ded39d232154daaab9bb6,non-GDPR
spain/Decisions,ea6fa0e8c00ce6a275442e5fbffd5f20,GDPR
spain/Decisions,6dd951f19c12ec28c2debe1cbeaf8959,needProcess
spain/Decisions,e71e7db71c545fe63314fcf1da55aac5,non-GDPR
spain/Decisions,b82e2174ad1cda0ad75715f03cc6fd6b,needProcess
spain/Decisions,7d0bc5b0cd09b33a7612f4000c8fb183,non-GDPR
spain/Decisions,336919813cb5b49f1d71aa0751cdf71b,GDPR
spain/Decisions,a0d34b3b2d4575249a2c2e94980b9a24,needProcess
spain/Decisions,65fa95499d70cd4ab8300e1fa6cdee59,needProcess
spain/Decisions,e7edda179937363c8c8b9fd89a727abe,GDPR
spain/Decisions,8e67e143a2eede54c8391ef37e03d99b,needProcess
spain/Decisions,8599a823398ccab5e7000b1a1ff4b95a,GDPR
spain/Decisions,b0753ec5ad414d621ae8efab0d2d853f,GDPR
spain/Decisions,0292a51eca204843ddc52d4abf8bd913,GDPR
spain/Decisions,4885c4b458ec04d6d2c0f6e967cc142d,non-GDPR
spain/Decisions,c667ecf3d8024ead43d2ab9f9a37028c,GDPR
spain/Decisions,c22563833845312acc61f935052ede36,needProcess
spain/Decisions,267d226c3e03cbedab73de1f97cbea41,needProcess
spain/Decisions,72ed6b764abfe770bb6e221cbe4138f4,needProcess
spain/Decisions,f265e255f5695364bbea5ae42b697443,GDPR
spain/Decisions,f20e7cd241f2bd09986189b5ba177ce4,needProcess
spain/Decisions,8f983512acd757d4855a5c73675720d0,GDPR
spain/Decisions,bfcfb51442c7233baf2d60a6cd51dea3,GDPR
spain/Decisions,471faf213f2f368c990a18e636c2bf1d,GDPR
spain/Decisions,53ec6701842de8882a700fdc33593375,GDPR
spain/Decisions,150499f5aa261d376502371f31825827,non-GDPR
spain/Decisions,15fd0c67950093cb9ac60be231cf7e15,non-GDPR
spain/Decisions,62b2ad8a3a37d1eeb4a5cab0419da4f4,needProcess
spain/Decisions,bdbcefbdb2389a807ecd559fd38f222e,GDPR
spain/Decisions,5b902b98b6de1b40c066dd0b7ec43d34,needProcess
spain/Decisions,5116badb941f400e35946e1e0fff7d04,needProcess
spain/Decisions,0197a74512fc7f369e594db27755b916,GDPR
spain/Decisions,371b4482b021b28b0f570eca0eee67ef,needProcess
spain/Decisions,738ae5b3a319c48f208dc359c9ebaa47,needProcess
spain/Decisions,7cf83bf2fedc8f2fbac16956c813c5ee,GDPR
spain/Decisions,079a07ad84e8e833e97b853582642f57,GDPR
spain/Decisions,d53d37c80791d10b421928f96ff5e93c,GDPR
spain/Decisions,1a6d7c9f0b6cabc01ecc92538fe0407a,GDPR
spain/Decisions,7274df3c5a187482d6b6e6369346b8f7,non-GDPR
spain/Decisions,1c0eede5acb18d42d37a4f7e7b7f59c2,GDPR
spain/Decisions,f684504c54168a85da1a2e4b43a008da,GDPR
spain/Decisions,e8ed5d763b87d43320500855e06cfe13,needProcess
spain/Decisions,9dbe84883b46b31bd85bb8c123b64908,GDPR
spain/Decisions,d2620857409c39baa904068011db653e,needProcess
spain/Decisions,7d39f99975506b5e40f3ee2db66abd9a,GDPR
spain/Decisions,90a2cc3b2ac58b2e6b84858e37d75f04,GDPR
spain/Decisions,2b33830010bcb13314df6391aba7eca0,needProcess
spain/Decisions,2f9c479975349844f120bda30f92d493,GDPR
spain/Decisions,03b75a1766969fb7faebacc5901cbd26,GDPR
spain/Decisions,ceb2c1a612f5d029e6622456a01b5f59,non-GDPR
spain/Decisions,1622aa7092e8063840cc882edfff63fc,needProcess
spain/Decisions,e96c85745a5dd1b44200e5d572b6a5e1,GDPR
spain/Decisions,665895956e68242a625712904a06055d,needProcess
spain/Decisions,873cce3c774fbbed978f180d355523de,GDPR
spain/Decisions,61f5d7a8bf34784dbc79f28e087cf468,needProcess
spain/Decisions,02e05ef83636a2b763bbe2e950b85909,needProcess
spain/Decisions,e23dd07c73ba2b7495d1fb3626d7f327,needProcess
spain/Decisions,14f0703b9fd104e3b959c6b20b787ebe,needProcess
spain/Decisions,04e09f085a71cd983e2a76b2ed51433e,needProcess
spain/Decisions,caa0b39cda5c729f2a5d7f94c49a9b35,needProcess
spain/Decisions,601b928f7777688aabe55323cf67a022,needProcess
spain/Decisions,6c5c5001b91c2693df79ce0520b47c98,needProcess
spain/Decisions,0beaf87e5e07a058fbf847931e24c58d,needProcess
spain/Decisions,46852d345a59eeb87e75b9005afe8230,needProcess
spain/Decisions,b7baac829087a0c5a156ffd29d8964dc,needProcess
spain/Decisions,c48fecc0df72648e9f256d590b0c0b16,GDPR
spain/Decisions,21311a830942ceac088cffdf14db49d3,needProcess
spain/Decisions,6763e82673903390d1383ed8477ae8fe,GDPR
spain/Decisions,d51b990a46023b62d81ff5d69a71c41a,GDPR
spain/Decisions,0d1ce13f3d2d417fd2800514378e1058,needProcess
spain/Decisions,7867e46da2bc9fae9f94d920b07a90b8,GDPR
spain/Decisions,df5180a727d04e3ffd1f0ba7779ec60d,non-GDPR
spain/Decisions,d616f3cf36f008867e413204a5379a00,GDPR
spain/Decisions,a7b653611cb837a11e3fa12643dfbb44,GDPR
spain/Decisions,fd74e99d2f2adc00de0bb2b816b4f86c,non-GDPR
spain/Decisions,bd3203e15232f4b2b90af0d1af35954c,needProcess
spain/Decisions,8b6fb40141f79dd3a4fd057c9de5cb2f,GDPR
spain/Decisions,11c6c2e358800d9e9a32f696ba1dda48,GDPR
spain/Decisions,71cf0033fae25e3d4273c1c07c29538a,GDPR
spain/Decisions,e22ae1764c35ee329bc46d9aca4ca219,GDPR
spain/Decisions,2cb46bddb276ac7ecd154b99817cf6f1,GDPR
spain/Decisions,f637d109a1bcb7bb1a88485841c9aff9,non-GDPR
spain/Decisions,e9082a2094cece0af37a995071b3686d,GDPR
spain/Decisions,2cce6049f5715308a60bc9228b5d3c55,needProcess
spain/Decisions,760cc9b30c1f58c9320d7a4619586814,needProcess
spain/Decisions,9a87b75afc265f2eee943be40432c74a,needProcess
spain/Decisions,51c945b6caf73c7214c85fe53b46b79f,needProcess
spain/Decisions,cde8979d8ec415dd06328d7ff6f310d8,GDPR
spain/Decisions,df0048c4982c90681c75344a4c12e2da,needProcess
spain/Decisions,4c0138837072e40664fb8152ec149e3c,GDPR
spain/Decisions,c4cd0f6c8b9c3f2aa3769f5e6a7350af,GDPR
spain/Decisions,9e62b6ef08e15a2ce34911799106e2f0,GDPR
spain/Decisions,2b28dec3fc7bdce6c268ebbe850e970a,GDPR
spain/Decisions,8ec58219861264127789584e04f5d68c,non-GDPR
spain/Decisions,d075723fddd2c7a4b4cef3bab6ded84a,needProcess
spain/Decisions,e87b81c47fddc5a8f374eb160ef63ecc,needProcess
spain/Decisions,f19083f9616262f8a4247b5598cb7437,GDPR
spain/Decisions,25b8bb397415c36fcaa8fd2ea2987e0c,GDPR
spain/Decisions,1f884292b102fa20a152af2ec7351aab,non-GDPR
spain/Decisions,4647a90b60a3d0189ede3d9bd51bd4ee,needProcess
spain/Decisions,7578f43549e1846b3df8736bce2a3601,non-GDPR
spain/Decisions,2e59a92472daaf80120eadce1fdb101f,GDPR
spain/Decisions,ec0b436556a46029991af3d999b7bef4,needProcess
spain/Decisions,e67d336c2262c226743654d53dc8959e,GDPR
spain/Decisions,e58b10a260be4a038e420e1671693964,GDPR
spain/Decisions,1734e1a365063d269dc31424503640a2,needProcess
spain/Decisions,97cf3e7c4e0c2d47913033e96847578c,needProcess
spain/Decisions,0491d4014b8550c01c1c5fb1082644da,GDPR
spain/Decisions,373c33bd307e4f13215edd1c3f69b993,non-GDPR
spain/Decisions,26b6e3da5f015b12a76eba1cfe982810,non-GDPR
spain/Decisions,570a8c4d8b59e8d5b9aa82d91237d810,GDPR
spain/Decisions,30840e929b95bfc52fe60536fb147006,needProcess
spain/Decisions,bbb34aa4df0cbac2acd30389748d0357,GDPR
spain/Decisions,e38ef900cf17a9b4b2938b3c0c4a0083,GDPR
spain/Decisions,9dc936cae61724dad1651c7d2a9453dd,GDPR
spain/Decisions,f858ba81bd9e77736cbe16202edd4ab4,needProcess
spain/Decisions,8777cad05460e1527fd0210243b40b8e,GDPR
spain/Decisions,30398c95663c8e81e8956d8b9d656193,GDPR
spain/Decisions,eb70a8c1c37424c52885e02442ce8923,needProcess
spain/Decisions,72a12110879c6530c4b6cecede718f47,GDPR
spain/Decisions,2d502895b508d98b4ad71173ac2ec818,GDPR
spain/Decisions,c97a7a72f5dceaf0159d6d848c69a74b,GDPR
spain/Decisions,e4ae4d694ab84026d70bb79c68270c54,needProcess
spain/Decisions,acb0ac9cdb58e2dc5bbea2a8d08960f9,needProcess
spain/Decisions,8751cca2e364417d89048c4e5621f0ac,needProcess
spain/Decisions,b3220bd5a53a84ecad09f6dacce2fcc5,GDPR
spain/Decisions,c553dd06a7b417335a3efebb2478d00e,needProcess
spain/Decisions,fc29f3487a6a264a34259822a03456e2,needProcess
spain/Decisions,84372e52953112267c9600b8e19723ea,GDPR
spain/Decisions,0f7732e21615a486ad9c8cae5c8e6cbb,needProcess
spain/Decisions,947c7cbcc7688c5be6e535209add4056,needProcess
spain/Decisions,61c0ba353d631460693db462d6f0b1da,GDPR
spain/Decisions,37c02dafdc940cec0813c38d09c5b814,GDPR
spain/Decisions,9f9a7a397e7bf72a65ec895b1c18332b,needProcess
spain/Decisions,7b63a2f48773a62fef671a89273d8b7a,non-GDPR
spain/Decisions,7ca0a83d6d86d17ee08797f43af357b1,needProcess
spain/Decisions,29a0992007421ef9dd2e61de444c4065,GDPR
spain/Decisions,2af43fdddeaa5c706d5958f867807a58,non-GDPR
spain/Decisions,1c2f03aaf682644bbba204d529f8955b,GDPR
spain/Decisions,c35ac0db8059988d93a011e0819a4b7c,needProcess
spain/Decisions,948ad3a2a531ab26f553bcd2beb68b88,GDPR
spain/Decisions,afa47b7d938978298648246e9e7709b1,GDPR
spain/Decisions,a10dc7e5ca95f4e2a52666959e1dc0f2,non-GDPR
spain/Decisions,db1cd5f745a47fe9be1f5accff2562c7,GDPR
spain/Decisions,1e15618c88e402623c68ba03399d5186,GDPR
spain/Decisions,d4030c995f1cf876f05793026d7129bb,GDPR
spain/Decisions,cd4e4e6a2d9b6a37ad472cff8ed874da,non-GDPR
spain/Decisions,f823c40f78cc729ca4b93ab3a4875755,needProcess
spain/Decisions,bac986e519392511a1e019f1433dba74,GDPR
spain/Decisions,6760f1ee854166809b95aa04221d1661,needProcess
spain/Decisions,9b881dcbb3e4b3a1b0d818669e780a08,non-GDPR
spain/Decisions,2c5478190013df03018aade43d94bd8a,GDPR
spain/Decisions,6eca1ee9869de0854b667a856e7fd3b8,GDPR
spain/Decisions,183fdc555d3db6052075971bb49a45e4,GDPR
spain/Decisions,ad2fc73872437ef1242eeefb851ed6c8,needProcess
spain/Decisions,85c514382c15cf50240b2305fb21badb,GDPR
spain/Decisions,aef341916168b92bd54e058a65859ccd,GDPR
spain/Decisions,b09bd8c32ba86985a94bc520c1b37bf6,GDPR
spain/Decisions,e2ce4accd8931b257daaac50b1f792b1,GDPR
spain/Decisions,53570e58938147d9464ff5bb440c23e8,GDPR
spain/Decisions,7380dff2391e0353573ca9ead2d12abc,needProcess
spain/Decisions,4da57d9c24f692218ea1fb623d6fc66e,non-GDPR
spain/Decisions,20db44ceaf4172c10501ea3aeb490eb8,needProcess
spain/Decisions,3521e653728e94f3449df5da3748f4b6,needProcess
spain/Decisions,60f89ae5b331ccb7054b79a79725f670,GDPR
spain/Decisions,252f0eb9a4943b73bd540592db62c75d,needProcess
spain/Decisions,50aca2507c738306551e194b99fea8c4,needProcess
spain/Decisions,4e91ec8ea006bff6d1a7643a39ebb350,GDPR
spain/Decisions,d46d93bb88c538af85c872a85c089c4c,needProcess
spain/Decisions,3c38588da8d61030820048aae9acc966,needProcess
spain/Decisions,2c9ff1d294a8d1509dc0b8c13b85c013,non-GDPR
spain/Decisions,f7a06f1d5b3a87e1c91b14089e5c9b5e,GDPR
spain/Decisions,836318ddb3a96c1ae57ccce60df1380b,GDPR
spain/Decisions,4f4c64445d52467355af49a3f34af8c9,needProcess
spain/Decisions,1891e869c133f4a197b67a0b97e5dffd,GDPR
spain/Decisions,128df85a7db053b0304187383d53a17d,GDPR
spain/Decisions,4afad3f30ef20040bd464eced6a2f949,GDPR
spain/Decisions,2b129664bf962784fd23fa1cae9a2145,GDPR
spain/Decisions,1189dedfe9876c74a3a1c7425814f24d,GDPR
spain/Decisions,36b9c215e2ad55ad2aaf23c425a9502f,needProcess
spain/Decisions,6d6c1b0af9322395890d908a7edcf9a7,GDPR
spain/Decisions,97fa9363dbba77cfd03fc13d23dfee5f,needProcess
spain/Decisions,4875cce1655377d22aaf0cbf819a3565,needProcess
spain/Decisions,cc81a407384aacf847049ceff3775e62,GDPR
spain/Decisions,1710d2536ce07b3d3e4a4a9f30e2b282,needProcess
spain/Decisions,a666ee0af8d26eb268154eac9bbc9543,non-GDPR
spain/Decisions,3438a69928d1744ddbbba2072f863837,needProcess
spain/Decisions,8fcc5bdaa60b5bee8d827132f4fbaab0,needProcess
spain/Decisions,9c5506c45d9d6ea2b52541fd80cd276a,needProcess
spain/Decisions,60b2cd7bfcd3c478f1ef1d04463804b0,needProcess
spain/Decisions,75b56a3f15e62986d988253ba486c8c1,needProcess
spain/Decisions,731b8d99f02ae49514227dbbd5026ce7,GDPR
spain/Decisions,b104da66b0bc008ec59931cc4730776f,non-GDPR
spain/Decisions,1c25a1af3e5da07872f20917f1098e0c,needProcess
spain/Decisions,25f349d49b44effe47de65880b93528a,needProcess
spain/Decisions,b6b3e8dec37f223023609e2ed7f8c808,GDPR
spain/Decisions,d57fe8f1678cce11c037f425d8858fee,GDPR
spain/Decisions,b35ff195036f5dd707ca17b9e8d49a91,needProcess
spain/Decisions,8790a3bb8095f34a973528384c5d1995,needProcess
spain/Decisions,3ad76471695d506c283e2d81d34d0a56,needProcess
spain/Decisions,0e988b4f75a31a6990ab1e85e5bd131a,GDPR
spain/Decisions,16f8ef44ced6633beef175972f0e1831,GDPR
spain/Decisions,eb6c2656d9dde61f6103ae3887b764ab,GDPR
spain/Decisions,d4f09b660d4f29aab0e52cc7ae0669ef,GDPR
spain/Decisions,f84858c6dc063ca50f8980a0c4ce8c08,GDPR
spain/Decisions,59d142bb2221d9b75275f6426a680135,GDPR
spain/Decisions,28f51392ca3222144ccc8001611e93ee,GDPR
spain/Decisions,2b317bc67235f474d1914aacd9b15038,GDPR
spain/Decisions,3a31934119d7a59cd0d003c1d4fbfa66,needProcess
spain/Decisions,570dc7ac5373789aaba6eced60605854,GDPR
spain/Decisions,e6b29d2f33c68c050997b5603114cc6d,needProcess
spain/Decisions,ca8418e549ba1d7b878b634e9e776638,GDPR
spain/Decisions,3cdd0cd35450c4bc3902f98451ed624a,needProcess
spain/Decisions,fb3def7b79ad80efaa009586ec78e09a,GDPR
spain/Decisions,bc594247ba575d72489ebb3c14eb68db,GDPR
spain/Decisions,801d91424d0ed46a1abde268cd0f1dbf,GDPR
spain/Decisions,ca7200108e70af63e6f24d7734cfaf2c,needProcess
spain/Decisions,7dd687d814010ee0f6689c6f79891eef,GDPR
spain/Decisions,11ecfac32fe927dc1a585bafd88c2eed,needProcess
spain/Decisions,f86bf45e6ea3af99a996d1c984dd3ddc,needProcess
spain/Decisions,9aa509320a4ea1ef1d297f8527ad12dd,non-GDPR
spain/Decisions,bfcd6708bff9bc5ae30ddc3c6a14f018,needProcess
spain/Decisions,faad6bdb22584dc765103cfc0d7b4331,GDPR
spain/Decisions,0975ff0765bb6407ccab3b33a8f2b684,needProcess
spain/Decisions,dce24922cf1fcac9561b48bdba80ea53,non-GDPR
spain/Decisions,5755b5dd795889b7039f025b3ce19f4d,needProcess
spain/Decisions,fb9967c69a4c0205e70891145c704aac,needProcess
spain/Decisions,a1a35b845ac92fd348c90674f2444550,GDPR
spain/Decisions,feb1f51c709bb3f3a0dee35abfd36645,needProcess
spain/Decisions,bb32ba3c9f2998b0fabe90579e75f21d,needProcess
spain/Decisions,ec494806199d150445c2d405c38f88fc,GDPR
spain/Decisions,5e46f1521c9154cbbdbd374cda74f7a2,GDPR
spain/Decisions,0d0c9d38f6b66b3cd94b32945645b184,needProcess
spain/Decisions,612651681d2a64e59a85e26918655409,needProcess
spain/Decisions,236c0d30d94e42ab35cdb11d307ca33a,needProcess
spain/Decisions,284c0b02223a7d086f8d75e83d16c1d5,GDPR
spain/Decisions,e4dab00939c81afeecee33aac2e6022c,GDPR
spain/Decisions,101c365557a742b7a3278a06c60e701a,GDPR
spain/Decisions,61d4584cad3c40ccafe855e7af8a9b20,needProcess
spain/Decisions,11fc26b1e94de66e7841f4813ed07955,GDPR
spain/Decisions,f46a4c32b07065c95643447cb3087042,needProcess
spain/Decisions,51c7b1dab3981411c53714b0c948dc16,needProcess
spain/Decisions,b4f8b2a5d785a7ca3b28744fbf0348ad,GDPR
spain/Decisions,875f231fc4c172d06ac8538c4e44299d,non-GDPR
spain/Decisions,1b8e3b903277579f5c0acac143a1f921,GDPR
spain/Decisions,70062d3f3e565245a4ba1aceefdcfe53,GDPR
spain/Decisions,df4875197179979d3179c74ffd73f5ef,needProcess
spain/Decisions,456941170609730849e94cafc8a5ef1b,needProcess
spain/Decisions,5884d15c2181bb8b684a1bbfdd39c2a6,GDPR
spain/Decisions,6545f5f39a3bd4e044e34394b34f2e8b,GDPR
spain/Decisions,77afbd2ccf4dc25ecd2aa45fc66c4727,non-GDPR
spain/Decisions,ca4d1ba76d1b4bf022adfb10aabfcf32,GDPR
spain/Decisions,cc54bce63a0047926ff6e4d2ba44dca6,needProcess
spain/Decisions,6ca1704d9ff2f63e9b83372db7eb5dcb,GDPR
spain/Decisions,55071e916a400bb4df23aaed48a6d0d7,GDPR
spain/Decisions,56f55e3a8f78c6a145a45d697a9e1268,GDPR
spain/Decisions,c88b10bc1d69c54256c00e98d127a625,GDPR
spain/Decisions,50b78fd126e44a71d3371792dea955a5,non-GDPR
spain/Decisions,881a6377fbf63f337d180f790d282165,needProcess
spain/Decisions,1cb4130cb1cacca0cdf59ce70da0493f,needProcess
spain/Decisions,6c68791c70c8386597f016e6b654914b,needProcess
spain/Decisions,797e616e238230fb87b25ca12fec9e06,GDPR
spain/Decisions,5c08e8701922960c6afd53ebe4776956,GDPR
spain/Decisions,67d5adc3051f9deba384c8933e7661b8,needProcess
spain/Decisions,f6366c55d43ed980f0ff7a04ed268339,GDPR
spain/Decisions,3dca5b458592addf1dc6d8807e05b2e2,needProcess
spain/Decisions,05222cb381bdd87bd4c6002b9335416f,GDPR
spain/Decisions,e0dba68390184a66214047bda9142a13,needProcess
spain/Decisions,f0b2a28059faa4d40e4f18d46701ed34,GDPR
spain/Decisions,fb640707f688972bb8de4560b5aff577,non-GDPR
spain/Decisions,9cbc9e9e119e4b24d8e7830493787fb6,GDPR
spain/Decisions,c9e2e7491fd0c9406434d57ae73aded2,GDPR
spain/Decisions,78448449999164f681970deff5f447e0,needProcess
spain/Decisions,2f07010e5629d5462c64a2b43afa0502,needProcess
spain/Decisions,60708a788f4ed1f283dc39b598b398f3,GDPR
spain/Decisions,ff9e7393dbae4c058010e4c0b5e7e631,needProcess
spain/Decisions,b8923e9c37bf8940f301e665b5b53573,needProcess
spain/Decisions,213a8e6954428f877fa873712face37e,needProcess
spain/Decisions,71e7f8e2efef1d53f7490d826f92de81,needProcess
spain/Decisions,cd7b22752b201b9643a61d3a65ac0a8b,needProcess
spain/Decisions,1b3bcaafae75d06cce9f670aad20fe80,needProcess
spain/Decisions,ccaf30358ca5b08cf2eec8896fb2226d,needProcess
spain/Decisions,834fb1f409ba84c515fd519ae1fe1a82,GDPR
spain/Decisions,21b8be3200550a410fd26f2153579237,GDPR
spain/Decisions,92bb9cff50c9bcb0a9a9bce9a02c8b1e,GDPR
spain/Decisions,388dc17c5511d0aaafdb3bd6b7d60b02,needProcess
spain/Decisions,04201fd6a033f6ec9f552a04606e5d81,needProcess
spain/Decisions,4fe71b4aff177c73916d6529adb37046,GDPR
spain/Decisions,06d31188b43eca6fb2484ee859ccebbe,needProcess
spain/Decisions,f6758b09460067a44adc422a905a375f,needProcess
spain/Decisions,7dbdc103bc97d757f69e8d8c5046dfbf,GDPR
spain/Decisions,6aa5f56bcf21c3f12c41ad1c4f26b7ce,needProcess
spain/Decisions,a996dc59bfc905fb2df93e21d813829b,GDPR
spain/Decisions,ca8616a92d8ff854fae97ae79e7a5bfc,GDPR
spain/Decisions,64de253ad189ad673a80d515c25f81a8,needProcess
spain/Decisions,569a17a0094467aee3f888cfea709d7b,needProcess
spain/Decisions,088c7de819d3fdaa15ba7dd98a10377c,GDPR
spain/Decisions,0f48dae9f261975e465dc689e5b65db5,GDPR
spain/Decisions,203d6430c91869e04ef30a6bb9a84819,non-GDPR
spain/Decisions,dbd84fc78043ffeb58f699aa6d631ef0,needProcess
spain/Decisions,7b18f3af77a50ed319ad3837086ddba8,needProcess
spain/Decisions,914e1b0fa2dc379f00d6542c7962d07c,needProcess
spain/Decisions,44583998be41749bbafe08e5a3bb8abf,needProcess
spain/Decisions,5602ea8f686df219a61825c052614bfe,GDPR
spain/Decisions,e2b47cba738665d21b2d246e35b8d79b,GDPR
spain/Decisions,212005c799204939886d70e18424605d,GDPR
spain/Decisions,8b42abf435c7c597ad0c180960b32e30,needProcess
spain/Decisions,11ea385c64d6bebaddd12875b7d1aee6,needProcess
spain/Decisions,d72326d7732c76face57f22c3fa5348a,GDPR
spain/Decisions,2818828b50886a78ef82b22db3a6cc1c,needProcess
spain/Decisions,b5e502cf49ce54e188a5601fba2ba0df,GDPR
spain/Decisions,c9f88e69779902649bb56521de84223c,non-GDPR
spain/Decisions,b8825a0f07d9613d55e66fb01159c7eb,GDPR
spain/Decisions,bf14fbf0eff1d700f7ce74e776440068,needProcess
spain/Decisions,f445c9646cc69b90b68d9b5e73c7e5c4,GDPR
spain/Decisions,8ecb72227a05a3302e459d5e834788e7,GDPR
spain/Decisions,171113f30f36002541973787d154a396,non-GDPR
spain/Decisions,a8013cabe380793157b8a4a09aa393bd,GDPR
spain/Decisions,1cf2aa228f3e8ae7cd108d6067211d59,GDPR
spain/Decisions,3f990613137affbdc931b9c098f52c8d,GDPR
spain/Decisions,828251a7f4e4a07cc1e9d07f25c2c8c0,GDPR
spain/Decisions,ab8c43d5103feee3c7f02d74d2eee7a6,needProcess
spain/Decisions,76c98ee659c930a7feee2f2e937f993e,needProcess
spain/Decisions,39406a806bb812e266cc8e5cc3d72308,GDPR
spain/Decisions,863e037e3e085cee093b27e5348a178b,GDPR
spain/Decisions,c0d98851d2ea8b05e1fd4b8269afb2d2,non-GDPR
spain/Decisions,b81469b3afbd36082f1c07151f79730f,needProcess
spain/Decisions,80a81385d1b58f86844664cb30eeb6d3,GDPR
spain/Decisions,adb03f98d2880b4cc5d331686e3341c8,non-GDPR
spain/Decisions,ea084252c99016b0574e0634b73a7669,needProcess
spain/Decisions,1da39e5a25d05eaad4494cd926171cc9,needProcess
spain/Decisions,609dd27eec6c4f16ebce732f60317285,needProcess
spain/Decisions,6616e7ddd1aa3d60be077fa2e7a03941,non-GDPR
spain/Decisions,488b60fb6ed16ff3ce5c7fc92b99734c,non-GDPR
spain/Decisions,071053daf3e6e70a9699495b501840c7,GDPR
spain/Decisions,15dc65c181b27c8802b61df333d1359c,needProcess
spain/Decisions,c06553a906c3f80fc7e1c2e82c370a6d,GDPR
spain/Decisions,d94a63937d157a4781a2d308b0e8e14b,GDPR
spain/Decisions,972b4a59cd89c39f07cfb3b78ca3473f,needProcess
spain/Decisions,b8df2eaad79ff52192f8fa9e5ae0c08b,GDPR
spain/Decisions,90f0adeddf23d0767a52b2c72922ddff,needProcess
spain/Decisions,e5213d0f04326bef0377ae24b831294b,needProcess
spain/Decisions,c5b8cdd2b998131458c2281f7c989065,GDPR
spain/Decisions,a3cc15ccf6b4501f5fb6ce8ee3b4bb98,GDPR
spain/Decisions,21d9e01f5be0ba4ae2635ad16a3060a5,GDPR
spain/Decisions,e6951373e1f2bac5321b06eb1df35a21,needProcess
spain/Decisions,2b641e8bd24e398200aa91d80db15b18,needProcess
spain/Decisions,66d66fe0d54e67ca110fcb3940236d30,GDPR
spain/Decisions,bbfa9a8d78d5c4afb7fc241f8b566a39,needProcess
spain/Decisions,de8924071cfd6b1b0cab32ffc1fd4ea7,needProcess
spain/Decisions,dd9038c4be17304deed42d58e49a4ef6,GDPR
spain/Decisions,2781f4a2f04ef967489011b1bb81cd07,GDPR
spain/Decisions,00b9b4a1fd5876d3d75da9a60949ffaa,GDPR
spain/Decisions,738eb5a0c8a0d0030c5ba80e4c5bee85,needProcess
spain/Decisions,ccde03fa7e53b2cf60d7b519d894899f,needProcess
spain/Decisions,0ac951084ecb02b34bf8d321727db81c,needProcess
spain/Decisions,ff533425a7b79108f8fb87d47d0e7d35,needProcess
spain/Decisions,7b500d5f1777b484dd5c5d8ed17cb9f8,GDPR
spain/Decisions,da7c58060a6fd4f817e1a7f8a6317c75,non-GDPR
spain/Decisions,3d4b5f2de874facb484d74146de80d71,needProcess
spain/Decisions,4db87a2e622b5b57580208f3cb34037d,GDPR
spain/Decisions,6b8c9fdf35db3d8a8b64b5219092050a,non-GDPR
spain/Decisions,8636becc29dde006ac939fb3a6f8f25a,needProcess
spain/Decisions,be87adeb360d27475d5b65116503adfd,GDPR
spain/Decisions,80caad23b9fd45b3d85d782f45d01e76,GDPR
spain/Decisions,06111c1220f120a2f540f45064d5d7c4,needProcess
spain/Decisions,9f7aa30a8f8259beb66aa0d8c394e9b3,needProcess
spain/Decisions,af7b58ee4430cbe8e7b4e3d8779c19c7,non-GDPR
spain/Decisions,b8f9a07bf44bdc3faa950352fe26a91f,non-GDPR
spain/Decisions,de1e6ebaa3e73a67dc67626174f07b28,needProcess
spain/Decisions,54ec4b4aeaa6de9578465bc04d760b5d,GDPR
spain/Decisions,e28f7540bc05f9775eb30473d8c1a356,GDPR
spain/Decisions,bc3cdf79fe61078f9a8176031e31de9b,GDPR
spain/Decisions,688ca91d46633cef8a237945c6e23c5b,GDPR
spain/Decisions,c8c1bb6adb00f0048911e0cf299d55b9,needProcess
spain/Decisions,c04e39d3cc574caa39b8f9142472ec74,needProcess
spain/Decisions,982044e425e938647822d87e807e7ab7,GDPR
spain/Decisions,00bdfdd8ee595b9a420b27b595268ffc,needProcess
spain/Decisions,4450a69e9899ec4567d1074e702720b3,needProcess
spain/Decisions,ecad55f95cbf9e50b400a3fec6d9f53f,GDPR
spain/Decisions,4e36e20c2fe22e395811e0b67efbe457,GDPR
spain/Decisions,9c4d21ca43cec9bc376e793c7b0cef33,GDPR
spain/Decisions,bc0fedbbbabcc5ef2d09502d17427338,GDPR
spain/Decisions,ca7de3cf9da16730ba337caacd62dd31,needProcess
spain/Decisions,61b2c52fbc5065f97507de9edf8c57b6,non-GDPR
spain/Decisions,807bc92dd7bbee20fe3b18382654fb09,needProcess
spain/Decisions,61fe50de45f70454faf822d41c1ea68f,GDPR
spain/Decisions,9dba5a8c25361d57f34ac40e6aacceb8,GDPR
spain/Decisions,6672ed0f615a3cf0044d9af085df353b,needProcess
spain/Decisions,1500ee00a2374bd8ea02e5c6ee7b6122,GDPR
spain/Decisions,6592e8d3119efa1730775ac1f4133a39,needProcess
spain/Decisions,9200ef87fea105adba00f99cdb5b5b15,GDPR
spain/Decisions,2c1b3d20ad80b237f28efc78b5bf0d9d,needProcess
spain/Decisions,7106e6ece419685c1bebd638ddcb7eff,needProcess
spain/Decisions,d552cab17fafd17c98e4a196c6b8f34c,GDPR
spain/Decisions,812c80a909c55aa96929cb40a1332c45,needProcess
spain/Decisions,f188dc4d3db4841200b5064f66e862e7,needProcess
spain/Decisions,f2b244485a1421e2d3fe9a7fd83795ee,needProcess
spain/Decisions,54002b5178b271a35ddfc902fda44bb6,needProcess
spain/Decisions,9f5a33f35f21e1d543653fceb17e9cd4,needProcess
spain/Decisions,20ff0dd17c87cda1a93e8f81cfce8dc8,needProcess
spain/Decisions,2ad6ece00fb178f68c646aeb446c9939,needProcess
spain/Decisions,7f514f8a01ef41e4a81cc3b0372e511f,GDPR
spain/Decisions,098e8cfde457d276bce4262237dae4e2,needProcess
spain/Decisions,0288c4e8766e358bf6f7163d58fe4951,needProcess
spain/Decisions,74b715890f0f06ad46e4470ae170bc42,GDPR
spain/Decisions,781bed00d10ab0b0528c1267e8ae4505,GDPR
spain/Decisions,1bdfb7c69cee5b207b443b89f43d2a65,GDPR
spain/Decisions,cabf4219822718da60b6818a8e7d9c9a,needProcess
spain/Decisions,ec6daf530d6de7c0ff268e62b7093390,non-GDPR
spain/Decisions,2432b2d094c7edd5ee3a37d24c8b42b4,GDPR
spain/Decisions,c3f3390ca12fe11c0b49a98c98c58883,GDPR
spain/Decisions,60729357772fbc28f99a31ad5787a962,needProcess
spain/Decisions,4e78478e600fe66035ed534a0523b718,needProcess
spain/Decisions,62814c6ea5715d299975eda95c8526d8,GDPR
spain/Decisions,2afb1252c76526781345663993f21bbf,non-GDPR
spain/Decisions,7f8bdd6342c826cd46e4dfb21e841322,GDPR
spain/Decisions,12b96d54e326fd1de2195042c6b3ceb7,GDPR
spain/Decisions,8591f892c0b42193fa506be2a3a49628,needProcess
spain/Decisions,6bb03af25db3037f352aa9f671e4ee59,GDPR
spain/Decisions,ef6dca5dc695dfbcf539fc37a152529a,needProcess
spain/Decisions,6bd93c75323ba3fae52347d032525e42,GDPR
spain/Decisions,e7351d47372023e49377c6eb3fe9c05e,needProcess
spain/Decisions,b7e571b69380febf2cc4a97d626577b0,GDPR
spain/Decisions,1df1fa51089951b1d722dbb94c6648fe,non-GDPR
spain/Decisions,83ff2bbf07f968281f0087082dc4fe06,GDPR
spain/Decisions,6092d3e68f9fac90c58371eef7a031f1,GDPR
spain/Decisions,344d92daa24d1a8ca4fce2a5bd9138e4,needProcess
spain/Decisions,80ca70335768ad242afd1c60fb8f2008,needProcess
spain/Decisions,5d146efda01eb8d5abef79c51da5b69f,GDPR
spain/Decisions,37a57df2223bc398f2a0c8f5e41e9a34,GDPR
spain/Decisions,ee163f91f68611f5629a30a5c8191ed6,needProcess
spain/Decisions,1be44a7eafffbf09d99138304e6abb51,GDPR
spain/Decisions,cd6be4281453ae196d1fd9de4a6ea1bb,GDPR
spain/Decisions,0bd005fd356dc17d79dba4d051aaed42,GDPR
spain/Decisions,62de185fcbdfe3ae33cf1104e01c3ca2,needProcess
spain/Decisions,f8c78428f810fcf3d5eabadb3bf6f399,GDPR
spain/Decisions,3685ac890afd8ba8a41a11e718adb1d4,needProcess
spain/Decisions,920eefc2473b1749d69309c1f42a8c85,GDPR
spain/Decisions,5d35d02e38a840deac1239f2ddce6046,non-GDPR
spain/Decisions,b35a9e4b0761bafb94164f97bce648a9,GDPR
spain/Decisions,17fc0bbd4c649421503a29c479999496,needProcess
spain/Decisions,b442bfae3fe86ab216f2abc3eda33b84,GDPR
spain/Decisions,c3352d5c6d2e5a3dd4b364ee6d653777,GDPR
spain/Decisions,6cd5f9d37422e3d72977cfcb242d8b85,GDPR
spain/Decisions,07c9ad775e8d8a744da6fc3763ad9f44,GDPR
spain/Decisions,2b52a69626f4994dc87c63e1be16bb72,GDPR
spain/Decisions,ee3d2ee06d8537e130dc894b08ad5aca,GDPR
spain/Decisions,469a0cd336e38a71e09cc6b93897e32f,GDPR
spain/Decisions,63343d0c117aec1fa75447790243a95f,needProcess
spain/Decisions,2716e5a2951e9c03cc186e94d3f8ed32,non-GDPR
spain/Decisions,88e06954bc1ea50689a56a986f360009,GDPR
spain/Decisions,f1c47c70f169f522d6366b25087c2a81,needProcess
spain/Decisions,51780c44d3e1e2a0e166b31c347a99d9,needProcess
spain/Decisions,dd5488c6a123f915f11fa5237fac34f5,non-GDPR
spain/Decisions,8fc50b876fee30ddd73dd4a98c862c32,needProcess
spain/Decisions,08e98c59ec36d33c4ea16a7b7af9d901,needProcess
spain/Decisions,f31abd0a8b49c489877fe097fe7ce30a,GDPR
spain/Decisions,f178a97b370711baabbe4ada033583ff,needProcess
spain/Decisions,d433581d27980d07a8c641774b234a1b,non-GDPR
spain/Decisions,a66566d1ff162f7e2758481f51a02a72,needProcess
spain/Decisions,1983c313bfa2d0537e4f7252c21a7cbd,GDPR
spain/Decisions,108cd8373fac5c369e69d713ade777b8,needProcess
spain/Decisions,4fa6158afde58bb3def304c0e107966a,needProcess
spain/Decisions,6a998609793b3abb485868330bf95669,GDPR
spain/Decisions,6b04119e5ed8fa535c6950807ddaaf5d,GDPR
spain/Decisions,41e57e72c018c9cb0043fba8b6a4ebfa,GDPR
spain/Decisions,5ff0cb7f68a2bf45cc1b2dee60731182,needProcess
spain/Decisions,a418b56e357a021e0f686ed66ef6d74b,needProcess
spain/Decisions,eabfc03a65f8b15605dc0c36942b391e,GDPR
spain/Decisions,ac62d623b2546c182865cd09957acb2d,needProcess
spain/Decisions,2d3706998b09453f2e22f4e6e04dc2be,GDPR
spain/Decisions,2ee884c88733755b140797e1399c53ec,needProcess
spain/Decisions,6d55567b95fa12faa74f0b90b091a261,needProcess
spain/Decisions,1a7a462830f8c025e84f42addb31e253,GDPR
spain/Decisions,b091d9b490847e1b3fa64fe131184d68,GDPR
spain/Decisions,e0d56e83cb5a3c0c8fa3b2bceb507191,GDPR
spain/Decisions,52e5ae9dffe61806c02c198be554f7c4,non-GDPR
spain/Decisions,3e7ef53eadf8569ce182ffda0bcb3d09,non-GDPR
spain/Decisions,936b5e81984a404c97edaf0f5f22ff71,non-GDPR
spain/Decisions,27a6714f33ba4bf2b4b622638776eac8,needProcess
spain/Decisions,8d151ab7ff4a613c6d6a4d9f5e193fc2,needProcess
spain/Decisions,b66185b111f1c270aaf230b8f916f65c,GDPR
spain/Decisions,7a1a9ec691fcdbedc4315b12a6a3a89b,needProcess
spain/Decisions,5da4bb2523681069a07809d928a60c9e,non-GDPR
spain/Decisions,14915b32b4178d0b5adba6a3d2139003,GDPR
spain/Decisions,d9551ad72a9a6ce132e4bfba7340cde8,needProcess
spain/Decisions,25d32f10867bf146a5a5527e17c6eea4,needProcess
spain/Decisions,ea28c2ef3d5f91d0fcfdf2d0417f80a3,non-GDPR
spain/Decisions,2323312d7f6b79dcae5ed939a2a979dc,GDPR
spain/Decisions,71941f2bb117fbe7264f106ec90dc696,needProcess
spain/Decisions,6eec99f9c7e693b4a42f75a65fc8687b,GDPR
spain/Decisions,74ff1ae06d37c89773e10ea775901c07,needProcess
spain/Decisions,33b9f61e09b9b5aba8ba53840caacaee,GDPR
spain/Decisions,06ac1e05f3dce43904a202e4bc6a415a,needProcess
spain/Decisions,c9d451ce82ef1bf1a1e5454b46ae701f,needProcess
spain/Decisions,edce9a0a49e98ee3d49b6cf0e4a10dd3,non-GDPR
spain/Decisions,b386e35b30e28411bf7d875ac97b737d,non-GDPR
spain/Decisions,5756a83b66c06bb438d4f0179ef40f77,GDPR
spain/Decisions,01d46469a1c12a1802ae9128d0531bc9,non-GDPR
spain/Decisions,fe33e0f39d9214b450edc090abbdcad4,needProcess
spain/Decisions,9f34d33ce9841de3fa4e3d647a8b3f17,GDPR
spain/Decisions,78d7a65b7070c88c4de65661fd87a1aa,GDPR
spain/Decisions,fdb4b10e626327ec584966f2132e8b7a,needProcess
spain/Decisions,be744742dfe951972bf902c78e743b6f,GDPR
spain/Decisions,069a055175ab2c55f9a6c98cd3336e58,GDPR
spain/Decisions,434c88563dd0cfa7c3fac92d531bc549,non-GDPR
spain/Decisions,35f061698a6a56d1bde1515cdb57e6cd,GDPR
spain/Decisions,ebecabd9fa704ffb89f0f625e1ae6e9f,GDPR
spain/Decisions,c80fd8126bddb1249ff5afa869c1a98a,GDPR
spain/Decisions,46e4ffc3ccf2827f6f416480de06c775,needProcess
spain/Decisions,62f409448594da0c4e5ed3e7c4aa5b09,GDPR
spain/Decisions,a5ed6674f7de9ffb26fd80675f733274,needProcess
spain/Decisions,070bad2584a9450d78316dba2b2fa335,needProcess
spain/Decisions,c2c2134df1f670ff2b1b63f259600782,needProcess
spain/Decisions,dbddbe918db7b504d910d5afaebcfa39,needProcess
spain/Decisions,21dba22fa76a3b459d5e76426eb64bcc,needProcess
spain/Decisions,814bbd129d12c6f2825ff03d4c397604,needProcess
spain/Decisions,8ee11ef840550975772bf4bf8a5bd61f,needProcess
spain/Decisions,c53dbd3751d7953b3d3a9c4e2ddc7b25,GDPR
spain/Decisions,482aa7d615d1db0f7e66306879969856,GDPR
spain/Decisions,8e5f2354e41703c0176ac01bc8714db4,non-GDPR
spain/Decisions,43570e3def87d765160ba60e61c01932,GDPR
spain/Decisions,5cdbae1427cd196efaefcfcf97056f20,needProcess
spain/Decisions,88eb8978ed61393db891d3b379cb0f14,needProcess
spain/Decisions,170a50e6e2a18d1fb00fa8dc09ef6df8,GDPR
spain/Decisions,5dc1a0115d4104e84257e89fd66efaa3,GDPR
spain/Decisions,501e49a907169d7b315bc33c02569d3b,needProcess
spain/Decisions,9264f93f6b2dfc760a1c505c86f33f1f,needProcess
spain/Decisions,c38a3d3f6d6fd1b558626578210366bd,GDPR
spain/Decisions,fca1864479db46491cb59511ce59318d,needProcess
spain/Decisions,c70788c5f79d9c36542f7eb470e257de,GDPR
spain/Decisions,7b17e04058670daca695010b9d1ccbd8,needProcess
spain/Decisions,aec85ea42a982aad3fd51392e9d255f5,non-GDPR
spain/Decisions,934a5ae5908c4986e7cb03a54e9a1290,needProcess
spain/Decisions,b90503abebf86299b15e67e0dfb216c0,needProcess
spain/Decisions,a572501f9a6bc9860f8b217c81b7d0e7,needProcess
spain/Decisions,b659e196319f4d5dd2aabb4c90b0d72d,needProcess
spain/Decisions,c8b13a9d13d5cbecdb321b4f8cd6dc40,needProcess
spain/Decisions,36f0ef4a297e29a41f4bccf04b787ada,non-GDPR
spain/Decisions,96ff124178b56f4d660d67e1914f8a56,needProcess
spain/Decisions,af46720a41d856a2feb340396d328260,GDPR
spain/Decisions,3c0e1c4054de9634b3b693fa8f9fe08e,GDPR
spain/Decisions,347ee61d64540faef48ed21dfbad7035,GDPR
spain/Decisions,92b1029d6f871b3ae91df59547964f23,GDPR
spain/Decisions,9cce35223cbae278bb66ece0dc9165dc,GDPR
spain/Decisions,f3cce66b17b116170473081ef76f6efa,needProcess
spain/Decisions,dd9e525becf7bad890694f1247c75f26,GDPR
spain/Decisions,bcb5ce890dd5b932e975eaa2cfdee61c,GDPR
spain/Decisions,2cda69aff9d44b1f2fe0e876f3f85b7d,GDPR
spain/Decisions,0964a36b5aea9b58891abe72016869ce,needProcess
spain/Decisions,22b52fca22967dabab8ea784c2f967c8,needProcess
spain/Decisions,6d4b5ebbd6a14c3f2db840b694384cfb,non-GDPR
spain/Decisions,c44ef2d1880d460ced9c4136ec54b162,GDPR
spain/Decisions,ae4931e79210f5c5c9e56178c2e97bd5,GDPR
spain/Decisions,1c309b8d3c0f720b7461f27536e4ab37,needProcess
spain/Decisions,8713d226fe3c9202d0d349291dd9417d,needProcess
spain/Decisions,22e8a646d22f971a0efe52b07910e70e,GDPR
spain/Decisions,e73cca801080c1c8b1b140802a04afd3,needProcess
spain/Decisions,bb6987615361c0d3d4fb43e587537f7a,GDPR
spain/Decisions,d00568b272122142a5d3b51f8ef6e405,needProcess
spain/Decisions,b8fb48fae950cf769dce19ea88889cac,needProcess
spain/Decisions,9f441334c51272bbf1e6a2dc11076a4e,non-GDPR
spain/Decisions,cef5f170bd761910e97cb7f8885ab0c7,needProcess
spain/Decisions,edb7ed2c343f1c9a9e42562e3c466351,GDPR
spain/Decisions,093bb9ba8a8860f489ee3e4309298382,GDPR
spain/Decisions,d7a5a30195b1269116339a98bcbf938d,non-GDPR
spain/Decisions,fbef4335b2b94c27f5392f0203aa3d3d,GDPR
spain/Decisions,cb6573e0f2718d4bf3bd8fee37379473,GDPR
spain/Decisions,8491a73745fd86d814f2a1cf5768757b,GDPR
spain/Decisions,586b550fe1202e5db34ab1cfe5d15555,needProcess
spain/Decisions,07819cfa8f5915d520cfb1b085955670,needProcess
spain/Decisions,06bfd75001d3bc09943b451093d825ab,non-GDPR
spain/Decisions,0468a6c15c0fd6c98be110f79ee9ddcf,needProcess
spain/Decisions,9017965bd73790cacca1f27147e9003a,GDPR
spain/Decisions,2b30c384fdcc484dcdc61ee071d50582,needProcess
spain/Decisions,082b303ba88cb0c3b4b6f32e4b5cb3b0,GDPR
spain/Decisions,e2b55ca930433525f039904b813734c6,GDPR
spain/Decisions,01d37f6f68d90933c34f388283e6e0a4,non-GDPR
spain/Decisions,75738a24f8bc23eca558e290b3796384,needProcess
spain/Decisions,666e157e6e49ca01f0fde928cf2640e9,GDPR
spain/Decisions,77bdaf761dd4a55f36882550781b2ddf,GDPR
spain/Decisions,7fa46a64ae6dfe54caacd55139a4081e,needProcess
spain/Decisions,83d50bacf57bbe60a59334837dda66c2,needProcess
spain/Decisions,240fac407ff800b2c4e310c9fb26cdbe,needProcess
spain/Decisions,00b2b6443fb1da2fa25c2ed6e9291ca8,non-GDPR
spain/Decisions,81485e456b61e3140325996f6aed5cea,needProcess
spain/Decisions,b7bceccf8ed97ea2096d024b952b7238,non-GDPR
spain/Decisions,dbb21e42a498c46beaa5d105e0562001,needProcess
spain/Decisions,4f33dda233cdea1de798c6409623349e,GDPR
spain/Decisions,8ade2c1d7c9eb47d77ab980ff8466a97,GDPR
spain/Decisions,602e0bba1f65007ca64be0c5ad947366,non-GDPR
spain/Decisions,5c6f31e49989f2b72d4aa7f8619fa71c,needProcess
spain/Decisions,65f90c3c9e88f044f29f8b9a0bab173c,GDPR
spain/Decisions,5d55ba3c189a97c2622b38d77f8c4ba9,non-GDPR
spain/Decisions,ae006db0ab387aac870da366945d6379,GDPR
spain/Decisions,04e8535a287fc1fc43d5e22a8ca4fcc9,needProcess
spain/Decisions,f180e15d3f3b0946febfad5e9ebbafb9,non-GDPR
spain/Decisions,b132766ef068fb93bfac644294d98393,needProcess
spain/Decisions,ea477227a33941a22b53b228c15d8438,needProcess
spain/Decisions,6f1bba988e440a1ee8713ee93cfe5e77,needProcess
spain/Decisions,4d97d6bcdf323f2c619f118f9cb13c00,needProcess
spain/Decisions,f3a0cd55e4854cbe6839208d0b3b9004,non-GDPR
spain/Decisions,f7d5a84c4c49b53cf3131101c1d818a3,needProcess
spain/Decisions,dbb6f42eaa72fc67817ea9a9432a46f1,GDPR
spain/Decisions,9dc827066995766c845eb2f3be4057fa,needProcess
spain/Decisions,73b99b0fa908e80c0fbd5d38c30f1387,GDPR
spain/Decisions,c2dccd1a7de5791ffd9639998d6192b5,needProcess
spain/Decisions,8c557bd17241c59a725181e86f9beb7a,needProcess
spain/Decisions,ee7f7c09eef65736d5e1267f5f0c2377,needProcess
spain/Decisions,f7244c09d42038e86c6c5f78b4050129,needProcess
spain/Decisions,7e56ff762c235fed41384a951731e212,needProcess
spain/Decisions,69c0bee2cda98cad0e3fa9dfaceee4ab,needProcess
spain/Decisions,8f3f495eb3084266565d7c9329d21061,GDPR
spain/Decisions,3feb8353f3887e30526dda13f2b6d590,needProcess
spain/Decisions,c307757e654a8d4596e72a750cd6c917,needProcess
spain/Decisions,02b7de274158f64c3286f5245e18b63f,needProcess
spain/Decisions,30e70dfd3bec80501a79f324201cdb25,needProcess
spain/Decisions,8b1ecc7e930f157986cdb4067c8a852d,needProcess
spain/Decisions,1a2a6d11b97edd52acaf0acb39de884a,non-GDPR
spain/Decisions,ecc2e7837c72d72961086f8a163de45c,GDPR
spain/Decisions,91a05180f82e64082781a3a25db1b3eb,needProcess
spain/Decisions,3475f91d3a7995649d81993002608f3d,GDPR
spain/Decisions,d0a428b985e99d8757792a39ab18ca24,GDPR
spain/Decisions,dfbd621720ccfafa20df23ce7ad0341c,GDPR
spain/Decisions,32a3f19150b4e182540e70cbae45e6d1,needProcess
spain/Decisions,46a6b6a8a5a3d6bcbb6b9ba8ba3fb7ec,needProcess
spain/Decisions,36bb6a93ef0dd24a6e0ee475caedb63e,needProcess
spain/Decisions,2b2143bc36108f448688388ced0a300c,needProcess
spain/Decisions,27c38f2f5ca48d10fff33b20dd716e7d,needProcess
spain/Decisions,c062511e3061d90f6b87685a16b1d1fe,needProcess
spain/Decisions,07a24ee8d64c50b490dab5c3e3e74a79,needProcess
spain/Decisions,1be3222bd632312f30aca6dacb3b6a49,GDPR
spain/Decisions,716a46a25675a330bd185717c5aa41f1,GDPR
spain/Decisions,658d349d053ea6ff5f378297ee2bf857,GDPR
spain/Decisions,8e2eb0696f6022a348c33f8c0a7ec33f,GDPR
spain/Decisions,d4c28a31cc06d93eca65b44e46ff47ec,needProcess
spain/Decisions,3ef49a58414cea785ef1883e3782a317,needProcess
spain/Decisions,521521bcc2199867c7f9fed3e4cb5591,GDPR
spain/Decisions,a5f35e9b30c417314681feecba421b0c,needProcess
spain/Decisions,29e396a7ffdc877a42644d7c1e5189b1,GDPR
spain/Decisions,44dfd56671d354a0b210d5c3bc4c90ca,needProcess
spain/Decisions,1a971decf40b096462c042a09a785505,GDPR
spain/Decisions,f64b32902292f09f5838d638f200f667,needProcess
spain/Decisions,a95959440fafc50224c2e5b9767b6e6c,GDPR
spain/Decisions,83a08eb92afe406f96061ab38331ea80,needProcess
spain/Decisions,9e768e73d60e6881f2dc3e42045a592b,needProcess
spain/Decisions,e4c4829bb3ece4d2e6679387917c6d7f,GDPR
spain/Decisions,891114cedc06fe6f2668b1e374ccda90,GDPR
spain/Decisions,55ec1abc210dc5f1b14b79e307a8b472,GDPR
spain/Decisions,150bd603d7e64c23a3f46a069a091415,GDPR
spain/Decisions,1089d57c09c7d8b561547d11fce15195,GDPR
spain/Decisions,9c961232e8f0744d2c17708792dc441b,non-GDPR
spain/Decisions,2ad16e5ef385b056750ac3f936b2a023,GDPR
spain/Decisions,062eca625878ab872d6e08cdfd63f0b7,needProcess
spain/Decisions,d64356e432ba07fabdee9b6c0df34bf1,needProcess
spain/Decisions,47aa99666896057027216d70bd8b4474,GDPR
spain/Decisions,b90aca18571d7c64b250b52af84c748f,needProcess
spain/Decisions,e9fc0832e798bab6e32a844b84003a84,needProcess
spain/Decisions,da396fcc52ce724c2157c709e90c9fe2,needProcess
spain/Decisions,e489e9d670ccec2bc9c7cdbc3b1280f3,non-GDPR
spain/Decisions,4ce64d653024cbddf9b3fb8ca2926d4b,GDPR
spain/Decisions,9b35beccea3e75546b5b3afbca986cf7,GDPR
spain/Decisions,8b9e5ea58b5d1964fd42a7124cee0638,needProcess
spain/Decisions,1b42eea99f4df34321e40fdfb9692ac0,needProcess
spain/Decisions,6c40692910ae253b0635f01c3e73f5a5,needProcess
spain/Decisions,897c5c748275880e158b40c6759c792f,GDPR
spain/Decisions,ebf65ffa91487b75b66e310cab32b6ad,GDPR
spain/Decisions,fd53dc351ea8f1880e59d44d553cf5d1,GDPR
spain/Decisions,e1ef9a7a8c7bd9f16d00e96f3dce5be3,GDPR
spain/Decisions,f11afb4a1d7f1300b4a8ffa14637bfcc,GDPR
spain/Decisions,d1ecff645620f0a8ec3711a346aad61e,GDPR
spain/Decisions,4f2917b00603c7f153e8252f231accff,needProcess
spain/Decisions,4238c1330aca8616fc89014a4dddcee1,GDPR
spain/Decisions,29be5f3cfe5d710634e406ffbe0dd5e6,non-GDPR
spain/Decisions,866cc142455d326f5a6759a21d6688ff,GDPR
spain/Decisions,762628656328ee02cd56d5d1a87e1cc4,GDPR
spain/Decisions,f9052708385fe74cf1cd5c3653996a8b,GDPR
spain/Decisions,0a07b888434367453836376f5c3c6524,non-GDPR
spain/Decisions,9eb40b88a41f48d61cd1945e2417b539,GDPR
spain/Decisions,ed9b19c35aac5b7e3366dda1df7a6de8,needProcess
spain/Decisions,0ec18f42050f61bd48e4d280fefcc49b,needProcess
spain/Decisions,3a78f7ef8e194b4ebf18e34d2ddfa940,needProcess
spain/Decisions,7a3cde61271aab6b862d7e3b0ebcb523,non-GDPR
spain/Decisions,fce79465669041cb1afe0827228f7b26,GDPR
spain/Decisions,de3c30d4275c5fe453439d77cbcdb411,needProcess
spain/Decisions,c96c52be03e31b108ccaeb853086f598,non-GDPR
spain/Decisions,e19e4e2b5f89a9f9d374f60ca53c36b7,GDPR
spain/Decisions,80ce6465bec303c85f679ff55640ca7e,needProcess
spain/Decisions,663425a841ba10b71a9e3c7eadac9ad5,GDPR
spain/Decisions,cb235030a7335c0e48aa848438e7d88c,GDPR
spain/Decisions,2d2d2ee7e20bd273a1c30b226a54ebe9,non-GDPR
spain/Decisions,fd18c1b8a3d6435974962072a223df63,needProcess
spain/Decisions,be00dc62579097d55242f5d74858ebec,GDPR
spain/Decisions,e068cd9992259498b61e59efca4c2212,needProcess
spain/Decisions,70a47866464df8dd0fcfc7048d53cc08,needProcess
spain/Decisions,3aecf4a983fd32a4b9de1c5b5b091660,GDPR
spain/Decisions,4e070b6d1c41614bdf52468cb1c7b36f,GDPR
spain/Decisions,38f1d1b127783bef9a2dd8bfd8feade1,GDPR
spain/Decisions,fa55ef5293c7b3c25e54bb337d08b195,GDPR
spain/Decisions,c2b0df122ded83532b0262e0dc1d28ee,non-GDPR
spain/Decisions,e6ea286482e89faed9e6e65592898b9b,needProcess
spain/Decisions,ba4891d70f5788bed03810f4aeb75574,GDPR
spain/Decisions,e48d311e2f87e0dbe30c464223076c3b,GDPR
spain/Decisions,b8d6c19a5676f2dcf90bbd30e8b4ca1c,GDPR
spain/Decisions,d830f9b5407702bc3540752762c5965d,needProcess
spain/Decisions,457b18791d908209345081144a6c3bfa,needProcess
spain/Decisions,3cbbaa91e9b45506728ea9be29d74ad8,GDPR
spain/Decisions,b067b4d974a67567e1d6b5bd4c72f44d,GDPR
spain/Decisions,2af1210a083f19ce6f59d14a736a00a5,GDPR
spain/Decisions,047408504d3819f59f939e1f1e974f20,GDPR
spain/Decisions,e845855e52de0800df0dc9e6b1236366,non-GDPR
spain/Decisions,b64fded7105294bc3df2b3927ecd889a,GDPR
spain/Decisions,28ae8d13e753e87ac1cfb1f425a9f0a5,needProcess
spain/Decisions,07b41af8cd2634397e0bd28733465b0c,GDPR
spain/Decisions,26ba6debd9353fb0022fb3f00531befc,needProcess
spain/Decisions,ef55177e762e95fe88ec391880329564,non-GDPR
spain/Decisions,f8e31ae67b6781434eb2b900e2985f88,GDPR
spain/Decisions,6df2a0a0d84e85aca9d234ad094f2e13,needProcess
spain/Decisions,74b4fb1a62aef07755d954063c4a39a8,needProcess
spain/Decisions,1561ef676f3fb379431a09c43efa0c3a,GDPR
spain/Decisions,6e56078b7ec1393d149116828ea44da3,needProcess
spain/Decisions,b03eb5e3fc6301d6f642e359082cc579,GDPR
spain/Decisions,00da33f1fb885c75357623f1ab451020,needProcess
spain/Decisions,b03cedd88c8fe043edc0159e14a2a9dc,needProcess
spain/Decisions,9444c93e8d4bde637298b1d893fb13f9,GDPR
spain/Decisions,5729302144fceda86b3235043ffaa536,needProcess
spain/Decisions,2edf14c6aa3892b0f3c4f1c7292b1e9d,needProcess
spain/Decisions,5d7b3c31597d7cc1f269a5a54bbdf462,GDPR
spain/Decisions,e36ceb3b76a4082361ecd99711d48dee,needProcess
spain/Decisions,e724a450a662e1281b724a650cee90ca,needProcess
spain/Decisions,88eb7ab803be36cbd97f833fc905a213,needProcess
spain/Decisions,321987d1fb6b3282c3b0878e7618fb9f,GDPR
spain/Decisions,dd10dc7eb974133e46034e1cdd0867fb,needProcess
spain/Decisions,996bac7e6595923fc7f015af25a79ed3,needProcess
spain/Decisions,022f65d9b4319c37c2beba77bdbb6ec1,GDPR
spain/Decisions,0cb8980101bdb4c026f49242eed69de3,GDPR
spain/Decisions,f8f2998c9242ff8b04e7aea909c8d947,needProcess
spain/Decisions,87c7108382bdd0d3dacc288cc78f40df,GDPR
spain/Decisions,9eaa1e324d55d07dbfeb0bb5520e62e0,GDPR
spain/Decisions,3e9d520bb078a13364e6b5ccc0f481bd,GDPR
spain/Decisions,25142fd4c7c897c4ed08187cace23959,needProcess
spain/Decisions,6ae025e5535caec93b9e7ac3bedce858,GDPR
spain/Decisions,cc3603f43e85443495dfc11d57397c4b,GDPR
spain/Decisions,3d726717b4488edaee9df6c83da230f0,needProcess
spain/Decisions,7f46f1fa9002f509220367ac0dafc4d9,GDPR
spain/Decisions,dadcd32e88b46bbf92f91570e6cd476a,needProcess
spain/Decisions,c65c71bf1289ac42ced3ff6785ab1ce9,needProcess
spain/Decisions,180e73191a475d99240561135027119d,needProcess
spain/Decisions,3cd95ebc877420622d2aeaa794d28675,needProcess
spain/Decisions,bfbd039892f4f3f1f65afdb3c58bd508,GDPR
spain/Decisions,86a10d4cc57c5cb693097e399e19ff2b,needProcess
spain/Decisions,defe57ca77cc35c3ca65434ce0dd30ad,non-GDPR
spain/Decisions,38a4ea60c6b7de38b76fab40b7fc01eb,non-GDPR
spain/Decisions,f7107f97c816d18d5ecad6c2da62c2b5,GDPR
spain/Decisions,564661594b6f7c38f689e370024fdfd7,GDPR
spain/Decisions,fa513c87b89192000127b1e8362d36be,GDPR
spain/Decisions,9358c7fbc846b8d43b5fac84409d2a63,GDPR
spain/Decisions,accd37fee82b2ecc250e18fa61e31356,GDPR
spain/Decisions,9c479582f9c6acb9f0cf6086d0620d60,needProcess
spain/Decisions,2403f6e5c61d00b9bd9edcfe24cb1bd4,needProcess
spain/Decisions,c72da239eba3fde9398089f3b5f359b3,needProcess
spain/Decisions,25d6a345976d91cca060fc006598c7f3,needProcess
spain/Decisions,9fa03990f690756d16ccc8ba02e6b17e,GDPR
spain/Decisions,09970b0a4a20a780f64ffa4dd9d2ad7c,needProcess
spain/Decisions,bdea4be776e3bf9684dc4489379772c2,GDPR
spain/Decisions,8921d62e6cbc7525f6a03f2ae0fb0808,needProcess
spain/Decisions,9b01e0e620d0c1757d809512f51ae22e,GDPR
spain/Decisions,6aa78281c30727ee83629227c37fbbf1,needProcess
spain/Decisions,702248466c3636ac053d4d30127d26b1,GDPR
spain/Decisions,8d7f12f9a46c2a4bc3ef484b5cd4a0a5,non-GDPR
spain/Decisions,e9d4ab8c78d542f414e39d82257436f0,non-GDPR
spain/Decisions,490ba198f366b817c0fb8d5c734daeda,GDPR
spain/Decisions,1cb825410c4db51114bd56864ef00097,non-GDPR
spain/Decisions,a854f837ad691e433b359a915cebf03e,GDPR
spain/Decisions,c69339ac138171b66b53d49b2e9d2e7b,GDPR
spain/Decisions,23d3aa01f3499166dfc715ddbfe6562c,GDPR
spain/Decisions,e727e411693b3460b00b46bbb6701e6c,needProcess
spain/Decisions,77c9e12d9c100f1465874a3b79d287e0,non-GDPR
spain/Decisions,84743994f0a4646acb1cde1941579e7d,GDPR
spain/Decisions,636bd2b31422e0117e061f7c432d10e9,needProcess
spain/Decisions,de65c1129c29ace50c3ed3c34bb5bb57,GDPR
spain/Decisions,59967d50f7d2390b7e14342dca53c9ac,GDPR
spain/Decisions,bba249979d46a02082a6029cc11b85f1,non-GDPR
spain/Decisions,1d824ad0aa1189fa16b70222d017b407,GDPR
spain/Decisions,0b70aa134384e94f60f74ea918119750,needProcess
spain/Decisions,876193187f216ddc117817e9b2cb5d57,GDPR
spain/Decisions,e02843676784ddfded2e0201764d6b5d,GDPR
spain/Decisions,ae38a420b36e3724632255dee7cd88f7,GDPR
spain/Decisions,cfc82e4d09975ad5f6b5c01f8461c213,needProcess
spain/Decisions,c6b3d62d14c8a4ac61cd667fb7011da2,non-GDPR
spain/Decisions,cf05ef93b22c5645daab20845b01241c,non-GDPR
spain/Decisions,dc5d27709fd4eda8f62714152afd1a37,needProcess
spain/Decisions,4d01d7b29e754318ada4a0358a2b3b5a,needProcess
spain/Decisions,bef3f9535e79062a3829e1c84d5d8e3b,GDPR
spain/Decisions,332c4853062c3d355d9f15780eeb7cfe,needProcess
spain/Decisions,31672bc500a2957a556761743216e473,GDPR
spain/Decisions,2630fc7893f783ba5961d98afebf2c5b,GDPR
spain/Decisions,692e974648de72c1a18f6dd7b1355592,GDPR
spain/Decisions,4b7e860a2545214bb6316d320659c5ab,needProcess
spain/Decisions,a19beaf5fbe88a8a1510373b02beb358,needProcess
spain/Decisions,dc8eafde72566c09edd9ade95b8e6c91,needProcess
spain/Decisions,0369e1d56ae91d3f9c95c78ccd8ff511,GDPR
spain/Decisions,19c75b6b1408d9f6b680af8fd6174e79,GDPR
spain/Decisions,05dbbfcb455faf8bbceb1ef89a1707f9,needProcess
spain/Decisions,4333e645357c7017e9dbe6939d31059d,needProcess
spain/Decisions,6e243c41ca7de5478ddec580cf048994,needProcess
spain/Decisions,0557646e0f6ca312d19c5d7bd063dcbd,non-GDPR
spain/Decisions,2ee56bbbd484cd7fa18997479c9a931e,needProcess
spain/Decisions,2730c1c34712c1ca38934d13e2061bf7,GDPR
spain/Decisions,6c8609e91561d2a0800a870b7bede43c,non-GDPR
spain/Decisions,7df8d217174acafacdd233717739c694,needProcess
spain/Decisions,441b7cc2a13591c563f4672f1de4c260,needProcess
spain/Decisions,56fca642abcb75c65e6a08b9e8776499,GDPR
spain/Decisions,adf2574594681b6da87513c6471a1bd5,needProcess
spain/Decisions,5a760256c417d9d713cd2c63fd7e9169,needProcess
spain/Decisions,3b719034c910d7433fae2df0d5645835,needProcess
spain/Decisions,9d40ef8adb61af409a7450f566b78f8f,GDPR
spain/Decisions,1db1420b116c3997f0e92d7e57460918,GDPR
spain/Decisions,e1357c2be974892c8c930805c0eafc4e,needProcess
spain/Decisions,7df60696fbeee0cfb22cc17309727307,non-GDPR
spain/Decisions,2f20efcb81851f39aebf805619586836,needProcess
spain/Decisions,1c76d35015f7f01a9170e075067aa669,GDPR
spain/Decisions,7e8e2487c543e314ed57b1e31d56504b,GDPR
spain/Decisions,453ea0e4a15ec78d5c51775683e6cc63,needProcess
spain/Decisions,bf7ba5b72e09cc58b9993d543fca8737,needProcess
spain/Decisions,5cefce0bb2fa4e19be89b0b3f9c2214b,GDPR
spain/Decisions,165ee69bdaac4e769a42909f24b8235a,needProcess
spain/Decisions,bbe03689ce5235d1c9999b511f5b8fbf,GDPR
spain/Decisions,775ef3b043cb58c33bace417fff2b7cc,GDPR
spain/Decisions,f54d69687877387fd22f23ab5ff871c4,needProcess
spain/Decisions,0c789df5dbfce73a348b7f4fc5a4fd48,needProcess
spain/Decisions,fa8b16bac067cd5b50886a72acb88bd9,needProcess
spain/Decisions,70986683cf7721030fe782d1192ccf48,needProcess
spain/Decisions,1362fe2b2611410ca1e6f8fc3dc81dd2,needProcess
spain/Decisions,504d701f10c05872b8c8cf46e41a57ac,GDPR
spain/Decisions,dcca010c8cd1bb819e13c8e79cab3270,GDPR
spain/Decisions,82f1f86db908c98c7065cf597504f48e,GDPR
spain/Decisions,33c29bd1824b945f4e2a67e4b49a8d76,non-GDPR
spain/Decisions,6d8447699a068a3ca6d71be13a9debeb,GDPR
spain/Decisions,aff3c6552c8af4ed4728c88522d62f0b,needProcess
spain/Decisions,850093976eda8d2b66001fea142512f0,non-GDPR
spain/Decisions,08d3a9937c8aeeb98cb09fb34a062238,non-GDPR
spain/Decisions,a93c7fdd621b5b88896ba0352430dbbf,needProcess
spain/Decisions,b87870baea36e5abbfe1d7ea327d33fc,GDPR
spain/Decisions,35dda086e380fe981da51a391416def3,GDPR
spain/Decisions,661fb58e819930c160f93a35f777d10e,GDPR
spain/Decisions,dca78a97ca4d867d0e9c4730aecf8033,needProcess
spain/Decisions,ba8701e371709b72fcde3326274ae356,GDPR
spain/Decisions,1a2651a8764cf0805d132d7ae5f3b1c8,GDPR
spain/Decisions,20e8ffee11b1fdbd3f4aabc807c7b0d0,GDPR
spain/Decisions,b261cfded2d305fd73c9b44360760854,GDPR
spain/Decisions,fd2678b09e9ff17071a7569facafb1d8,GDPR
spain/Decisions,e03f8ad56149bf50e8849516abdb2436,non-GDPR
spain/Decisions,bdab75e3f2cb61fb2680b5f8390f1714,GDPR
spain/Decisions,f98bee65128efb992d33b2309fe4036d,GDPR
spain/Decisions,812a166c32fd15c8b14bdaea958c71c9,needProcess
spain/Decisions,5ae058a372aa0a3d8126d31b71d888ac,GDPR
spain/Decisions,b2e4f68ffd07bd6377b93b395e254bf2,needProcess
spain/Decisions,ddca6c33669e8574c278cf58a56f1dfe,GDPR
spain/Decisions,14909e16ff7fe8b69fb0a443290b3a08,GDPR
spain/Decisions,df4de1b48d7ba8064875d4964dfa1c12,GDPR
spain/Decisions,88e0eeccdafaf00014fdb676d7ed9caa,GDPR
spain/Decisions,31c121dbff38e7b670b3bcc95e6fe137,needProcess
spain/Decisions,f81c7ca782ae18927b7158d50c988670,GDPR
spain/Decisions,ed521ed02eea751273cfef23b4ec8236,needProcess
spain/Decisions,88b422b5d32d620401db8232a5ca0578,non-GDPR
spain/Decisions,971e4cc6ab7d93f0f85b3590cc50a23b,GDPR
spain/Decisions,92b96d6abe35aa4770cc4293ace8f445,GDPR
spain/Decisions,f9564ae61ee4768e541ba798b6f3d945,needProcess
spain/Decisions,f91add8fdfa5d791d0916521b662bd6f,GDPR
spain/Decisions,5395be7302e8f62f1f1e16d31e654168,GDPR
spain/Decisions,979abe6f586f1766ceacd194e6b56367,non-GDPR
spain/Decisions,c1aa15a4131e98b8cc6f23f1af3dbe90,GDPR
spain/Decisions,b01e3afae2850ef8967b8de68311e3d5,needProcess
spain/Decisions,8b9ea26275f5007449e47aafdd6292d3,GDPR
spain/Decisions,ed15be5de798cbb2e6424796b8aadf57,GDPR
spain/Decisions,b8294801c1d6399acf8bf6e170b9788d,GDPR
spain/Decisions,c0e38c484ad4c3706ab612c22650168e,GDPR
spain/Decisions,11a241236a28e5bcd91a609ec51d47a7,GDPR
spain/Decisions,09fe732713f8f635a9bb22e2973beee3,GDPR
spain/Decisions,c9c836ee9c1c1992be47cef7dc499396,needProcess
spain/Decisions,889440255224bd9ac365c48e5c20ab8c,GDPR
spain/Decisions,016a6c300a654ed04a90d17539396578,needProcess
spain/Decisions,38fb6a3f48b2c5d1ec99f9480747924f,GDPR
spain/Decisions,70af6e83e29d0c27d07419f91fd21ea4,GDPR
spain/Decisions,dfbe04c3050a8a031afd59c37dd5bc26,GDPR
spain/Decisions,c511ef3bcf61580421b6ab3c769db15d,needProcess
spain/Decisions,917348b77950ae953434a3aac86b82f3,needProcess
spain/Decisions,69c7605f28bf8d901b0eb8ef039b7724,GDPR
spain/Decisions,0239249eebce925b3fb1c97c98c12667,needProcess
spain/Decisions,7076d51b8f0d038a05e923d046679522,GDPR
spain/Decisions,a14216d80a1632483223a43a6071039b,GDPR
spain/Decisions,d84843e25e680d4d16417cd41eb04465,non-GDPR
spain/Decisions,31f442bb0640b60cbc383003be38f84e,GDPR
spain/Decisions,177a7371c95a4d07044339363150d4b2,GDPR
spain/Decisions,6f068d923aa1af6d0543b4f2735ae361,needProcess
spain/Decisions,da689d4e39c482b6a02d0400144b10c6,needProcess
spain/Decisions,51def320e522eae5623bfed93ad7ff50,GDPR
spain/Decisions,da0eb45e288899cc3a0dc0239b3b1394,needProcess
spain/Decisions,2168746ea20f1520ebf1bdacd8b43242,GDPR
spain/Decisions,1e4391b6d5ee1bca9a1fcf2cbbceae77,non-GDPR
spain/Decisions,7e35fed2b84d9c777147ce119ce95936,non-GDPR
spain/Decisions,e2c3c1ceb1de42cf0aa12ac260960805,GDPR
spain/Decisions,088279bb94956a75437bbd2c1d2f5e21,GDPR
spain/Decisions,cb0e03b13dcba8e98c32267e44e83626,needProcess
spain/Decisions,e81ffe1b86dcc59f637b26b9c3aab3e7,non-GDPR
spain/Decisions,72925373c7ff19709afd290f5dcd335b,GDPR
spain/Decisions,440ae4a267c521051261b9c0841d9431,needProcess
spain/Decisions,2a886136bc5c102fef2f8e391437a432,needProcess
spain/Decisions,a3a8db668fa22e7cb0dfcff9e293f455,GDPR
spain/Decisions,0ece200714927928cc01294e6a8f3afd,needProcess
spain/Decisions,a6ffdedbd5fa2cb37fa094bd895a9023,needProcess
spain/Decisions,39d2ff89a508438e57aeea289048793e,needProcess
spain/Decisions,7f422a588514e9138af9dee156da7460,non-GDPR
spain/Decisions,640a2950c1ea663c152ddd403dab08ff,GDPR
spain/Decisions,9680c21891df70c077af83cf66f03668,GDPR
spain/Decisions,f311e9e4ecda68fa4d3f7b570c834b8a,needProcess
spain/Decisions,aaadf2c5e91a5a6a162c15a7b8f3607e,GDPR
spain/Decisions,98f9b008ae8f1836a8057d79785d7604,GDPR
spain/Decisions,867fd5d7393f4c298e0473d4c756efd0,GDPR
spain/Decisions,b0185ee694fa662a95c0cfffc6f3fecc,needProcess
spain/Decisions,6f16c3e3f869b8261e9256faa6d15182,GDPR
spain/Decisions,166dfb12d7599cd3d001bf065c81565f,non-GDPR
spain/Decisions,2be0b1d64c78e45bae326b19e6205ad2,GDPR
spain/Decisions,f2ac32558000728c6f5acc6fad7d7036,GDPR
spain/Decisions,a58723900dc09ec35dd6e9a3bc293f95,needProcess
spain/Decisions,2d52340ee9918b6f76d814965c472b19,GDPR
spain/Decisions,2315fea2b05d70543a7997581bba6fb9,non-GDPR
spain/Decisions,6f7a7c9d8d500ae1850cd6cefbd1581f,needProcess
spain/Decisions,ba9fd6a65ccfcd7af9869c39636ab968,non-GDPR
spain/Decisions,b76241034af553a73b47df36e4e19c27,needProcess
spain/Decisions,d2bc8c7f1d20f3a7930f26626c94b849,needProcess
spain/Decisions,2d3464120b4fed4268e370659ef8d4cc,non-GDPR
spain/Decisions,36ee12c54f8901285a27364f282b0736,needProcess
spain/Decisions,dda2a6b6064cabda13221074f180a286,needProcess
spain/Decisions,dfb03e69cee0c35ed335d5bc147a7ebd,non-GDPR
spain/Decisions,530a69512de9b885aba9806bedf0481f,GDPR
spain/Decisions,8b11d0bf637f99c56e69fdd23b8adffd,GDPR
spain/Decisions,1e4a7fbc80187198c226117c4cb81dfe,GDPR
spain/Decisions,b81cbaa26f557f45f19326d083f34b0d,needProcess
spain/Decisions,f30a393019aa47d639b4b6d63266055f,needProcess
spain/Decisions,3881d1bf226fcef6e064c732913b90c2,GDPR
spain/Decisions,3d0d1ba8d910c1d148860da2faf70f19,GDPR
spain/Decisions,a37b162408c3a8039d3c13bec1eb32df,non-GDPR
spain/Decisions,d91e5b25296ccf7e9bfa62c129267f7d,GDPR
spain/Decisions,7b8b860d08e31c4a7ca06c2e548ed543,non-GDPR
spain/Decisions,dcef90d90dca6e53f76facaf4489cbb2,GDPR
spain/Decisions,3e3f50266bd5df202295a7919513ed29,needProcess
spain/Decisions,b302b1b4945368ad6c4b6da48322bb86,needProcess
spain/Decisions,62a17e45bfbae255e1e477f10519ba6c,GDPR
spain/Decisions,1709bff0bf062ea505f3430bfa02b82c,needProcess
spain/Decisions,7aab0e6e20a6431c331a1c62cb469ab1,non-GDPR
spain/Decisions,6c964300800831aaa36b98f946a96f7f,non-GDPR
spain/Decisions,1c15d1a1e8bf946c10bfae40613ed4c5,needProcess
spain/Decisions,31dc0072615f05bd006646b5107a06dc,needProcess
spain/Decisions,80458fbc64ad567567328b0f9c774f6c,GDPR
spain/Decisions,d8738eff33c287f762cb4f7f1ee69b5b,needProcess
spain/Decisions,93d21efcd3485c1cc29e032e041ca999,GDPR
spain/Decisions,96f371113a3c709864efb09aadbd7cea,GDPR
spain/Decisions,c54be834691f2ba89741fc688234fe1b,GDPR
spain/Decisions,dc0daeea40c49bb217220111b8bf8aa8,GDPR
spain/Decisions,b64ccfdb6f6725aa9426e7da56d2b376,non-GDPR
spain/Decisions,e6e5be6b5095847b21b1c4aee93a9099,GDPR
spain/Decisions,9dc41c7c400f8ba1928c1f0bd90e5bde,needProcess
spain/Decisions,930f22800cb0ea809ec64fb613dbca93,GDPR
spain/Decisions,cf801deed3e41512e467b6628dce5b27,GDPR
spain/Decisions,ea10ddd842373eed3bc23158b46d49c1,needProcess
spain/Decisions,d1aeaf3b4416b6d11138c95a6c9234ca,non-GDPR
spain/Decisions,2939cdff8505f535f4c2d2c479934341,non-GDPR
spain/Decisions,fcaa47b852d80ad0706246a12bf164c4,GDPR
spain/Decisions,f1696e038885e430e5709616b60887ca,needProcess
spain/Decisions,37a5e5ca88769cd2d758e94a735f1870,GDPR
spain/Decisions,82597f90f245a2295c76cb856b7b3076,needProcess
spain/Decisions,39157d5c0fe338bbbe6df6fec9fd7642,non-GDPR
spain/Decisions,2af718fdd3ce17f181788a5fbef9d2eb,needProcess
spain/Decisions,2d243a8e18bff192c1b9e736a720c3b9,GDPR
spain/Decisions,401ac8c62a1ba7194aab27a552dbbec1,GDPR
spain/Decisions,92cd4223078b88f4f03694a7d0a7e9c0,non-GDPR
spain/Decisions,4be41070bc56791ce5dc92c380b3bd63,GDPR
spain/Decisions,11d93500977f9d0493278856aca04fab,needProcess
spain/Decisions,f75d4d3ea9a440e6b79113e3bb8fabd4,needProcess
spain/Decisions,03d8e801b00af4449f0456453f34df1a,needProcess
spain/Decisions,dced984b1df6152c8736bf2cc3ac9b4d,non-GDPR
spain/Decisions,0bbc9ed25594b1a6cfe510e8eb853899,needProcess
spain/Decisions,3bcf18fd7305b93805aa166f6324f413,needProcess
spain/Decisions,77da9fac86365ba1dde51f79fdb55a4d,needProcess
spain/Decisions,9527066a7d28a4d856c0d011fb398505,GDPR
spain/Decisions,0265ec461ffb3eb2ce0a0b32c76c1b2d,GDPR
spain/Decisions,48bb7c33401561fa469d8f9e9afc7456,needProcess
spain/Decisions,ace3ec5d406959f2296602529dab4d44,non-GDPR
spain/Decisions,64d664b51fdb3d466a3310d931997719,GDPR
spain/Decisions,e6707819413d0ade6ee8d333afb72f5a,GDPR
spain/Decisions,42794afbc8f80b6996b0b520f33dce45,GDPR
spain/Decisions,07730bae18fad9d5f2b27129a0003b0d,GDPR
spain/Decisions,f4ae911fdb4abc43c9485471cb0a5931,GDPR
spain/Decisions,b46611496db19b1eea189c77fce74724,GDPR
spain/Decisions,bfe04f3b7834f838fe3de19bbbdf5009,needProcess
spain/Decisions,5aafd820c6e8ce00d0139fdf153eaa62,GDPR
spain/Decisions,395978887509342da66445844d00c25a,GDPR
spain/Decisions,30c13ab2bfb0a852c17f28ff9e09ca41,GDPR
spain/Decisions,dfc5141a2c5dc1c6f64de31ff50ef630,GDPR
spain/Decisions,de72c686acb919a7b2a85164dc234fc8,GDPR
spain/Decisions,77caf53f4b479f82e594a00d7d20b710,GDPR
spain/Decisions,9ba9f60a5f427d93540e628b34cdb5f2,needProcess
spain/Decisions,ebfd7e8d1e824c8a21539a370ce47cae,GDPR
spain/Decisions,35baa639249fad67368b42b29d133814,needProcess
spain/Decisions,bb9294b60365df162b889fa953e8e8e9,GDPR
spain/Decisions,c3751ad415431ead3a92ca5e617e4fc3,needProcess
spain/Decisions,b3ead973cc88e72c663854b3b061a9a5,needProcess
spain/Decisions,65d1e55a0f8d11f7007daf4b75fd9936,needProcess
spain/Decisions,78eef282233db07e52c4b80b58e57c1c,GDPR
spain/Decisions,1982fcc3735cf7be7fd3d78efc1f68fa,GDPR
spain/Decisions,547212bb481dea1b11bc905699bc0bda,needProcess
spain/Decisions,549d26d5859756d2b497e24df97d213e,GDPR
spain/Decisions,1bdf61ea29ba5d72c881eb6915f7aca8,needProcess
spain/Decisions,b8fcc16fffd604aa8934c5feee54ddc4,needProcess
spain/Decisions,6890af67ecf94e601eb9ce11317d50b1,needProcess
spain/Decisions,0f2068b3804829fc3a05b75ea81d6d53,GDPR
spain/Decisions,df0abb19cf9291a311b7ea88b2b9998f,non-GDPR
spain/Decisions,5f2deca03002d0d72ef79fbfbadd7cf8,GDPR
spain/Decisions,7b5a4f6bda7b3ac3f5c9d2814b1f79e7,non-GDPR
spain/Decisions,f4ea58833995bf1d2cb7552f6aef0bbe,needProcess
spain/Decisions,b867af7e578798cd5d72a195d560efec,needProcess
spain/Decisions,7068cd1f964e544eb5e3e0f54236c337,GDPR
spain/Decisions,9a6c7556535d1e523d0ec915e8e5e394,needProcess
spain/Decisions,c97aec47af8502f51bf971297c02846d,non-GDPR
spain/Decisions,a2586cc3129ddc01dd2c6b7abfe49a39,non-GDPR
spain/Decisions,5a733fa7b6320a715ce5dd2b619069fd,GDPR
spain/Decisions,d61707983e2b783a8e393ab72aecc688,needProcess
spain/Decisions,cf83bb46ad04f3fbd65e8644d8106c25,GDPR
spain/Decisions,14ee42861ef868f50e6ecdeb99f13d1d,GDPR
spain/Decisions,a9a610397ca081b727082a1f83b4f0d1,needProcess
spain/Decisions,2be4aa52113083411128f7c9722a85ae,GDPR
spain/Decisions,b38de2d2a0bb6406ed3b2ee8195dcc27,needProcess
spain/Decisions,7738302b716fd7eb115e182bdc78ca11,needProcess
spain/Decisions,f55c7fb401cd4154096770672071420f,GDPR
spain/Decisions,73ed96b32ac21e0621f4fe20824197dd,needProcess
spain/Decisions,267f6bef3a668e7bb8e5ab777d94b1d5,non-GDPR
spain/Decisions,194e7a8a24d44f76b4caf197b5adb8ed,GDPR
spain/Decisions,be18e89c28793f34c78a04c567cc3391,GDPR
spain/Decisions,874efa37f82f7f23c30aff73717a4788,needProcess
spain/Decisions,81a1b5b075a4531ceadaf13ea71f4dcf,needProcess
spain/Decisions,82fe90e69294a54e221aaa709b219f8e,needProcess
spain/Decisions,5d1f74ec571ebd34d971fcbd242d1ad6,needProcess
spain/Decisions,da1f4fce1c9bfde4c5c97ef697059aa8,GDPR
spain/Decisions,72c85876ae897e87e184a77a1dd9529f,GDPR
spain/Decisions,3b1e6ba5799f29cd08f6fa2bf7fae5ae,GDPR
spain/Decisions,cc8fb5ba7c6ad98a055fe2779731bcc6,GDPR
spain/Decisions,4c8904a243f0412c202df7504d575b30,GDPR
spain/Decisions,4d4f55ce8b4cb672dec3372d60dc070f,needProcess
spain/Decisions,c2fdc909c46744074d2b13d56abfc3d5,GDPR
spain/Decisions,10d36b20a47523a2b1c14b8028b83876,non-GDPR
spain/Decisions,be13efd63bc4a6d4cefba2cc38d7f550,GDPR
spain/Decisions,3ff19c23cbdd235237f462602b03d503,non-GDPR
spain/Decisions,fd035a0c0a100a9c37cd5a86b011f996,needProcess
spain/Decisions,c6edd3febd632903e598999bd16f4d87,GDPR
spain/Decisions,754efb4461ec1c7a8762cddbf649924b,GDPR
spain/Decisions,d72ba21b3b84847adfb5b75beccb3a7b,needProcess
spain/Decisions,cd4b6cca89e010a83d33936c9cc77efd,GDPR
spain/Decisions,86c4209cc2ac013a58cdfbe155d01a16,GDPR
spain/Decisions,d491ad0335ffc1c2627dfa4f8c53d283,GDPR
spain/Decisions,a264121939f1e6af9321ed68cab90a30,GDPR
spain/Decisions,77788271cd828b91bd4803f24b85e0ea,needProcess
spain/Decisions,f70ed172b6db7883961c1761a1e47ab0,needProcess
spain/Decisions,b8c98f3cc0b2acf6e66524b0848e175c,needProcess
spain/Decisions,e084bb0af7d3ed83686872917b14bb02,GDPR
spain/Decisions,e48a2557c4e58ed60e3436135eed75af,needProcess
spain/Decisions,cc23a99ee6f483524faf30034345a862,GDPR
spain/Decisions,09ad5038fa70bf6705f43fe3cee0b70d,needProcess
spain/Decisions,ab4650be87fa2d07520220a7c0cbe02e,GDPR
spain/Decisions,cfcfbde665644d0cecf50ed91d728c15,non-GDPR
spain/Decisions,ccec221026b168764f9859d7b980b97f,non-GDPR
spain/Decisions,99187601bfd6cec0a546e40ec6ae6ce0,non-GDPR
spain/Decisions,a5cc90b4df6ff1d83d5f695600ae6692,needProcess
spain/Decisions,b2a073bae8300553ac49444537842d7a,needProcess
spain/Decisions,3d74b203c1aa639a8f9e312bb6d083ab,needProcess
spain/Decisions,0bbfe9239583ef78214b4db700973181,GDPR
spain/Decisions,a0d8eca423439e709e531372645f2350,needProcess
spain/Decisions,46af09e8e16c2816fe648b69e90f31f2,GDPR
spain/Decisions,a38d04124a60cd23c0b222303848c850,GDPR
spain/Decisions,c8b6d21ed247a3aaa8252cddce1c6052,GDPR
spain/Decisions,2a1952dd2c6768cc28fb3b8bd43c7bbb,GDPR
spain/Decisions,e32ea1532e27430bddfa65e1dc5d9980,non-GDPR
spain/Decisions,b4d302cb4e23dafad42ad73dd680107a,GDPR
spain/Decisions,e4fd858ed71dcd8cfcbfe786b19d4cff,needProcess
spain/Decisions,dbe6507e0b6be554c045228256d3e874,needProcess
spain/Decisions,0bfc11dd35655214a4b9870502708115,needProcess
spain/Decisions,9aab02a88c7ce9331f0850ac3d3b93b1,GDPR
spain/Decisions,4827dae01e0d844ad57d586f2d8f928a,needProcess
spain/Decisions,a5d83d044817faceb958a3d7c10e9ba8,non-GDPR
spain/Decisions,a0174c0e8839ca09e091f1eb628f0a8e,needProcess
spain/Decisions,25e84184a6943086b340304fb13ff812,GDPR
spain/Decisions,55a4f3257b91026732bb1e95572f18fe,needProcess
spain/Decisions,38bebc173b0ed63ff993adc27d97b91f,needProcess
spain/Decisions,039ad0a9786a778d3c58c76bddaaad0b,needProcess
spain/Decisions,4985e538376eecc575ccc2e5ca0559e2,GDPR
spain/Decisions,24e44733091fcf2e580a6a8ec105c47a,non-GDPR
spain/Decisions,629642da06b076e2042cc29b5db5a57a,needProcess
spain/Decisions,71e4911bca0ae0cc1a414ebaab41f42c,needProcess
spain/Decisions,eb9f0fd251fc3cbc55c4f8aa689454ad,needProcess
spain/Decisions,1ccf5e3cc4b6f85f163e9d29432e36b4,GDPR
spain/Decisions,d03fe07c2444a7836c47e8cf5fbddcc5,GDPR
spain/Decisions,b338e614204a06a670ed0c2d4d85ffee,GDPR
spain/Decisions,8f6a878623ca62b7d5ea611ccdd52cc1,GDPR
spain/Decisions,30db225c9e16341162f797b5a71ac8e2,GDPR
spain/Decisions,32e2f8704eb90c49381e8a13f7b3136e,needProcess
spain/Decisions,4e6eed5889d1d2ae09821bb468434e74,GDPR
spain/Decisions,f79d3599b4c4c8f822effa81c54ed7e6,needProcess
spain/Decisions,29471b214ba0189e312f1a6350127e72,GDPR
spain/Decisions,5ce776ac649ed2daa569daf0874b392f,GDPR
spain/Decisions,be948ffc36a6e5ed29d417299957779d,GDPR
spain/Decisions,2ba67fba46e30264d4371c79dbbdf73e,needProcess
spain/Decisions,9aefee4ab3151ae1b9eae3572543492e,needProcess
spain/Decisions,05201b161dbe96481f99a6856d42d15f,non-GDPR
spain/Decisions,7c43d5966cb1a9ed3094308104bf1363,needProcess
spain/Decisions,7bba57c693611f74ee017996cdc27b48,non-GDPR
spain/Decisions,36a6dc946fa3e3878a3b372fe8b71538,non-GDPR
spain/Decisions,7cfccb0dd4dcdfd3215639489481c010,GDPR
spain/Decisions,da3ebe17832d99eaa7c21bc63a9eab27,GDPR
spain/Decisions,1cd349c2d20fe564475c7282103f1d72,needProcess
spain/Decisions,edf743d61acac5d69292248816dc69b6,GDPR
spain/Decisions,a95cacf0b666f0603b5cc2e84d857ecb,GDPR
spain/Decisions,c5e7ce22090ebd2dd49642b41f47aec4,GDPR
spain/Decisions,e09f80ef060cbc6bf239cb1ff31958a6,GDPR
spain/Decisions,c35aff4e77798e2ce7435f6697c0261d,GDPR
spain/Decisions,0dbf5bbe6d01bf076bbef92b1407764e,GDPR
spain/Decisions,9b0e18c5a6b04c7d9d80363dc6980bde,needProcess
spain/Decisions,0b43c73bc007754b0009a62147058b3c,GDPR
spain/Decisions,397634efd1f42fcf4039e57a4e417032,needProcess
spain/Decisions,abcb70ab0d95ae0169ce8dfce0e3ed70,GDPR
spain/Decisions,f458d8bcf599e25997e90bb5170ccb75,GDPR
spain/Decisions,076545caabf24e03974e0fd13699d9e8,needProcess
spain/Decisions,341022cfb3537aa0d0bca4a5833c6af5,needProcess
spain/Decisions,ecaed9503a2e727795b844afec3fe619,needProcess
spain/Decisions,bcc27ce9df769f2daf4d379660da19f3,needProcess
spain/Decisions,48add15d33f75fa81b82be7b869b3a4e,non-GDPR
spain/Decisions,d7f018c9c0a114126c6e0b9fd8a7eee3,non-GDPR
spain/Decisions,5f230394e4b274701df64fe483be51de,needProcess
spain/Decisions,3273a9f0950415ac8d6aceddf0fb4ace,GDPR
spain/Decisions,8950747900080b6163bf752cf27aa34d,needProcess
spain/Decisions,03a63c13140aecd7a219a3c384fa21ac,GDPR
spain/Decisions,15e5d6e53d0e23dbfb68b3e4210e1cd2,GDPR
spain/Decisions,659573346760d57f62c9533373852c4c,needProcess
spain/Decisions,0d073e8ef8f79056e718002d1e72a449,needProcess
spain/Decisions,a4c62207836e3472ac14e7a761e77b75,non-GDPR
spain/Decisions,131d0f366d663385e72b7a5fd129fe13,GDPR
spain/Decisions,e5a3a841b9f3a0d977feaa21d704b904,needProcess
spain/Decisions,aab263985e1a8aaed0eee9a51a3245ac,GDPR
spain/Decisions,5b587a72155ae45de4997c6bc01d7106,non-GDPR
spain/Decisions,dc47741be8e70f67ad6dc05d5e7f5d8c,GDPR
spain/Decisions,7f249e5100dd349df4f7d6c2ffd26e14,GDPR
spain/Decisions,49e9c5cdd26d3c39d16a4e31176b99ef,needProcess
spain/Decisions,247e2a4d1d17afc59d93828faf9e49ff,GDPR
spain/Decisions,8db251767c8f3c77208f562d4e075541,GDPR
spain/Decisions,b0896e235734a97fe327179405f0e6fd,needProcess
spain/Decisions,fd3608e2f3d1263d88ea0aa6ec8fd55f,GDPR
spain/Decisions,a80fc73b04f2071c1e16cdd4e3ceaa9d,needProcess
spain/Decisions,6e0f1bb6f7e3ea9eb82fb3b786b55923,GDPR
spain/Decisions,bb293f9f25bcdeeed148c1aec7246a11,needProcess
spain/Decisions,f5b29178fe79939453a7602bc196495f,GDPR
spain/Decisions,ff11db580d60583f3c8f27cd9d8129a4,GDPR
spain/Decisions,920291c8bc733a8d070f42fc69eb708c,needProcess
spain/Decisions,24e14e4a222d5fc17a9528a811bfcef6,GDPR
spain/Decisions,dc5e4d78d1567284598bb746a1549893,GDPR
spain/Decisions,db8af603df511e515ca63a0be702eb45,needProcess
spain/Decisions,36b666cfc2a2eb7ee6c76c79c1805793,GDPR
spain/Decisions,fc89406eace369b40a7cb9af927507d9,needProcess
spain/Decisions,c96e589ec173b36effc01215f0ef7bd1,GDPR
spain/Decisions,507cdb649aa323cfb76805a01351656e,GDPR
spain/Decisions,5d6ac61ad3cc5ca85c4e60d7ea681499,needProcess
spain/Decisions,7dc863167e74adf5e836ce19b6ea99d7,GDPR
spain/Decisions,663df975e3bdaacd5eff98b171a41139,needProcess
spain/Decisions,53690276dda0fd002d9a7d8d9f225c70,needProcess
spain/Decisions,58d71ffe457db0b83e16bb15e9e6f438,needProcess
spain/Decisions,5efa93fec38a409920b86baa689433aa,needProcess
spain/Decisions,61b9f62f29ad321cdb2f4fda6c595f96,needProcess
spain/Decisions,af3f6d2c5173a14aff0403fc6e19a09c,needProcess
spain/Decisions,4082fb55633b3cab12022f6b4296869d,GDPR
spain/Decisions,25462588548a05d5dbf4880b8dfaccfd,GDPR
spain/Decisions,42cd91202287feb701e06ae3ddc72b78,non-GDPR
spain/Decisions,1244f7e94d001a48d1c032eae8c8ce89,needProcess
spain/Decisions,d03cfd3403edb2b12a171b4e97d80aba,needProcess
spain/Decisions,5f36562fcc034857ba0cb3a58b92751c,GDPR
spain/Decisions,784778a3b64b683f89e33f08192fa19b,GDPR
spain/Decisions,a53ed13c3ea3587085af4e78cfdcc2b8,GDPR
spain/Decisions,69fdc4728dcc6a0bee322b7cb9fa3c15,GDPR
spain/Decisions,1007c09c1905c1fcab1744d0e1cb2776,non-GDPR
spain/Decisions,9518c3a37729a4dad2194ab1fa5b4306,GDPR
spain/Decisions,f7d32a49ccf713eb6a022d5d858fcf7e,GDPR
spain/Decisions,a51881d02d948c3101ce1bc8fac326d4,GDPR
spain/Decisions,b551372a155e2b2c28833860ee550dbb,GDPR
spain/Decisions,eea8b6098b2a60d40a75c10334a79d45,GDPR
spain/Decisions,6503f63f653aaf4ae3ba56fe02d6335a,needProcess
spain/Decisions,5d7eeb5b5911552a9e226131188858a0,non-GDPR
spain/Decisions,ebc34936e872a85dbd5933a151fbaa5c,GDPR
spain/Decisions,d76f925d6b728c54a7f609ae478ba04a,needProcess
spain/Decisions,5f8045c20480a36ca4b6124e0fb2b633,needProcess
spain/Decisions,3c7df73ed540be1faa1e3a3eb26d78fb,non-GDPR
spain/Decisions,156356a5ff3ca073d166ea458d69f822,non-GDPR
spain/Decisions,b4fb678389568c5a7a5e0d436da11738,needProcess
spain/Decisions,b7ddd3429e3026d9a37f8b1ea604f6f1,needProcess
spain/Decisions,7895ff4a2ba6a58449182c4448899322,GDPR
spain/Decisions,e7950b35fe53e91ccbc82b2674c3cf79,GDPR
spain/Decisions,63faa6b49e6ca28e91f92d20728063d2,GDPR
spain/Decisions,ddef33f4c9c0242a4b8bfee3c985dd84,needProcess
spain/Decisions,930e5afec3e3d270a40b7ef0f14ddb5d,GDPR
spain/Decisions,f2e2caa7baa68b00aa9ffbce9b6aa021,needProcess
spain/Decisions,6a8a4cb403e12a079911d661082194e8,non-GDPR
spain/Decisions,c11f4889982340c94c7cae5103b7498f,needProcess
spain/Decisions,c83f633b730d1bad767ad0fe5c52eb42,needProcess
spain/Decisions,fa670dd8aeaf06a799fd0823c13d1b8e,GDPR
spain/Decisions,8b580cf821449bbd8d5caeaeb6fbc9d0,needProcess
spain/Decisions,5f516c1dc580a5763f71848304237dc9,non-GDPR
spain/Decisions,4ec6755ce520ff42b395d71363bbb640,GDPR
spain/Decisions,ce16fa9ac77b17b30c4bc24b6384c079,GDPR
spain/Decisions,7cc8de51cd7256731c4e81ce0dfb86b5,GDPR
spain/Decisions,0c13355e2fd1963799419d2db83600a7,GDPR
spain/Decisions,426d40abb89d75453424df6f7f91414a,GDPR
spain/Decisions,fdc2460631240c3ded8208161b3fe24a,GDPR
spain/Decisions,0566bfb3d633c5b2fd55875c20456cf7,GDPR
spain/Decisions,d8c96097d5a6a8c6ac109e04cc032f81,needProcess
spain/Decisions,fb0f5736d16f24998b4d4126c8ba21bf,needProcess
spain/Decisions,ca6d86565e205d25a7a8a243b29a269a,GDPR
spain/Decisions,0e29c5ecccb77d9fe9954d96567622ab,needProcess
spain/Decisions,80443bb0706c3251c8dd7a3633fe383d,GDPR
spain/Decisions,fc9011382183aafbd092d11568e33c23,GDPR
spain/Decisions,c6d05bb808219d5564185e75accb3526,needProcess
spain/Decisions,938dd67f806c54f8b3ebd9bc5788b57d,needProcess
spain/Decisions,2d4f65fb6b9a37a8741bd75540f1283c,non-GDPR
spain/Decisions,48701bac7a4d36ea6ab0192dc6421459,needProcess
spain/Decisions,d247532225d284ea1cb110d8e5ec8309,GDPR
spain/Decisions,18ce0ef8238992f98d3cdb6e1bafae95,GDPR
spain/Decisions,5cf9670ee694f4d47500c7fe30c04552,needProcess
spain/Decisions,1eba622ff137c35129005a6bd57ec3f8,GDPR
spain/Decisions,34253a6ddcea1abeade5cfc02ae209da,GDPR
spain/Decisions,67905892ea5f694ceb3d2bf23f49cca4,non-GDPR
spain/Decisions,cf6557dbf5a0a9833b001448ea2b16ea,needProcess
spain/Decisions,13d4c28b3f9bf5afae84f82737928013,non-GDPR
spain/Decisions,6043f23c01f0981c69933450041c68e6,GDPR
spain/Decisions,389a957d472c9e7b1bcd45de3d4217f0,GDPR
spain/Decisions,6b7753f1976778181fb250d795b38f63,needProcess
spain/Decisions,ba3f22c4f1fe4c20b9e64ceb10329826,GDPR
spain/Decisions,a18ca23ff50cd6d69ca8be1a44e37e34,GDPR
spain/Decisions,3fc72868119d0e4336d8aa986216a99f,GDPR
spain/Decisions,a779606d0a76997841c3079e1399d0a5,non-GDPR
spain/Decisions,f531000892ee1256e1fd2297fe066436,non-GDPR
spain/Decisions,5f8df331bd072fbffb9f139e2552f8d8,GDPR
spain/Decisions,f23b06e78a06eac68c080f4b8deb9daa,GDPR
spain/Decisions,716ade3eb80746a81390487a15456505,needProcess
spain/Decisions,734798b33d8635fcc6ec7513ed62e303,needProcess
spain/Decisions,8e0596685cf343742b8cc57d9188817a,needProcess
spain/Decisions,a10c7837d087320e6559c96d2d18e52d,non-GDPR
spain/Decisions,6c4acdf1d3cbd4e85fdc8621eea77c60,needProcess
spain/Decisions,80128acc3fd0e02f4d2c8352ec63124b,GDPR
spain/Decisions,b0ee719c15aa99ccac14261f42e370f5,needProcess
spain/Decisions,c32c2847720c55f889a3cca8993c6de5,needProcess
spain/Decisions,893376375522908d61508bfdd38859b5,GDPR
spain/Decisions,92725004b3b487bf150b2e5a8a51304a,GDPR
spain/Decisions,7f04ac1bfcff15a978806fbaf2dd9138,GDPR
spain/Decisions,692d7a5564e291209305978be67b8c3b,needProcess
spain/Decisions,ffa1b8cf4eabeeb90214413672428408,GDPR
spain/Decisions,f66a725d72f379460167d66dcfae48c2,non-GDPR
spain/Decisions,2ec5d03721a47acf4f3dbf2571d8382c,GDPR
spain/Decisions,1ba96bec89e2da789169193df4f749d2,GDPR
spain/Decisions,e67d9932250db9fc2e6500242b226625,GDPR
spain/Decisions,784744265f6f3b0cb4b079368bb9f50b,GDPR
spain/Decisions,d603d179e4955ca7d104ac571a49f7a7,needProcess
spain/Decisions,fb4ea7c7820c1e98993345b3118da612,needProcess
spain/Decisions,ccde6d8574cbdd8acd99f21f18b8dde8,needProcess
spain/Decisions,29c925d21e62457d6489f6792a7f8195,GDPR
spain/Decisions,bf929922db86f3dfb1e221570ea9259f,GDPR
spain/Decisions,65c2d0cf270bb394cac46699032a9467,non-GDPR
spain/Decisions,bfe98ea5668cbfdc048bbf8121099592,needProcess
spain/Decisions,e6fcc837b3f9013b1b74f58f45df36a7,GDPR
spain/Decisions,4cc4d60f91b12aaf42184437bd218360,needProcess
spain/Decisions,28c437db4988b5bce2daa326259c19c4,GDPR
spain/Decisions,81f73e288d646a61944a7df3e02ed38f,needProcess
spain/Decisions,d99ee7f822e155e0a54355e326c3a852,non-GDPR
spain/Decisions,0a480d50cbd6062aeb76acfc76502080,GDPR
spain/Decisions,c9024f097363339f2ddb2f22e71aee47,GDPR
spain/Decisions,36920ef33cb0d442148aeb87de3da4f5,GDPR
spain/Decisions,0f76d3e5ec333f6ae60296e6524454b5,needProcess
spain/Decisions,24bfac1d629fc5f8604e435e1dbda141,needProcess
spain/Decisions,25551cbb10dddcefd8609dd3217a5ef4,GDPR
spain/Decisions,087fa40e6c90b554ff2d79a9dd4a2d7d,needProcess
spain/Decisions,eca8bc666e4d6e56a821c0966d51a831,needProcess
spain/Decisions,f6a36e39482cdeb438aeb85b510fa67d,non-GDPR
spain/Decisions,83419e066966f64300925bf7e524c4d6,GDPR
spain/Decisions,b814957987da8d390edaef85a39d268f,needProcess
spain/Decisions,4ddb7ea9decb72bc7585f814336abc57,non-GDPR
spain/Decisions,d6b5c535d6806d94dfe7cf71c59f0c66,GDPR
spain/Decisions,d7370204c6f621263406d0b406dc929d,needProcess
spain/Decisions,84a14fd1c98a0438f25f0428c905d3f1,GDPR
spain/Decisions,2b6e134706e5f9d97df12a447ef69bf4,GDPR
spain/Decisions,828f565aa006b0cdd1b127af0a075c6d,GDPR
spain/Decisions,0de240d4db4f76fa236b8845cc1e9800,needProcess
spain/Decisions,0f5f1222e11932287c2f1b50c1f969a2,GDPR
spain/Decisions,1e3dbe81cd6dcc8443ef7927b8a0701b,needProcess
spain/Decisions,1fe6b542189f608c7523e75376ac0a4b,non-GDPR
spain/Decisions,d83ad97c36b57da8e843dfd70c476e91,non-GDPR
spain/Decisions,37a10fa1db4c8d3e520812b629e3209d,GDPR
spain/Decisions,fc832c68dee146d8120a4c2911339de3,needProcess
spain/Decisions,57f78baab18f4be6a2de49bdd0f968f2,needProcess
spain/Decisions,f5ea6460e73ad14c6460801b8db1bea9,GDPR
spain/Decisions,70304af5b7a61724714ec532ebcf2996,GDPR
spain/Decisions,97e53f8224be7cc419a3e2b3a1902b2b,needProcess
spain/Decisions,cc1021b77f02a503c4332c5b38bb6180,GDPR
spain/Decisions,6b7119255082db6796027e83eea64922,GDPR
spain/Decisions,fe4aafc60578836c09576e98fbc3afa6,GDPR
spain/Decisions,dd32d64305c117db09ac0bf7073118bf,needProcess
spain/Decisions,80f7866b4024b593fdd5110a0f06e536,GDPR
spain/Decisions,d3ac9b01222f3530606d9eb86327467c,GDPR
spain/Decisions,0d5585313022e88be1fa42a002bde8f9,GDPR
spain/Decisions,42e0c9cc3f5fb57bdd1a1df168168616,non-GDPR
spain/Decisions,4f652e63ca455d08aed8b5954de9654b,GDPR
spain/Decisions,1b036d6f8bce792cf81ccff63a7d228a,non-GDPR
spain/Decisions,455968594eb0101a97427115275e2e26,GDPR
spain/Decisions,32c07dec368389249ee522c15a8657ad,GDPR
spain/Decisions,b1bc4f2ad4454e64fdefd3a5a43f9165,GDPR
spain/Decisions,a5d6f3380dc13bf18fb24eb4be4335c5,needProcess
spain/Decisions,52ced900e77ca443b0d843faef2ca1c0,non-GDPR
spain/Decisions,337860810e555ca5a91e791e3dd1ccfe,GDPR
spain/Decisions,4d091e45a1ff6da8e1001975ec2c7f47,GDPR
spain/Decisions,3cc1ed562d936bf3c394942b972554b5,needProcess
spain/Decisions,1fe41bba958ae1345fa81748d51dadeb,non-GDPR
spain/Decisions,8de36a25cecc4c8f328d92a549d576d1,needProcess
spain/Decisions,1df03fdfd12759275e6c5c321c6dd35f,GDPR
spain/Decisions,439b8e618d651fa1dbf064d32ce7a46d,needProcess
spain/Decisions,4e4c1d966611ebf1445d6f07bf49c8b3,needProcess
spain/Decisions,721b71fa9a4688dd9fd6a2d26a2a614d,GDPR
spain/Decisions,6cdc6645a316dc31539dec77f07763ef,non-GDPR
spain/Decisions,ef22aa3949822a8860839d949496cc4f,GDPR
spain/Decisions,b4cce6c86582c663dc35b33609ec549a,needProcess
spain/Decisions,84af489a4dc5d7070e450fe47cb1b499,GDPR
spain/Decisions,5d56dcceda6cfaad9c9bcb7efee65076,GDPR
spain/Decisions,af1834391e783fd47dde77db3e31d7f2,GDPR
spain/Decisions,5b7b74a442c9e84a11a5d834b893be87,GDPR
spain/Decisions,58626a0667ea5c29bd9efcecb585dbab,needProcess
spain/Decisions,ec963465eb16d4705d9f27096c2c040e,GDPR
spain/Decisions,8c36f212ff97f5cd5eaeb80d574c4bae,needProcess
spain/Decisions,28af4f296073926e38f9c3e32907dde6,GDPR
spain/Decisions,689e34ea6e07945c51febdecabb8797b,needProcess
spain/Decisions,70c86954c7cd80185b5a9b3548089e6d,needProcess
spain/Decisions,071c13df46f31fddd6a2e129b2bd5bf9,GDPR
spain/Decisions,0bcb4858ef7aba581a47232c4cef60fe,GDPR
spain/Decisions,4500442546ceb5487447c9cc5075cd7f,GDPR
spain/Decisions,3dfbac86ab360b9a25e2e645cee221ea,needProcess
spain/Decisions,be31c7e91390ca23848008b95af97214,needProcess
spain/Decisions,de7168edac58820d1c09beb138b5904f,GDPR
spain/Decisions,babb4efd3584af792b9cf2fa5ee329ad,GDPR
spain/Decisions,8601f7792b30d463649ace9d29611ae8,needProcess
spain/Decisions,06d8c3044b8b763036e6f7920416b176,GDPR
spain/Decisions,4dd8a46ad14d30e1ca13fa03402c0360,GDPR
spain/Decisions,21d52bda09d2b26fa414fa2b8c4dbeb0,GDPR
spain/Decisions,504ea8ce559093038771d181a1af9867,GDPR
spain/Decisions,227fc9ce655c204775d5016b62e5b8be,non-GDPR
spain/Decisions,3206cb95a1acd9896119bdb199259c06,GDPR
spain/Decisions,adceaa9efccb31e765c1bd00db6903d4,needProcess
spain/Decisions,10244307bc44b09efe275287b7c99b65,needProcess
spain/Decisions,0c90bae67daba2c83ecf598540b8827f,needProcess
spain/Decisions,e358c06959f8f14ba0074af62a2ae604,GDPR
spain/Decisions,294dfefc7c43112883f5d207f9eda18e,needProcess
spain/Decisions,a672ceaf15ef7219654018047c0c55bd,non-GDPR
spain/Decisions,c07103acf52793c6ada919c3ef0b7781,GDPR
spain/Decisions,53eb17f7c84d8b46c652501d61456cc4,needProcess
spain/Decisions,e1624a64ddd8bb46bdbf96ecec3a6590,needProcess
spain/Decisions,b8690e0e13f35f69974a4e81b778df27,GDPR
spain/Decisions,607150b017d79723895150c4a7bc1186,GDPR
spain/Decisions,1070ae22af3b258de210063a10c31a30,GDPR
spain/Decisions,a16ede950ad2cef3d1bd2e53bb195bea,needProcess
spain/Decisions,fb42ed10ad90cf0101d9a1e5cdea8ac1,needProcess
spain/Decisions,945e9c99f7e5162869668436b3d12fd4,non-GDPR
spain/Decisions,3e9e890b3a083474fd0017df0ab349a4,non-GDPR
spain/Decisions,0fb6e28476d2b590b66304d536fd2ed3,GDPR
spain/Decisions,41fe8028abefb001b32a03dfa8a0bf59,non-GDPR
spain/Decisions,b614fa2be00d12da115e064c1e46ed05,GDPR
spain/Decisions,47894b1491b4a3b9df988cfff06a8c05,GDPR
spain/Decisions,3fd47f6b4c4f654843ed3434bdb2d002,needProcess
spain/Decisions,b65424c0aaf0a132a2ec0806e125f2f0,GDPR
spain/Decisions,92fe1f45af651b843ad4ee84d72c5814,needProcess
spain/Decisions,c1032301f98a0455ac8d48dc95d9df93,GDPR
spain/Decisions,d36924e5122991b832fa48d36a24db5f,needProcess
spain/Decisions,361b014e26d48df28db1a7c842c76095,GDPR
spain/Decisions,6f7a87f95b19db976c91d35fc9acb5f5,GDPR
spain/Decisions,93a4eed79a0f7b9bd394cbc0eb14a975,needProcess
spain/Decisions,7320268360758c40b2f5eaf9336c0b37,needProcess
spain/Decisions,66bd8113a41d8f0c8b4d66ba18d7ae67,needProcess
spain/Decisions,1675f914a2aa8b9e6123aab65e6f30af,needProcess
spain/Decisions,9162c8c139748cbe7a23b41a01735a80,needProcess
spain/Decisions,60c146350cdaa04bc736455ec112cc4f,needProcess
spain/Decisions,864830d56a9ce9333e700f98cfde991e,GDPR
spain/Decisions,d3ac31995817a11375b347421b358e65,GDPR
spain/Decisions,9e26ecb2147ee663fd1fa5d21a09de90,needProcess
spain/Decisions,c3c738165123ec89ae760857cbe18a1f,GDPR
spain/Decisions,7985929734ecc5f919bf3f35a84ff854,needProcess
spain/Decisions,156170cb951ebc6a584433b985180157,non-GDPR
spain/Decisions,570f2edd67e2ddc4505eb43cf0bfbc6b,GDPR
spain/Decisions,14f63b3c89ffc7c67983129772529950,needProcess
spain/Decisions,caa9cba1250ba0cd0f55b7e021718aa2,GDPR
spain/Decisions,b8b503d9cac5547b0d3998b6895fc94e,non-GDPR
spain/Decisions,21f0b9f2711fe7f802403056b6882005,GDPR
spain/Decisions,dc555c3bf34597ff18fceef9bbdf2385,needProcess
spain/Decisions,f79238476333930b5600120d05688202,needProcess
spain/Decisions,5c77e46b8a29ac80c7747f5077147428,non-GDPR
spain/Decisions,9dbf0bd7f8b5504f4a4a895c303f6f1f,GDPR
spain/Decisions,a728104abfa673c45ac57c88cb8302a5,needProcess
spain/Decisions,47d4a89a752320dd315b85d22f1d30d8,needProcess
spain/Decisions,4f882f2f404b852c3f293c89e12af0ac,needProcess
spain/Decisions,5bbb2a9d87cdbc98729eaf850e4a2b52,GDPR
spain/Decisions,c1a41e812bd0ca6bdcd41d2cd30769bf,GDPR
spain/Decisions,376dc03b153b611f49ee9d56a21ca5ae,GDPR
spain/Decisions,5b7b7ad1f92ec6c2d120561a3a159fb6,GDPR
spain/Decisions,338644e26457e015a5bd355a6c76497b,needProcess
spain/Decisions,000157a0a47db53834d526c4bd12d2d7,needProcess
spain/Decisions,210f0e519cd1ffba2ccdd1f7c3ae63a1,GDPR
spain/Decisions,a141a8e8ae43279201a477ac3b90582b,GDPR
spain/Decisions,8d228045371fe7e9904d1aa560377ed7,GDPR
spain/Decisions,27bd824894d4b4616f016cf18478de38,GDPR
spain/Decisions,63130ad35d2bb00712e2c34e4a4257bf,GDPR
spain/Decisions,a652881c4e13c70869868518c7f5a624,needProcess
spain/Decisions,d137bf8cd64415353859c6186e10f89d,GDPR
spain/Decisions,8acd83de8317edda5bf715d254e5ade9,non-GDPR
spain/Decisions,1df311bcf1e59e51af0f0244efcb259e,needProcess
spain/Decisions,622154c89303b3f846566e3d82d9c4ce,GDPR
spain/Decisions,4125d910e8494e8c7a706ff6db42dbcf,needProcess
spain/Decisions,009eb385ba13ed4442fd99472094fcf4,GDPR
spain/Decisions,9cdce8120635591b301b3c56fe9f36a8,needProcess
spain/Decisions,6bae3d31c3dac127e75fadd726b63eb9,GDPR
spain/Decisions,49e113040c4b70697b318effa3a9cad9,GDPR
spain/Decisions,2d7b51526c0fa4ed94a5a9f7e96b4fd4,needProcess
spain/Decisions,c28f3e6821c34d06e7f74ae8455d51e6,GDPR
spain/Decisions,c29f8cd48deac9fca8eff9593eb86920,GDPR
spain/Decisions,dc71c7380d5bfc1eb7e4c635aec1090f,non-GDPR
spain/Decisions,ca139d7e9bc9f11b6c79891ee6c038f1,needProcess
spain/Decisions,8dedc092b9c50b885ce0279faf74b941,GDPR
spain/Decisions,5fb9ae2162aee5a62b96882d52138cc2,GDPR
spain/Decisions,ab7e4d3d6ce67cfe0e3ac81753989f4b,non-GDPR
spain/Decisions,c148b72bb788756bafa0b442fd115a33,GDPR
spain/Decisions,d8b851ffdfd41c0ce94d33ef0fd157fe,GDPR
spain/Decisions,2ba49daf5611b5d4f261ea6637b7ff33,GDPR
spain/Decisions,b391516a6b2a6156da943e2b5b5f30e0,needProcess
spain/Decisions,6f492ff4dc3d484a6bd61b04afb5168f,GDPR
spain/Decisions,61ef934a5452ed5ad872843ed445a5d1,needProcess
spain/Decisions,f07ca35a788402a6a2145cb50d526c55,needProcess
spain/Decisions,d0c879ba243ca83c03f028931f6c4b53,needProcess
spain/Decisions,3ce77465b71720593f4529e55e6b5b47,GDPR
spain/Decisions,c5411457fe1f191d0d5a9d193dfc5b65,GDPR
spain/Decisions,682f1d62e05e547808af8a28efb234e1,GDPR
spain/Decisions,956baa7f8c0c8636214fcdccecb7a16e,needProcess
spain/Decisions,92ffd96edb3972910fcfce359974704e,GDPR
spain/Decisions,727c963f3f5e548482891c63dbe1cebd,needProcess
spain/Decisions,85d8a6938051e2b51766ac9f8e1413d2,needProcess
spain/Decisions,0bdf54ab0be6f47e7b5776126e408086,GDPR
spain/Decisions,e14125d7426e8d074276afd7d343fe2e,GDPR
spain/Decisions,2ca9bb655477da4af7016eca98b8edd9,needProcess
spain/Decisions,7e3dc1aaba02778482dedf0971a71ef8,GDPR
spain/Decisions,c48524419b635bce2841f4430b48997e,GDPR
spain/Decisions,49b74faf0550714cee3113699106ff41,GDPR
spain/Decisions,b8876c2bbc9e77baf0b43f2058963d4c,needProcess
spain/Decisions,835f94f35019ce14e456ad8fa5053684,GDPR
spain/Decisions,c6f1009604af15d7e8597b492b7c06a6,needProcess
spain/Decisions,6bb2006a37b2cfc739169a62f75d1972,GDPR
spain/Decisions,d78e6704a965e5b60945ccb5b4ecedb8,GDPR
spain/Decisions,ffc9b086ffe9e317e41bbd32bee8ed22,needProcess
spain/Decisions,b599d32626dda0adea24db0ac2b24164,GDPR
spain/Decisions,e7f65675e46b25581c1e5910b1d19b02,GDPR
spain/Decisions,600dfbf4f2fb90013cff2e52030d5836,GDPR
spain/Decisions,ed1282653e872eeffcfd0cfb3163f99b,GDPR
spain/Decisions,8934e9f8797e74c7f4b2f6a953dd1877,GDPR
spain/Decisions,588751654dfffdf577dc6b7c7513bce2,needProcess
spain/Decisions,38255f87d3ecb29120aaf5de553bde90,needProcess
spain/Decisions,96c1ffc3d2a9c03f7aacddebee774406,non-GDPR
spain/Decisions,953e74b0555103ba454a94fc80aef5f2,needProcess
spain/Decisions,ce7f7d5feff49c518f8d0da0956c1ca9,GDPR
spain/Decisions,a6364e3368dd3719237583d7d25d4ca1,GDPR
spain/Decisions,bbe2a1946f88672b8a5bc0a0685eac26,GDPR
spain/Decisions,16d0fd8d76c7cd3fc20d1f615b921115,non-GDPR
spain/Decisions,1e9c3157be9b9f7bcdde71f24438e7ae,needProcess
spain/Decisions,14da254fdbe35c4c06373cfcb7f17b33,GDPR
spain/Decisions,9d5571708b0e825225286381771d5707,GDPR
spain/Decisions,55769f3801dabb8d1a0a784e964fa465,needProcess
spain/Decisions,51e8a79a7946799e6ac848620fa9cf8f,GDPR
spain/Decisions,42d1b2ba88e56270f22a3622ba98de3a,needProcess
spain/Decisions,b025fdacb04fe8a254010c874507092b,needProcess
spain/Decisions,eedf7dfdf614e59977d0cf1aa9b62dd8,GDPR
spain/Decisions,355ea415a777c3849b20e8b9d52b2f93,non-GDPR
spain/Decisions,8d0fefa6dc7dbb2391ac760b8e5787a2,GDPR
spain/Decisions,5717c5330f66e17ebdbc0840e8b690f7,needProcess
spain/Decisions,c88d0c24ac5577277bc58449d284957b,needProcess
spain/Decisions,fb500d20892b90c0015c33d7335ceff7,GDPR
spain/Decisions,990ef298faade655f7bbd3a8a757a358,needProcess
spain/Decisions,7794984c805ad03bafabd9f4592cedf0,GDPR
spain/Decisions,f7ee4ecc554f6986361a82789fd9af15,needProcess
spain/Decisions,7e73ded97f9644777918a9a39e601752,needProcess
spain/Decisions,a9c80a792cc0d465135ce366a530278d,needProcess
spain/Decisions,d90414dcc4fbfed0499f9c513eeabf98,GDPR
spain/Decisions,36a2e720d5fcf261ca0042b70d8d1eea,needProcess
spain/Decisions,9df16eb9df1fdbe7bd68a3122c878ff4,needProcess
spain/Decisions,60940311b6cab03a733cb5f457842f7e,GDPR
spain/Decisions,678da3378b465cb145e7052affc2b665,non-GDPR
spain/Decisions,9d06217432818600061911bbd8391633,GDPR
spain/Decisions,365913284aab4250d24976fe941f3729,non-GDPR
spain/Decisions,83da5cb77e8375cd70da002a5ce182b4,needProcess
spain/Decisions,71e6b95ee48900e1ec0ea77954174e85,non-GDPR
spain/Decisions,ab9a6266abb0bd279e704063591d650a,non-GDPR
spain/Decisions,9834d21e13add7fd2b90602e7d88ef8e,GDPR
spain/Decisions,62873730114ac0cdadeb92ff1a7e52a4,GDPR
spain/Decisions,e1fef940b697f460d117b441ba932be2,non-GDPR
spain/Decisions,8c24478921b26d735238123e293a0c8f,needProcess
spain/Decisions,912965f2617a3a52dad2e0750b76b272,GDPR
spain/Decisions,ccdbda42a0535686f0c0ba93367630d7,needProcess
spain/Decisions,783afd6a1dcbb08c29d771e9e9547ce9,GDPR
spain/Decisions,96b4e2af1511579a4b01cffcde791c6b,needProcess
spain/Decisions,804b5f7b53c56f7581103277250daeb0,needProcess
spain/Decisions,8ecfa95a05c9c9d876f87b36d76f9dc2,GDPR
spain/Decisions,b96209ddc85389134576a714c2bacc9b,GDPR
spain/Decisions,6a1b0e0d90046d086914e9ec1100f072,non-GDPR
spain/Decisions,da17b994aa89f9c9dc37c2238a88b868,GDPR
spain/Decisions,fe8e529124a97e6925ddf4eaa1d178dc,GDPR
spain/Decisions,8346531dfeda286500811eda3ff46635,needProcess
spain/Decisions,a917e737e80fd98bd094e9fa094d5ef3,GDPR
spain/Decisions,c15052af0184ad5398796690e90532ef,needProcess
spain/Decisions,40749d06aa8e023b238b8e1a3e2c5e87,GDPR
spain/Decisions,747658038fe5cf8dcc8da4b2782d1f30,needProcess
spain/Decisions,d815823c8467dcf229baaf1d5a9c0b6a,needProcess
spain/Decisions,65963245f6277b45c9a456d839d58501,GDPR
spain/Decisions,878303527472a0bc731c11b3edbffd71,needProcess
spain/Decisions,f71b00e87a3849ef7a1e646a68dc75f3,GDPR
spain/Decisions,89a2c10c6efb6d253d9a040dc8c7d034,needProcess
spain/Decisions,77ce94347a15c3ce40e7529f7d61c602,GDPR
spain/Decisions,6d0f3034ff250bf4abb544bf8b250764,non-GDPR
spain/Decisions,931af6cf5e8086e85f5cce9b5494db48,non-GDPR
spain/Decisions,4721d05a79131e4b9966dc622a4a79f1,needProcess
spain/Decisions,44c7ec75f9424bf6b3063c88a7430216,needProcess
spain/Decisions,6f1d8936cbb56fb6e2e22f746d530521,non-GDPR
spain/Decisions,97b095870a1af2c263124491affcbb87,GDPR
spain/Decisions,2e1ac50976116fad407c4d344e1b9275,GDPR
spain/Decisions,5cbc999b4567c12919204377ecbcaa34,needProcess
spain/Decisions,5b1a0dd27886c18aa3004e7d043266b1,GDPR
spain/Decisions,7e05c7ae3bc8698655cbca81440f2b73,needProcess
spain/Decisions,fb563dbc9e45385dc7c8a50a5db22c60,non-GDPR
spain/Decisions,0ed4dca35420c75b18a7f9ad8b2bbb9f,non-GDPR
spain/Decisions,05474fe72203b7da78c65055536e09ab,GDPR
spain/Decisions,49699e45e068642481b763b336b2cb22,GDPR
spain/Decisions,8549c0cccb7cd2625267b7c70fed4e7e,needProcess
spain/Decisions,8e833cf45c5f4b4ed2c09cca9be115c9,needProcess
spain/Decisions,3ea96acb09a6f373fa9de6edd3464458,non-GDPR
spain/Decisions,b2fa119752f27f3957cb0146da35f884,GDPR
spain/Decisions,93a38218a964f535a2bd07f9cb563455,needProcess
spain/Decisions,88f3bb3e7f8988fdd080bc1b460d766b,GDPR
spain/Decisions,c2938f93b0ce8f53eab30d60db84ad73,needProcess
spain/Decisions,73effd42813aa5ce1cffb0ef0e0c3b04,needProcess
spain/Decisions,b207e7613712596d0767f06e70572f5d,GDPR
spain/Decisions,0380440efb6b459bd3315b16c27ee518,GDPR
spain/Decisions,bb25586e61b661cd93de6116712961fc,needProcess
spain/Decisions,2e472d4f52c1924398dc05aee400dd42,needProcess
spain/Decisions,1d6fa19ce9623a8fd7e0b89119995017,needProcess
spain/Decisions,3a7b5d0d9d90c245d0d6e1c6bbb83f76,GDPR
spain/Decisions,c66f77d4d14d571749fb198c55d530bc,needProcess
spain/Decisions,8d7df55d54017d7cd0c227690b246497,GDPR
spain/Decisions,efaa0bcbb2ea53b36c1773b681e55d87,needProcess
spain/Decisions,ee5a45b34cb3590b093f37d34145da9c,needProcess
spain/Decisions,f787ca5225285b452e692f3c49e61653,needProcess
spain/Decisions,1fe6b87e193b7a68cdd3a144b9825a69,GDPR
spain/Decisions,08a4d7f2085bb79ebcebb4ae4d1c6110,needProcess
spain/Decisions,9d0648312788dcba8b3064bae8afc58c,GDPR
spain/Decisions,ea9b62d9ebb719d57253d1f199a7c535,GDPR
spain/Decisions,df6aa4bdf02c9177d2238e96acc62cca,needProcess
spain/Decisions,3c65c2f422bc6edcfca81669d7731e06,non-GDPR
spain/Decisions,0659295dd445e2fe1981d34e6cb67a3e,non-GDPR
spain/Decisions,535941051e9edb377342e5cd9c103b45,GDPR
spain/Decisions,57dbe8f9c0239ef4b2661d3a86a8e0f2,non-GDPR
spain/Decisions,4ff1bbc72fe14a8aaf1784e7fdf6d5e2,GDPR
spain/Decisions,97c73160078cb00462a12883d340e18b,GDPR
spain/Decisions,48a7e4db1a1db11f16eea3bf20d713f4,needProcess
spain/Decisions,35cef33b8e204a08235270d37ed06173,needProcess
spain/Decisions,a27d3cabdecc59fc7505c974e29fc435,GDPR
spain/Decisions,51edfcc8d4b13658a885c26a74baf1af,non-GDPR
spain/Decisions,ca2db863a5ac45f36d964b10b087c201,GDPR
spain/Decisions,3af11283c64390de118336841f5f9a45,needProcess
spain/Decisions,974f460e016946d2e48da0cde12e6687,GDPR
spain/Decisions,f8e0795628e3fea6599a75f16e353c0d,GDPR
spain/Decisions,2ee2953dd0ac920163e08ae200dbdec7,needProcess
spain/Decisions,c6c0cd8196769de3b7051bfa73be4e8d,needProcess
spain/Decisions,53b4cd080a4bd0dedf4444c9bb2f0e2a,needProcess
spain/Decisions,92a4b64045ea52797122de1cc057b04b,needProcess
spain/Decisions,067985171789c5b50ff5c0da292924e2,needProcess
spain/Decisions,e9199c34a90c3687ec12a04f02961e9b,GDPR
spain/Decisions,3ed25b58299d5ad3504b257623f70c92,needProcess
spain/Decisions,6f46be84c4e58bb9cb65271829451184,GDPR
spain/Decisions,d12ec99f5148529150a14bef7b74a6ae,needProcess
spain/Decisions,d06c89fb905e8e7c96d31b8d853c0b1e,GDPR
spain/Decisions,15e32b679ba7d65522c1949c61b41826,needProcess
spain/Decisions,ac2a1129a0afe875bdefc223aa582355,GDPR
spain/Decisions,124ae039a878d86b02aaccbf4023a807,needProcess
spain/Decisions,b8ccb3a09a9516f0f17d31d867dbfcfa,GDPR
spain/Decisions,1b2d60b23947a9d8de0517a0f66939ed,needProcess
spain/Decisions,b36de9f11693ce8e7193b03da9bfb511,GDPR
spain/Decisions,c2b65a49954da3549299fce4c36a1a4d,GDPR
spain/Decisions,a9f9f518dda3f18af7310de893a5dbec,needProcess
spain/Decisions,78f47646e2cd599c9251f0635fed0efd,GDPR
spain/Decisions,2bcd2a99944bcae52164cedbb15f12cf,GDPR
spain/Decisions,69b15bc513742b6e49999f05036854dd,needProcess
spain/Decisions,3e9d60e0479d26902e2037f7d83841ac,GDPR
spain/Decisions,b40a9227715f8f539304f57d305db4e1,GDPR
spain/Decisions,c16ef112fc3857b4433102f9d472cdae,GDPR
spain/Decisions,455f357730bc98b64c6e4dca986ba4cf,non-GDPR
spain/Decisions,55dc7ce473928dd6a9207a178ee7c90f,GDPR
spain/Decisions,c18379ef33bf00eff9d2ac93445e4e13,needProcess
spain/Decisions,fb162a24b40765d0098765d7b64e986e,needProcess
spain/Decisions,b7c17beecf6fcd4f233c5b408d317462,GDPR
spain/Decisions,05c2f6afda558f4213014c5a8f2a352f,non-GDPR
spain/Decisions,e4947dfff0c5fba891e8d31b5335306e,GDPR
spain/Decisions,a03a4ffcebe2f47b8952b11523c80226,needProcess
spain/Decisions,41a07ce1126fbce110732d6efe7e9c93,GDPR
spain/Decisions,27258d233aa615b5932ce86e57d46b9c,GDPR
spain/Decisions,f69d1dfec60ca70b14893ee81fcb9322,GDPR
spain/Decisions,61a6acd16ab3f9d5693b0c48639d7909,needProcess
spain/Decisions,20d1845a06da874b3f71ca017f0ded00,GDPR
spain/Decisions,7e97d8ab2da0c800c5c301ae4f34720a,GDPR
spain/Decisions,abcdab38c7d20d1dd460bf56364fcfef,needProcess
spain/Decisions,25155d36824feb4312782a9227327716,GDPR
spain/Decisions,cb6b8452bc49926589ecaafbb2d00eb4,needProcess
spain/Decisions,203e4a187a4de3f63e40729e92be7d46,needProcess
spain/Decisions,5a3e851da5a01a84de4d99a877f821a4,needProcess
spain/Decisions,b8eaf14a303c0b24cb0f233c704c9edd,needProcess
spain/Decisions,181460560725d7c7bd4fc4bb786a1896,needProcess
spain/Decisions,4c4899f5ae3e611c20f886a47e61c1a0,GDPR
spain/Decisions,f276deb27051fb83b85eed18e76971b7,needProcess
spain/Decisions,1965f1bc3e3a9ac0002249ee0b5acf20,non-GDPR
spain/Decisions,23f6f186108d0fabc7065efb0559645e,needProcess
spain/Decisions,e26735af3c137659d292cac00039cd5c,needProcess
spain/Decisions,8cf814ad00596fa9e5d857c4c511be69,needProcess
spain/Decisions,e9a2bc336bec607ee1364709dd5a9990,needProcess
spain/Decisions,9ffbbf43703e04245e01b43041b27aef,GDPR
spain/Decisions,7bbf7fb39e534192b28d314ad79a4408,GDPR
spain/Decisions,0bfbeb02bd63c96345a9d5e7b4ed2e44,GDPR
spain/Decisions,ab04cd549b108b9d313570be02ca7ef9,GDPR
spain/Decisions,a80399f2203fa7bf6d0ab52c5f519b80,needProcess
spain/Decisions,6bc292257e309bf777ffa9f2c800e3ce,GDPR
spain/Decisions,33e284b6dcf93264a56af91d2ebe3830,needProcess
spain/Decisions,9e727ec53b253b2a00e44987f7e0fb49,GDPR
spain/Decisions,59d97a300b7ebc5c2743036318035589,non-GDPR
spain/Decisions,b5e93bdce4e7bb671e7dc4971b627cec,needProcess
spain/Decisions,6b44249de2fca0b37001e3d4ca91fdb6,needProcess
spain/Decisions,4bc53e5bf9d76000415f041483d4b3ea,needProcess
spain/Decisions,ea57b88c8c74390b184e15c97a1a8267,GDPR
spain/Decisions,8600a0feef81b18663cef0f2d70c3877,GDPR
spain/Decisions,808fb00dee96ec32c701c56b12fb592d,needProcess
spain/Decisions,23058abdb864b3cc27f66669e49cc510,needProcess
spain/Decisions,8d6d591a2b0db461f68b17b263e9e158,needProcess
spain/Decisions,2ab4dc0e2cfc02cfd6b7821fe9e30141,GDPR
spain/Decisions,37811f7d0b15a2acfd07c67f45eac389,GDPR
spain/Decisions,73e68a8d464c565459936f3df1f50b52,GDPR
spain/Decisions,4c9ea84400dc0037592a25cef739f9cc,needProcess
spain/Decisions,2bda8a06285a72b90a645d2e7068b675,needProcess
spain/Decisions,872f481cae5a42ba8362c12acb25164f,GDPR
spain/Decisions,adaff87160bac5c11f7d3ef2625207cc,non-GDPR
spain/Decisions,e8d79b513b43c7f91cf7ce0d4e795a92,GDPR
spain/Decisions,846ec8374d9a6a01d5d6626def8a2496,GDPR
spain/Decisions,3d3ae1de1e6bbe431ea7f52af6962963,needProcess
spain/Decisions,b88340d1f8302182817274d7c2b79f38,needProcess
spain/Decisions,4e4c2c6dd61fd4c6572c505c2623073f,needProcess
spain/Decisions,c33154174ddcf110f50c080b183ee49d,GDPR
spain/Decisions,748a629d7459d9548383949d34de7beb,needProcess
spain/Decisions,5e91eebf38dd745302087b02ba3c3b14,needProcess
spain/Decisions,a64163aec8013976f4de92a88208d3b2,GDPR
spain/Decisions,33ce44015ffe0d5b42985bacf2c80fa0,needProcess
spain/Decisions,46aad798090526ae2bdf01909db3c9cb,needProcess
spain/Decisions,92751900707723a9ad0be6c3bde8bef8,GDPR
spain/Decisions,5eca1d2a190b7f401951dc2142529d87,needProcess
spain/Decisions,76cd9863f76f4689042c3ddb619ab509,needProcess
spain/Decisions,a1e3deda8bc3e989405f92f5d9873d32,GDPR
spain/Decisions,1dde4b3c2ad99f265b5bbbc5bd1d2ee1,needProcess
spain/Decisions,4427d2255d272fb056d369134642287e,needProcess
spain/Decisions,3a9ba8832fd549dc64fa56206699f643,GDPR
spain/Decisions,093ff4a277f0631807ff7f62f35c7c3f,needProcess
spain/Decisions,68eae2de1b15f83f52be95381a2a79e2,GDPR
spain/Decisions,739b289f466ca3e4cfac07234ee3f059,GDPR
spain/Decisions,7eda4a9aecd22ee9c0c16dffde47d888,needProcess
spain/Decisions,62b65717dd1693f127c849e186c8cf0b,non-GDPR
spain/Decisions,b012a14dd7e82045e48b161f7a4b6055,needProcess
spain/Decisions,48ac12b3a7e07af3e19b661c56bedf16,GDPR
spain/Decisions,0c1ccae644954e44a7d4953bbd19a64d,needProcess
spain/Decisions,bb67b8cb7a79d9ff67483c982a9bb178,GDPR
spain/Decisions,46da5925094720cdd6c5947bdff94955,needProcess
spain/Decisions,8a17aeafd5f5725a8d5cf21d179a3e5f,needProcess
spain/Decisions,bd87cd77a683456cf6025ec22e10546d,needProcess
spain/Decisions,12b86aeffcc5bb84d6acdd6e16cc4426,GDPR
spain/Decisions,8f2d1c85ef6adcbd358117b97ef59ba0,GDPR
spain/Decisions,fa8237e697f4c3a1456f8b6c05b32c7a,needProcess
spain/Decisions,2af089b94584bebda73ac45e511701e3,GDPR
spain/Decisions,01c819c283ec8a73e3f33265aac7f520,GDPR
spain/Decisions,a305c2bc7be46aa63f1964800ae9e74f,GDPR
spain/Decisions,e00353816440453f58f528a7115e0947,GDPR
spain/Decisions,1af94fd35a8d900807d037fca504c131,GDPR
spain/Decisions,317f8cbde73683e0a71554445549b695,GDPR
spain/Decisions,b84b32c7e2aa442f3fc9eef9f91a21e3,GDPR
spain/Decisions,3381e5f93bc6f309c31cf08dc3b595a4,non-GDPR
spain/Decisions,9d3fc4e3f2960f8cad765762121e820c,non-GDPR
spain/Decisions,ecedd9c5662bd86375b5e0fab993e82f,GDPR
spain/Decisions,b97d560a1ff0219483bd82066c3c1257,needProcess
spain/Decisions,ad529262baec82f5d4c1180a23672184,GDPR
spain/Decisions,d28010c9299c1c30137b103b758dd43c,non-GDPR
spain/Decisions,1463d0796798eac11f2fc77f95875e40,GDPR
spain/Decisions,ccd262772b827419b081ecb51d670e87,GDPR
spain/Decisions,a36cc77e7731b8f659b1b5f9368bc59f,needProcess
spain/Decisions,e325f7f9808f20397aa8aa89213f2477,GDPR
spain/Decisions,5e5681ee8d244614c8bae2757002c1d2,GDPR
spain/Decisions,1b6c35940e2d5e75979004150be480e2,GDPR
spain/Decisions,62a9f08e1804bc7e1549f36ced1d86af,GDPR
spain/Decisions,c395d1ffad649e73c1242502e0f2ec50,GDPR
spain/Decisions,f3b31375ce06796df3c0a300ee6f038d,GDPR
spain/Decisions,cf8d15a5b661f10a9782fbd2949252c3,GDPR
spain/Decisions,0633dfa42ca4b2b4bab578dabd12d806,non-GDPR
spain/Decisions,cc805a642ec0b731e84533c232c91a86,non-GDPR
spain/Decisions,8ecbc3c537865f53110e35e6fe0c2afe,non-GDPR
spain/Decisions,03589975392efe456d95fc7ad0723d1e,GDPR
spain/Decisions,43b8585efb41665a0ec024039807218c,needProcess
spain/Decisions,47b250957fadb24b4708ce1a5fc6036e,GDPR
spain/Decisions,95beda78cc06116d30cee828b6f44b57,needProcess
spain/Decisions,74c67d456de981080e60512057bd30cc,needProcess
spain/Decisions,56355956a758818adaa5e299b2c09086,GDPR
spain/Decisions,c5ab47eead62c34a6d45d2107497366e,needProcess
spain/Decisions,05ded55cf325e5b6d75e3b54adfd5b7a,GDPR
spain/Decisions,2f08e09e1dd39b7b068c8618fe663737,GDPR
spain/Decisions,05b05d30c1dcb91547141818375a0800,needProcess
spain/Decisions,c915e693983c044a77a73768c36bf899,needProcess
spain/Decisions,a79c3f11875addddbbc21c4f6c7db55b,non-GDPR
spain/Decisions,1334892c39bbd279ec3229d0e3fc7f47,needProcess
spain/Decisions,216ca9357034c2fc94bd929da4b50cb6,needProcess
spain/Decisions,34720e163038024efa5d9084054b25fc,needProcess
spain/Decisions,eb612694d5d38af0f75adca652127b13,GDPR
spain/Decisions,de83d97149cae86133181c93b5dc58dc,GDPR
spain/Decisions,55e2d65a569b0f8951d2d4a9efc4b838,needProcess
spain/Decisions,906f66937ac635ea6abda2b6df6117fe,non-GDPR
spain/Decisions,05f2e2aebc130885c5d8d6ac60cd5bfd,GDPR
spain/Decisions,da84563a9c29a19631c15ededc583188,needProcess
spain/Decisions,440893647e87d5fcfbe6ca9eb715ce5c,GDPR
spain/Decisions,bd44bc13bb1873bc11ec55ac235afc42,GDPR
spain/Decisions,bbc175fea29d62a7ea8e57d672a7c05d,needProcess
spain/Decisions,00b69a31e4260bd2356fc41aa8870c27,non-GDPR
spain/Decisions,73dc00178ef8010471420bb276dc64fd,GDPR
spain/Decisions,ef5ab7c6fba02478e3e22f4d5e5e8455,non-GDPR
spain/Decisions,140f77b4c8316da6682c7fe35320535e,GDPR
spain/Decisions,a05e639ed3efa85e74c784534561fe6a,GDPR
spain/Decisions,d469b23f5ecb59d65fada721e5f94c53,GDPR
spain/Decisions,1e37ccab02c57ad43b5b74a0e15212de,GDPR
spain/Decisions,84cd8d5a43c68dea0072b5f4a5e3059a,needProcess
spain/Decisions,536243a8f538ed5cb8b7018772b53eed,needProcess
spain/Decisions,6170d433ba3ab091776f07ce1c656057,GDPR
spain/Decisions,3ef6c0c1b38e501ab4e45e1754be1532,GDPR
spain/Decisions,75daf4d50922bae3542b162c2204f997,GDPR
spain/Decisions,ca1ef8b75cd1a32ee55957017b10caf6,needProcess
spain/Decisions,4b80cf4e955ba4b8169adbccc39c1453,needProcess
spain/Decisions,bcdb54bb660ecff71578c29a57e1a822,GDPR
spain/Decisions,0923a584a5144932416f4bdda4e95964,needProcess
spain/Decisions,b4deb4d0cf760b8844f7a7e514abd020,needProcess
spain/Decisions,9586de35ea815e9483245ffb2d723c19,GDPR
spain/Decisions,472c59b6a026c8cf445dab4bde665cf0,needProcess
spain/Decisions,047da4fa1dd176a24b942aaa4bfdaf3c,GDPR
spain/Decisions,daa56e5bb4ac8d2b403583b6e0203eb9,needProcess
spain/Decisions,c6a76a9e81882dfbfdcbdfa424c212d7,needProcess
spain/Decisions,94538063f6eb483d7a3175167a1d8fbd,GDPR
spain/Decisions,95e555800b4497dd0175d6cc77a571e9,GDPR
spain/Decisions,36377894f315e17f0ac7ef832b885a39,needProcess
spain/Decisions,1a8a170b9fb50dfc3099e1cfb8a82123,GDPR
spain/Decisions,bc5f8846b1099c9cd112446577fc0f39,needProcess
spain/Decisions,55868e38d6fb74e9a9f1b197f9ca8e80,needProcess
spain/Decisions,80f37610b5d284b570abe574ea22c5af,GDPR
spain/Decisions,9a1548aa1776005ebf881b1583a6ad19,needProcess
spain/Decisions,bb1490212b5352964e8b5d50e3dc50bd,needProcess
spain/Decisions,d844b5bcf3b7a8540e942b690347b541,GDPR
spain/Decisions,94dd2ece48a1f7601749bb3762813a07,needProcess
spain/Decisions,967e5fee77296bf4fcc17d80a4604adf,needProcess
spain/Decisions,4c6c0af33db60dcbe9b1ef76d9dc5540,needProcess
spain/Decisions,78cc4caa98128e8f60546fd992787a52,GDPR
spain/Decisions,ee013a1c5c848e4e4877d23109e6625f,needProcess
spain/Decisions,48bb9f874523c6258a1d3f05a69d6f6b,needProcess
spain/Decisions,1a2d4aaa0b447a6327fbd2060bf032d4,needProcess
spain/Decisions,7fc31e70bd551335e2c72a0810cde0aa,non-GDPR
spain/Decisions,4ed2654111a3091f55a1d494ab541cdd,GDPR
spain/Decisions,fe44e9a18d298aa43f441575b69f703a,GDPR
spain/Decisions,3fb2da2fc86da3860e76389963408f25,GDPR
spain/Decisions,9a23c000da316551a9e1bfbf7d5256d9,non-GDPR
spain/Decisions,ee631bbcce5451cab4bb9e8c06fe8c6d,non-GDPR
spain/Decisions,2a02b22cbf6e829a3aeb38cca2482df4,GDPR
spain/Decisions,547b43a297e5b9cacaba2f41eedbe658,needProcess
spain/Decisions,195bea7476b80ed05e3482166eee739c,GDPR
spain/Decisions,0cd0069969d558b2eb581d99aa383d7f,needProcess
spain/Decisions,0f5fcd668974c1e4f39ce26d200a8535,non-GDPR
spain/Decisions,57e8532c8ef839960e429cbee2361237,GDPR
spain/Decisions,e71f91a69892447d3a238995534009ef,needProcess
spain/Decisions,8a61c957bca03ecd451af79213c56413,needProcess
spain/Decisions,e687230df723944564fcfa896fefa6e9,GDPR
spain/Decisions,df6b13181d3813173418ce14b45be363,non-GDPR
spain/Decisions,b1032039ce6d82814a1af279fa51564a,GDPR
spain/Decisions,ee7a18be528082057898738bafe574c7,needProcess
spain/Decisions,8b75da1554cc386986387e9af59b8e31,GDPR
spain/Decisions,6977849fdce483738bdfc6af5030aa43,GDPR
spain/Decisions,4009a9f6491db77796c3eafa87d4054b,needProcess
spain/Decisions,e2862e9347e87ec8060a5806e01d873d,GDPR
spain/Decisions,d400cd83ed5da2414edc57ebd1b3e25f,needProcess
spain/Decisions,a667a5543b5bcdf3f371e0294be92c7b,non-GDPR
spain/Decisions,ed98f1f32bffa2ca8386754eeeff6dfa,needProcess
spain/Decisions,6800365699601f52981f18d6baa7d2e9,GDPR
spain/Decisions,e5cf7a8d878a42fd5059096a7a8f0f5c,needProcess
spain/Decisions,4f8ceaae016799ad05fd4f19771e191d,GDPR
spain/Decisions,ff369aee4ed81d282a84c148168bfd21,needProcess
spain/Decisions,9f65aff84463ea3436edb320e4c963c9,GDPR
spain/Decisions,71950df3179d60237ecd91c20e18186d,GDPR
spain/Decisions,727f20896bdc636469e504e8350d3039,needProcess
spain/Decisions,5017c2ad4cd2b4db3f3136af455c1e5f,needProcess
spain/Decisions,c748b74d710ddd4a9460b1cfa5ef5735,GDPR
spain/Decisions,d318918c86297af39d88a9e53ff42893,GDPR
spain/Decisions,beddcfc6cbb2b2b2487d70d77c8fbe9e,needProcess
spain/Decisions,4f367eef1c110b71caa0cb9d2c69efcc,needProcess
spain/Decisions,5a9650c692b27d76e5f3650a9614e7a1,needProcess
spain/Decisions,70237c2d126a7606eca263be2ebff485,needProcess
spain/Decisions,edaa1ac73ee898679bb4944d0181d06d,needProcess
spain/Decisions,fb594bd5b52b5343e1d74d20e2c75643,needProcess
spain/Decisions,04ca8b50520bfacb4841d878b00e3ad8,non-GDPR
spain/Decisions,7354764e05bc464f1d16342823a168c3,non-GDPR
spain/Decisions,91beed312856a2748700648dcad7e6de,GDPR
spain/Decisions,ab7a9af73b1df61c08fdf6b24a863fbe,needProcess
spain/Decisions,ca768ae684e0719e8535f10d7c5032bc,non-GDPR
spain/Decisions,cded9c253d33fe0ba814d1150f96a1a7,non-GDPR
spain/Decisions,11de92987c4009a34f894999bc2c307e,GDPR
spain/Decisions,94db7ec59780c0ad938608eb635e88c6,needProcess
spain/Decisions,108f9a108d2d7c0142f5f404f98aa0d5,non-GDPR
spain/Decisions,2dc550db2f6492c34c1d3538752e8e77,GDPR
spain/Decisions,c1dbbca081952dcc66c856e39f737d9a,non-GDPR
spain/Decisions,cbf8a74b37e868b7b5d6e3957772188b,GDPR
spain/Decisions,b831a76b0ea4cc871d93fdf94a3bfe7f,needProcess
spain/Decisions,3fe41525507adf7498bb4336deaae251,needProcess
spain/Decisions,af0166e8387e8a9ee05d8e2ce367e836,needProcess
spain/Decisions,cedf9ab98be25946f89c42b4165a2f7b,needProcess
spain/Decisions,0bff263c18a688256e153a43a681298c,GDPR
spain/Decisions,efa6a43dc20faa77882c5dd78b7d64bf,GDPR
spain/Decisions,d6665d33cc2f4544f0c310b1e9b91cd6,GDPR
spain/Decisions,b141b41c445aba52f26f96bc7d54e31e,non-GDPR
spain/Decisions,bb76fd94bbb6eb106e5e3b2a8b7e8b04,GDPR
spain/Decisions,bdf39bdafd089bf8459f08eac9c63c73,needProcess
spain/Decisions,2b78059bf0382226d8e77546b45960cb,GDPR
spain/Decisions,250bfedc3f7daa075d397f73ecf56a13,needProcess
spain/Decisions,056eb09542521e2a7bf21faeef317296,GDPR
spain/Decisions,cbc31ac95a32722ecc08748721916079,needProcess
spain/Decisions,cd3d0cfd0d794c18fca8cf202de79841,needProcess
spain/Decisions,3e09dd310eeda4f38218dbaa38e2dc6f,non-GDPR
spain/Decisions,7848c5f0451b25a29a06c6a160fcd14b,GDPR
spain/Decisions,9257ff10fb695f4c08524ec5535b46a6,GDPR
spain/Decisions,83e779834697ce0a679991329d9f295a,GDPR
spain/Decisions,71666394b7c5b3958360008ad68a8fc2,needProcess
spain/Decisions,81bfed861213136378a8471350c0598a,GDPR
spain/Decisions,d4fb2d412405ba3bf44bac77d53b4b2c,non-GDPR
spain/Decisions,a614c093d7fe58a4661d808e6b28ffb9,GDPR
spain/Decisions,0917f7d64b4b6b49719dc390a033f1e8,GDPR
spain/Decisions,458feb589a48b1c617ee4a095c97e991,non-GDPR
spain/Decisions,6aa1a3507f09307af5678df0dcb0568c,GDPR
spain/Decisions,5ffb44f7e568ffcff95963049df90adc,GDPR
spain/Decisions,0e396ee7b6dfcd8e4e5ad1f5576b0317,GDPR
spain/Decisions,60ceb7f87fdcf880b3029b1b37cd9324,needProcess
spain/Decisions,623907c8ec825a78fee9980dbaa1fdde,GDPR
spain/Decisions,90a841b41d3b812e8d6ed2f153f33da8,non-GDPR
spain/Decisions,cd1f3b787aaf9bcef57b557fb7ce31a7,needProcess
spain/Decisions,6be5d7a936658c0a729cc20b7e05e2fd,GDPR
spain/Decisions,d5e9fc0941ae59a09941a0e3ea32f412,non-GDPR
spain/Decisions,800b1cde3dea7780c267235c4328808e,GDPR
spain/Decisions,9e23ca534b9db2ec46f629bffeb037ea,GDPR
spain/Decisions,8dae606ae335a2b7bba34aa9f705ce5b,GDPR
spain/Decisions,4448acc97f0399233fbf7be426ac1c98,needProcess
spain/Decisions,961cb6841ff4beafd863d6c2517a875b,needProcess
spain/Decisions,8c85ab3c85cbc4db0ae2e520dfdad216,needProcess
spain/Decisions,d60b7a117c8abf12fe99d8d8362a0445,needProcess
spain/Decisions,e25ee4b60c94d4e07eff6c73e508e09a,needProcess
spain/Decisions,28e77d8c829e443beecd2d12398f8865,GDPR
spain/Decisions,e7c13448e5025baeead0c0f9cac20cb8,GDPR
spain/Decisions,f32f5a68cc07e4cff2fd91e6529f9ae9,GDPR
spain/Decisions,0ec4da055abe2728b77c64739f8cf46f,needProcess
spain/Decisions,c94cad05da1d99f64d4821ac6f46d186,GDPR
spain/Decisions,58b813cfa8e2653779e0b734143e3605,GDPR
spain/Decisions,d21836eef531598a98ddef0ce8a7387d,needProcess
spain/Decisions,8289422f9014713bfbcb85cc251c2ee2,needProcess
spain/Decisions,2db4eb17539b038ee7d1668d7ae96199,needProcess
spain/Decisions,497232fdc1f7b011324734ab432a4ccb,GDPR
spain/Decisions,593af770510e6a1b370ef3fc14aa5f15,GDPR
spain/Decisions,9c88e4b204f7f5031c900185207c29bf,GDPR
spain/Decisions,faa4504570f697cf766b18ca83f2fb1c,non-GDPR
spain/Decisions,72231e0c474080414fef939895ad4b7f,non-GDPR
spain/Decisions,c40fb4e38b0921f3153ba1a3306a616c,needProcess
spain/Decisions,7e2f1b323fcda131ec65b8087f587b19,needProcess
spain/Decisions,3e12dbfef9c775f314662bfa976cd756,needProcess
spain/Decisions,3ca335d8e6912492331d478fc25718a5,GDPR
spain/Decisions,911aca67581880bec4e96d92b8ebbf84,needProcess
spain/Decisions,9b85fc02ff6c26dd1058b134619a37b6,GDPR
spain/Decisions,efb8eb918f67494902a6db0f2bfbb728,GDPR
spain/Decisions,4ac9664d915e7d600a9983bfdc520182,needProcess
spain/Decisions,7471767cdd7762f210a985679e484f14,needProcess
spain/Decisions,6a7c24d7b342d6d4fc8ba5170aea8c1d,GDPR
spain/Decisions,1496c4e351cb71d5f6f62a4c4175c836,needProcess
spain/Decisions,6b736ab53a050f0e1b5af48635d82ac9,GDPR
spain/Decisions,1931356de9165e5bd8ed6f4570c81c42,GDPR
spain/Decisions,700776e1eea7c52bddb489b93e5f4c81,non-GDPR
spain/Decisions,f9d9d91e507afcc015133cbbbbd5a21f,GDPR
spain/Decisions,9a68da030f92292a8c7bdeb180fd0c14,non-GDPR
spain/Decisions,ec56aaf938d96651c74a4a09d06642d4,needProcess
spain/Decisions,04dc792af2ab209001df84d828558072,GDPR
spain/Decisions,9a84de0349237dd094ef72863784a224,needProcess
spain/Decisions,1279c0955d6872ef375b81ade6b53b6d,GDPR
spain/Decisions,f9808ad5dff9502c9d8d43e93f6cdd09,GDPR
spain/Decisions,470314642cea64ca9d19602831ec4d9c,GDPR
spain/Decisions,6ce7555995e87141cdf2bf3b0e533098,needProcess
spain/Decisions,9265f833a61958d2e9e8da23766b6c03,GDPR
spain/Decisions,8dc26a076b492f557bb216b105a88617,GDPR
spain/Decisions,135456290da9a6e650419cd926b5fbfb,needProcess
spain/Decisions,8a765066985a495ec532770a7f8033ad,needProcess
spain/Decisions,d66fd204c3e54e0b4c79206aad30a13f,needProcess
spain/Decisions,ba8a4d3c86b5bb858d548356b479313d,needProcess
spain/Decisions,2774cabdf37afc0292e91408da5b5e78,needProcess
spain/Decisions,af1dd7fd553a9eba7f33838a1b89e6cc,GDPR
spain/Decisions,cadc9faf6a2b91578ef66d2104298043,non-GDPR
spain/Decisions,61929119e69c9b729e952b1eba6c1361,GDPR
spain/Decisions,ae17a6f16b5c9b7efc3d3ea4e521de95,GDPR
spain/Decisions,5c9c57b81c0516de75ae83e67855ce81,GDPR
spain/Decisions,7aff93bd20058137479a70d7b6c895b8,GDPR
spain/Decisions,e760e305695ab1dd17c467ff867b084f,GDPR
spain/Decisions,2c9ae0400cc3ece3a595618b8e41f2ee,non-GDPR
spain/Decisions,aba44cec5a81bcb671b01d23eb2e9642,GDPR
spain/Decisions,4c9f6a0208b7808bb9b1796298f28961,needProcess
spain/Decisions,2a52d9807b833aee8a9eb7db8b1e364e,needProcess
spain/Decisions,7a43bb4afb4a01f668bb828ac0088342,needProcess
spain/Decisions,f0ff025a63c73514682552794578e10f,non-GDPR
spain/Decisions,268ce84d3394c973018e0001be0fbe8e,needProcess
spain/Decisions,9f5a2431a54c7931ac0e4c46df9fd473,GDPR
spain/Decisions,39adce9c684010cc30cad69331776bb0,needProcess
spain/Decisions,7aabecfa42fd8e52b50a417f6159ca40,needProcess
spain/Decisions,56d5c48045951df749e001a70ef822dd,needProcess
spain/Decisions,7d12cec2708a474ae7bbe94790c932bb,needProcess
spain/Decisions,2a1eb583fbb79c424801dc5569f3f0d4,needProcess
spain/Decisions,59317cf3affda839cae567dddaee2680,needProcess
spain/Decisions,6c0367f107df7b050988d91738b6b119,needProcess
spain/Decisions,2d19a910595a2f2ee9a986360dd9f8a1,needProcess
spain/Decisions,cf7430c98cf88b0f46685d2631781a71,needProcess
spain/Decisions,9a6bf53dea34162b68aec84b3840ffe9,GDPR
spain/Decisions,a3566105b1e0d193ba52d03a74b7c55b,needProcess
spain/Decisions,2b40ca2d7b3c43a2449de6099c4ed2ad,GDPR
spain/Decisions,db3f9969ac887017196682721d9c9f40,non-GDPR
spain/Decisions,1360a86102157eeb8587ff72529ec030,needProcess
spain/Decisions,6145dc2dd955dbb66840f3eb4f12e404,GDPR
spain/Decisions,3a9a4a5e2d6d40d68bd00baf8987f881,GDPR
spain/Decisions,eab99e6f170332b00025db210e50f9f2,non-GDPR
spain/Decisions,7f4ced3bc2ba60c0178fb7a8638eeb54,needProcess
spain/Decisions,9c44d151f0c4430febced7a04da6f402,non-GDPR
spain/Decisions,848965d54a5ccbbc5c5125e7519529f3,GDPR
spain/Decisions,0702bf6dda6e9d70b8f5ec3bfade21cc,GDPR
spain/Decisions,cd2dd28cf49178e7a60cbbcb19844c2b,needProcess
spain/Decisions,153ecd8fc95f3557c2660cd9c4278bd5,non-GDPR
spain/Decisions,bd6f9e9a60784a61d63d1345bf1d9a27,GDPR
spain/Decisions,457e5b463c1609503c400596191a4d17,needProcess
spain/Decisions,de6d5bfe6cb406f6d6f03cf81f649daf,GDPR
spain/Decisions,2f34946d2841fc502cfada572eafe932,needProcess
spain/Decisions,c6ef66cafc1f8233397f6f2df8dbf9e5,GDPR
spain/Decisions,8d03b55b1e0614cc31b6dfb67d81bc4e,needProcess
spain/Decisions,a5af40ecdc1aa6ce90c46a60b2c37f90,GDPR
spain/Decisions,20b78f6cd60359c457bf4187101287b1,needProcess
spain/Decisions,e34bcc986db6283bf761cff160bc695f,non-GDPR
spain/Decisions,7ee0cb8045444b9bb46cb56bced4d7f1,GDPR
spain/Decisions,709fbd79600dec6384f25bd693137d16,needProcess
spain/Decisions,26c2d6646a8cf3cf084b2a1749e09a67,needProcess
spain/Decisions,ef9ccd182966e7a6547074b7ee31b153,needProcess
spain/Decisions,c074d535aeaae80741c00a9c4028c592,needProcess
spain/Decisions,e98b488916f435e7babbaf5e5c275478,GDPR
spain/Decisions,5d09ab5cf30203dfe022f591fe7a1120,needProcess
spain/Decisions,82135a8b8a93824a4589ee70ec266521,GDPR
spain/Decisions,6fbdbd16c188678fb05594c48cb976bd,non-GDPR
spain/Decisions,d9b6b322e3e8f678089565ec1e1d85b5,non-GDPR
spain/Decisions,20b5d9edfcd0603ae46d226d51ac8af2,non-GDPR
spain/Decisions,adc710be2091a0ffd970dcc8f77dfc0f,GDPR
spain/Decisions,f0e7d9b4303411c0505188c5a4793aac,GDPR
spain/Decisions,13d7d4ae3b654dd743e0b8dad8aee801,GDPR
spain/Decisions,8f7cf2633d64916c5908179d57622e17,GDPR
spain/Decisions,46e21ff929920cc4b80bdcc9b45807c1,GDPR
spain/Decisions,d92bbdab548785710db2e879d1676ab0,needProcess
spain/Decisions,739e71fb5cb0b91b23424bb83d92488d,GDPR
spain/Decisions,a8c9f3cb66de2b5427be2043c6876878,GDPR
spain/Decisions,6eea6819a3da4559b82db76afe6bb58d,GDPR
spain/Decisions,8e69d8d8182ebf7240073d9f24bd5695,needProcess
spain/Decisions,1e274cd51a807d80e809606b8a5194f3,GDPR
spain/Decisions,f626d98ea8042dcd05fa72f85c13fd5a,GDPR
spain/Decisions,1942827819201c513f9d6b227dc1515c,GDPR
spain/Decisions,600f8234c7aec506baf9bedb8d3beb40,needProcess
spain/Decisions,c9c4d40c622982356203a859155c77d9,GDPR
spain/Decisions,b7d696077e6c12612d1c8466a7b95031,needProcess
spain/Decisions,5efc26e2426f614eb76718d6d637363d,needProcess
spain/Decisions,e80f46fbbe34d3c227a2e810b413514d,GDPR
spain/Decisions,aa5d127c1e3a472b93f4aa5a9b6ee73e,needProcess
spain/Decisions,562605f4b72256080cd2886baa5b0be7,needProcess
spain/Decisions,2d8329a2c17075d345fb241bf4bbc83e,GDPR
spain/Decisions,1602e1218ba3973dcf43477ccc590d31,needProcess
spain/Decisions,9723217dc41bc74b4600d383242e88a8,GDPR
spain/Decisions,df9232c1f24bf943f070720884801d80,GDPR
spain/Decisions,6b5314b8725fe94b517e930483cff0c1,GDPR
spain/Decisions,404a930cdb4b1436b5b71b1d3f9d2fd8,needProcess
spain/Decisions,435837edb5d861a19f3769e0bf66149c,non-GDPR
spain/Decisions,efd20ff075537dd00b27e785cbcb4ee4,needProcess
spain/Decisions,781ada994c34c64bc78223815c7bc439,needProcess
spain/Decisions,396625ea354eee172486bf713f16502c,non-GDPR
spain/Decisions,0139a406281a656978606e0c21fd0057,needProcess
spain/Decisions,46e2991526f5a72e5ee7567c089be963,non-GDPR
spain/Decisions,93c5778d004872a23b74ce301c0cc875,non-GDPR
spain/Decisions,0a4643d208c61eefcf8f8bfb28a44218,needProcess
spain/Decisions,d268dd9f18f366490ba776e422fdd8c9,needProcess
spain/Decisions,2d7d9924e3d695afebad282840fb1c7a,needProcess
spain/Decisions,93eed0bbbe2a09af898962cf777acf6e,GDPR
spain/Decisions,101170bfb17d7b55266fcde1c405daac,GDPR
spain/Decisions,3e8bb066322a947857b101babaf6e603,GDPR
spain/Decisions,c45748e836c185bc05d5ec8a08daf89b,GDPR
spain/Decisions,cabbb7fc382a8ccff9bdba7ef668b5df,GDPR
spain/Decisions,8a79dc1303aa6bd484a16283feffc059,GDPR
spain/Decisions,9daa72184dd2910c09c180fc94b80cd5,needProcess
spain/Decisions,8545e4ac4111c11c67100b409080ee99,GDPR
spain/Decisions,7699c12a20986607d550bafe15a9bcf1,needProcess
spain/Decisions,51f94ff1931e6433265669951a6c5928,non-GDPR
spain/Decisions,92f621c85057003c7529b6b72d2280e9,GDPR
spain/Decisions,2dc2d0f43c65738a6da8023097a09412,needProcess
spain/Decisions,4d96ee3bc93a87cb0345d525211d1505,GDPR
spain/Decisions,f663c6d07672f7af0be0c4d9ce6753b8,needProcess
spain/Decisions,5567061dbb0cdd482067153a73a13380,GDPR
spain/Decisions,c52ceabacf5df9f68adcda95db5c7f35,GDPR
spain/Decisions,2c0beade08855d2f9556e03b923cb5dc,GDPR
spain/Decisions,2aefbdb937fd2b2e5cae4bb7ad99ed45,needProcess
spain/Decisions,f78f70e5b5d8ea19d7fe7f7b3e134c48,GDPR
spain/Decisions,7e53fc19563795c82c4385bc9abbc3cd,needProcess
spain/Decisions,0123b26bf4e9454c879b7bd17d58a998,GDPR
spain/Decisions,9cc7dac7119106ca0a2ecf18b60c3300,needProcess
spain/Decisions,eed09c92ebb39f6ddf6cdb7448030877,GDPR
spain/Decisions,d3a7ff518176ec95c7de43a0b31cf3b8,GDPR
spain/Decisions,57adde5f1439d74e5e108e5665d862f4,non-GDPR
spain/Decisions,d7e4a4b5f72c534d43e738f93f7487d4,GDPR
spain/Decisions,db9c29d08fb6f495d1455a0e043a3ad1,GDPR
spain/Decisions,57d985c0b8262f0b062feb322059b1d9,needProcess
spain/Decisions,61e360667ffd57ad04bc45a4ed4b459b,needProcess
spain/Decisions,dfe21d1333b3b901d04bdf36a2af62c4,needProcess
spain/Decisions,951179460343588d6aa8eeb35c8af78d,GDPR
spain/Decisions,c47367037ab5ed76e33439182f7c777b,non-GDPR
spain/Decisions,76120fb2a739f913cd275b23d992be54,GDPR
spain/Decisions,3f9cc4b21733066189cc76e44ee61e5c,needProcess
spain/Decisions,e7531ad8a397b3aec057efefaa069ffa,needProcess
spain/Decisions,cbe670448e1d0bab0a07a3e03c6ddbd4,needProcess
spain/Decisions,4d96ca7ba465fc557dc97c6232807e7d,needProcess
spain/Decisions,94fc3d6dde91bb69a84923e40d8b53f0,needProcess
spain/Decisions,6198484de7a4701751e32458d392a38f,GDPR
spain/Decisions,f393b2abb5ea4e11b233071e784e7415,needProcess
spain/Decisions,0a6d37b691f4f812540d63c8388dd2ea,GDPR
spain/Decisions,1b2ad71c86c39703c445c9faf989df45,GDPR
spain/Decisions,490075ebb0c97f163e1a6deba30230fb,GDPR
spain/Decisions,a204a93eac395f426253c86917983035,GDPR
spain/Decisions,8d5d3b364ea0aebbfff5cc17e7f76c89,GDPR
spain/Decisions,673b8484d10a72ca93a01419c71e8ebd,needProcess
spain/Decisions,66d0d5736ba02dcd0504f86cbf599cf8,needProcess
spain/Decisions,0eae533b138ccea6bac71855af9015b8,needProcess
spain/Decisions,d0597d1e6bf9f322a61f27dde8c214ee,GDPR
spain/Decisions,faedbb22360a9e691ca4051d6de975ab,GDPR
spain/Decisions,a287ebf3c5b6bd2d7a2aeb02309179b0,non-GDPR
spain/Decisions,2daaabdc9668d8e55794d37406fbdd33,GDPR
spain/Decisions,1b857ee4935a1fb91cf4904f639e4ee4,GDPR
spain/Decisions,624e2b48a42b6b8445c6b758acb12330,GDPR
spain/Decisions,7502805ba0789b8ae0778948ae55f3b6,needProcess
spain/Decisions,7b447a831f92731e7abced4eec4630a3,needProcess
spain/Decisions,0cd7c0d39f7282d96c1e14d462357457,GDPR
spain/Decisions,714092ee8daca6b3480294513931b783,non-GDPR
spain/Decisions,fbc9349ca5470d5bfa2b4235a0ef2095,non-GDPR
spain/Decisions,91c1eca786bf527aa714c9681a19d365,needProcess
spain/Decisions,a87084d20a446d80cf17c0eb2c4e385d,needProcess
spain/Decisions,768fe5907f99e0ff0d2f47cc67f92df8,needProcess
spain/Decisions,be6335dce3e4046ac0a791495c518d72,needProcess
spain/Decisions,036910025c24aade01dce07c572747f1,GDPR
spain/Decisions,46b9e96ed480f6493080216282d2f371,non-GDPR
spain/Decisions,7f6d83e415de9e0d45fa996837fd0c6a,non-GDPR
spain/Decisions,eea76dd9d8d4c21373962c776a923237,needProcess
spain/Decisions,a394cf7beedae590f0b26c4c409986eb,non-GDPR
spain/Decisions,b33b065ba311734ffbfcc2b5f4819b52,needProcess
spain/Decisions,2e5e7bf5c583d1b863ade7ca995a982d,needProcess
spain/Decisions,14bcd7ab8e3bf60477259bce919ce5fb,GDPR
spain/Decisions,30a22af2de4e3c9f8b161046fe13a622,GDPR
spain/Decisions,bf9ead220a4a65f5812ebf369ae044e2,GDPR
spain/Decisions,aab86bbcc8fb4d670486d74295253397,GDPR
spain/Decisions,6ad1c3c1eda127f55ef1c7e5a8db117b,GDPR
spain/Decisions,35b17c8bb4491938ec98642aa5db9247,non-GDPR
spain/Decisions,853af8c0b7b326d301005903daf00190,GDPR
spain/Decisions,b28bac684bf9b463800da3e524017ef9,GDPR
spain/Decisions,679a727bf70854912119ccb78a88f76c,GDPR
spain/Decisions,e93dff23cdf995dcc9200257320604f7,GDPR
spain/Decisions,3eb81d892b74d2f2efaeb620305dd601,needProcess
spain/Decisions,083be6642fd6a32944aba4d7e2fcaef2,needProcess
spain/Decisions,25a62cc4ca98c4709995683d307066a5,GDPR
spain/Decisions,a5c04175423156e362ba87e866638719,needProcess
spain/Decisions,8422be38401c39278d6f54cb9d76af3a,GDPR
spain/Decisions,ca54980ae0f84749c83584fd5288b49f,needProcess
spain/Decisions,b467bfaea69674106cec779dfc15f84e,needProcess
spain/Decisions,fa4319ba5a47e8d5a8b984c400ace4f5,GDPR
spain/Decisions,da72a93cb3be128760412eb9e833cf24,GDPR
spain/Decisions,f7dbe14dd8fb1b8ee0a0fca988b095ef,non-GDPR
spain/Decisions,58a5cfd4aac820f04cdadae18c52d428,needProcess
spain/Decisions,616b894a58ea4f96c08f8a04c65e6b50,non-GDPR
spain/Decisions,b4b6e57366984a4446ac77f71f249959,GDPR
spain/Decisions,735f83c56ab9201e3135a729d1fa28db,GDPR
spain/Decisions,5a6f104ebd60ee3f3e41ce2ac82fda6f,GDPR
spain/Decisions,5edb7771e0ed70643a32aba6458fb7da,GDPR
spain/Decisions,d3043db9b46a4437b2e521e4f0e50ec7,needProcess
spain/Decisions,9306829a59c9ccda63fe569344715051,needProcess
spain/Decisions,b0d57e17a232d2c0021dfc2a78d3b45b,GDPR
spain/Decisions,104cc2d6936d25bd6ec23050125d514b,GDPR
spain/Decisions,677d7be1701db8d754b39679ed5f0fbd,needProcess
spain/Decisions,a8696bc36a37b2eefc0895d6d696b3b0,GDPR
spain/Decisions,467c8e48dc4c119299bffa21edd11157,non-GDPR
spain/Decisions,d1cda460ba47249c3ca4ef83df323a58,needProcess
spain/Decisions,7bc7f264b286036be1b791be14f8637e,GDPR
spain/Decisions,1550244e12256e7899fcc1623c1bcb60,GDPR
spain/Decisions,1716081deb9d710d2f167ce1b23b2a15,GDPR
spain/Decisions,ed5793314195f1559102c8d346078c74,GDPR
spain/Decisions,d9ae7682942bc5e970031b315d6250d5,needProcess
spain/Decisions,541896421fcdf4db85311a7bd79677fa,GDPR
spain/Decisions,e73364eb09190fd956cdb78dc3012ec0,GDPR
spain/Decisions,1f73c0bf8ab7a867036beb220ab5076b,GDPR
spain/Decisions,080113ef500f6fcf68d19ba2cd90b1b5,GDPR
spain/Decisions,1add141627193f49cde8d596f1b26eb1,GDPR
spain/Decisions,736bd10ed9c49012c3c97f3231f2e7d3,GDPR
spain/Decisions,2e55e47c7c06eaeb910147e32a1c4f06,needProcess
spain/Decisions,a07a77de26617a363d56590c1984c51e,GDPR
spain/Decisions,c5b6812f0929c919f23c3d0707504819,GDPR
spain/Decisions,f760c26b8526115e1cc8075877381c55,non-GDPR
spain/Decisions,5ab077a5be4d688352058831177f7f7e,needProcess
spain/Decisions,fc0ac0cfa86cc7556fd0c37e9b303c75,needProcess
spain/Decisions,5021486bb80f1dda4a0ebc79d9499958,GDPR
spain/Decisions,0eac1f9136d281427f48852031c9f0d1,non-GDPR
spain/Decisions,4887044513aeb09285ca3b52a0306006,non-GDPR
spain/Decisions,0802a2d480fcf0f410580136a86ef31d,needProcess
spain/Decisions,6556eb4c67907e22f433f80c40e8a3bb,GDPR
spain/Decisions,02abc1c2c0e9bfe763df7dbb833a8e27,GDPR
spain/Decisions,34316218a433b7806552d99e7ae361c7,GDPR
spain/Decisions,30168e9a6edd11b0f1fbb578288a1c99,GDPR
spain/Decisions,b581eb456edfcb0a36ace2db53a94790,needProcess
spain/Decisions,a33c9b276cb47983c4991d92c7a5cbce,non-GDPR
spain/Decisions,f26d4f2ac39def7fd968d56aca556da3,GDPR
spain/Decisions,dd2694765180f2eca4e76a1b3215a150,needProcess
spain/Decisions,62c8622ef83ed929528582d21c0209e4,GDPR
spain/Decisions,04f3e4ea5652ae0ca2c38e2ce23a303d,needProcess
spain/Decisions,b0b8307da1f8dff525f1568b56aeec1b,non-GDPR
spain/Decisions,8c19459e7347b080c8f6464e52baee04,GDPR
spain/Decisions,d49f423632cf37dc6567eb5e5be8bf30,needProcess
spain/Decisions,e2730e04cb7a1bbbc146650e7e88d357,GDPR
spain/Decisions,acfb8da4a65d0bca33cb7ed171737067,needProcess
spain/Decisions,5f11f63714c880962f582a6f5d785c92,GDPR
spain/Decisions,bf75b1ff570eeece07224c79fb4a89e8,GDPR
spain/Decisions,90aab0ea70146b1786e3b263124c1dda,GDPR
spain/Decisions,0aab42970144e110667f976122ec81a7,GDPR
spain/Decisions,edc086067dad4b4b4b3b5a6d94767501,GDPR
spain/Decisions,da4c08f1dca016d59b1633bce7a4bd83,needProcess
spain/Decisions,961523ddff979f22b3eb10fdc5a961d1,GDPR
spain/Decisions,b78b9a0adb54f14b1c127800e84dc8f8,GDPR
spain/Decisions,6274854a00f3afed007aa89a9c0d4059,needProcess
spain/Decisions,1e76ea4c233feba261a6629045c100a2,needProcess
spain/Decisions,eb09cb7a8e2e8ce5b520c5b67588a439,GDPR
spain/Decisions,4ce19bad8856a00bae51279fd0842a98,GDPR
spain/Decisions,a0f9d8ced93c8227dc8a2d234a60ca5b,GDPR
spain/Decisions,a11a3d4becd569c34a52b6627be7963a,GDPR
spain/Decisions,f5906cb6b01eee3b7bded927e3c1f95a,GDPR
spain/Decisions,78b32766173e328b09177bb7d3407923,needProcess
spain/Decisions,3a2db445fe946eda991942b1e1cd4403,GDPR
spain/Decisions,23694c3e48eab7c7384dc72f112be6c0,needProcess
spain/Decisions,28d2bc1af29c14bf7a14a379d97672d1,needProcess
spain/Decisions,3b609de693892a57b35004707ce4d1d3,needProcess
spain/Decisions,0d2bd514b59eeee582723d9d95f98c65,non-GDPR
spain/Decisions,9a0b2111f46d8920d9c8750326465af0,needProcess
spain/Decisions,ba299441eb4205139acbdbc0d4207db6,needProcess
spain/Decisions,bae795b65342e6602c73d5bf9000fdd5,needProcess
spain/Decisions,69d628dbcb20f05c760f3bf10d935650,needProcess
spain/Decisions,1bd3aba6c12a3b061b7eb826d6ea120d,needProcess
spain/Decisions,6beae4600f0fbb2e76c67460a2fbbe92,GDPR
spain/Decisions,525246176d70e0f1909f4745e8000b2d,GDPR
spain/Decisions,05c135a4c6c1da3b0cedd17cf3c92aed,needProcess
spain/Decisions,7729b3a5bc37f4dea0bb3a8fb018d5e3,GDPR
spain/Decisions,21d24b0748dba36ee1a980716a13cf4d,needProcess
spain/Decisions,7894ddcc25104356fbd3c19b1a2bf712,needProcess
spain/Decisions,cbad6e7df8fd00f5136de832adce47fe,GDPR
spain/Decisions,ba251f3e014b33e1b2247c4952af6870,needProcess
spain/Decisions,569369e9d939888c2a8cdff4a88e3b76,needProcess
spain/Decisions,173733a5c613092fcd942dad198cfd51,needProcess
spain/Decisions,2592dc7abe81883c1db7c1c801abfac7,GDPR
spain/Decisions,19b1cb96f8e16649e8a7516caf91ce91,needProcess
spain/Decisions,29f037306d1421d563f0ef7d6e3a4d02,needProcess
spain/Decisions,9d0ce827d941a5160f0944851b25dc0a,needProcess
spain/Decisions,19e3c971fa036ecea5ea31ab6ba99d95,needProcess
spain/Decisions,297c5003c960770b68ebdd0c5f7b2c6e,GDPR
spain/Decisions,6e3b6a225c3b4c5c509467770ab54b6e,GDPR
spain/Decisions,9f02fd98fdc4262e8fcef53831d5208e,needProcess
spain/Decisions,0d09b6762e85fad5397f17883b560b27,needProcess
spain/Decisions,5d4bdf90680bfe9034e0790bc4e49511,needProcess
spain/Decisions,69d089a73aeb7b85ed69837750b25948,non-GDPR
spain/Decisions,b61c0648d18dc075152b47c08a52d920,GDPR
spain/Decisions,19afd33b2d5d64dadb0e97981db76256,needProcess
spain/Decisions,0bad3950ab1ea92e0dd0b2c31397ebf4,GDPR
spain/Decisions,cb9d65a9d2aba3a18ba15ab0b46218d9,needProcess
spain/Decisions,cf8701d6f3db8e9ce3754432d8446002,GDPR
spain/Decisions,9c50d8179cd5fb8e191ca573a5e3a510,needProcess
spain/Decisions,fd26b139d5eed432058b07dd1d498ec1,GDPR
spain/Decisions,cef372eed592458cbf6c70c55432afbe,GDPR
spain/Decisions,c58a5caec7334fc3f87ff46b9e1a95f6,needProcess
spain/Decisions,63bd6678f8d999fc5eaecdbf15a415b9,GDPR
spain/Decisions,642de4169706e316b1db7612392bdb9d,GDPR
spain/Decisions,a5f41b4b03ba3f1c983c5cd2a2e99958,needProcess
spain/Decisions,c6934d7b1363483517c2589096e733fc,GDPR
spain/Decisions,3f80693f889ca3bc2a882867b982167d,needProcess
spain/Decisions,74fde25e77cb307cfc53925845cde231,GDPR
spain/Decisions,1b7231af7870d95b5406a096342fedc1,needProcess
spain/Decisions,e161b0ae009a6e881bfb7b6f0471e2a8,needProcess
spain/Decisions,a4a0dfda63ac17c9ff15613a6bffdcf2,needProcess
spain/Decisions,29b6016101f6c99ea0e512dc81688cf4,GDPR
spain/Decisions,9df22246ace5e23dec6831afbaaebe0c,needProcess
spain/Decisions,067dddc94849d6a31b62dfa55f74f7ac,non-GDPR
spain/Decisions,cd1d6edad6a9ce9b1ffd7e7b6b6929e4,GDPR
spain/Decisions,94156007853741a64d2a0b2005fa84c2,GDPR
spain/Decisions,5699978c5c49e40c84b8047ed87e8451,GDPR
spain/Decisions,80b6a0004de5021b443b460a44365d1b,GDPR
spain/Decisions,5797a3c8a3b204cc653d5641bd661a0c,needProcess
spain/Decisions,a3b532301f69a78ae9ae64d035197756,needProcess
spain/Decisions,0e7d1a194a015b431910351a52042be2,GDPR
spain/Decisions,48d6131e8d1684c116aa4b899066d931,needProcess
spain/Decisions,df78381d55c77c4344fd74a4f99bec86,GDPR
spain/Decisions,20b0ee102aca682bfaadacaf85af7954,GDPR
spain/Decisions,e72381ef618586c63238809649ac2b4f,GDPR
spain/Decisions,c4812409717d0fb4a376948790e7f5af,GDPR
spain/Decisions,af9e8b3043c5123e467576c36e4a3576,needProcess
spain/Decisions,2c12bf65a2a5deae7cf189bbe348df23,non-GDPR
spain/Decisions,a6ffa0b3f525c8d90d310922836886e3,GDPR
spain/Decisions,1a87fc3a59c08ed73a702b734583e00b,needProcess
spain/Decisions,59fdae11b4986d0beabb126c5ab86d09,needProcess
spain/Decisions,4194aac9a447bd0c5572dcc7d436dc41,needProcess
spain/Decisions,5f0322f4c1d63ad9594069c18a0366c9,needProcess
spain/Decisions,075e73b7b8cacc3a2896c927c4247d4c,needProcess
spain/Decisions,93475c49a5bc4b28df016e59a4e8f880,needProcess
spain/Decisions,d152364d713e0333cce318e840fb71f6,GDPR
spain/Decisions,7a57ea58be1d5422307bb57af5567e29,needProcess
spain/Decisions,9c93c2f3610a4de5ad1e1613557c31f8,needProcess
spain/Decisions,b5abb0948724658855da7986390849e6,GDPR
spain/Decisions,882d033e75c30f829fb59527fbc4e0da,needProcess
spain/Decisions,2bae9ea58452c594f0834c29082c2bab,GDPR
spain/Decisions,02011144940031c443d7ecac8f64ddb1,GDPR
spain/Decisions,405390315906c57127c72d859760d207,GDPR
spain/Decisions,882421bad99aa9b70fc38fb6e0c28625,GDPR
spain/Decisions,48412cb222c2e764bb6dff275a0c51f5,GDPR
spain/Decisions,146d70f6873352e62af8b8a1cea3e323,GDPR
spain/Decisions,0b848010a7c3c35e0fe67137bae8590e,needProcess
spain/Decisions,03f19134184e9ac3dfa228216c13e76e,needProcess
spain/Decisions,b6536e0abd1528e503d64c0fa6dc9776,non-GDPR
spain/Decisions,41a7605cd374744c19e2ee28a6d44ae1,GDPR
spain/Decisions,f8202f36fed7f04f9173ac87ef6cdc51,GDPR
spain/Decisions,0d6095a736d19175f3675083b4ad6678,non-GDPR
spain/Decisions,3c2cbb3dca01ed88d1130f47b058fa8f,needProcess
spain/Decisions,fd2fcf11881869d70987c55966fe99af,GDPR
spain/Decisions,06d137d0f79d8fbd6eab21ef2f2cccae,needProcess
spain/Decisions,dd74e6fe9f48dc631c5fb8a0cd49c6ed,GDPR
spain/Decisions,e8bb514f8b414d3fb8a137cdc09a499b,needProcess
spain/Decisions,d1c55be23e6a818b1943313513075455,GDPR
spain/Decisions,469e4f3c1297ed61ec2abd6e718a8708,needProcess
spain/Decisions,a1b0e5cad5a5300b6a3530d860fe4efb,GDPR
spain/Decisions,93bea13b0a97881f4b7ebf4534a2d571,needProcess
spain/Decisions,9002e856cff28351a2bccfa069948305,needProcess
spain/Decisions,01ccf2bf60167bdce3af6303eba705a3,needProcess
spain/Decisions,7c4c4edb97e767daf8161b5f6618ec24,non-GDPR
spain/Decisions,a7fd486252000851b48750b9d36a8aaf,non-GDPR
spain/Decisions,f683470721c27050f6a2e91248aff97d,needProcess
spain/Decisions,1d13a4c08822b18ae660666fe5b14fd4,needProcess
spain/Decisions,3c01f2814c3629414318fca84929ce3f,GDPR
spain/Decisions,c9463323b083ecabceea5de41f3947c2,GDPR
spain/Decisions,23aca17ae1b61040a1ed5f7ca4d4feb1,needProcess
spain/Decisions,dec87752fa3facb5ec530b317c277b85,GDPR
spain/Decisions,da945fca57b484ce0286c548a0233651,non-GDPR
spain/Decisions,cf876c78eb497dfb0c9db399a1ba8ce7,needProcess
spain/Decisions,265ccaa549cd1eaf72513c049f341fad,non-GDPR
spain/Decisions,33f330bdb54a969a585773570bf2c8ba,GDPR
spain/Decisions,e8c5a72f785a91152f03b830ed9dd484,GDPR
spain/Decisions,da767ea90dd9256e34563bcc9214f5b2,GDPR
spain/Decisions,1e10f6fa428a9c578aa9d45ce8dfcc74,needProcess
spain/Decisions,6b699844d949dfc28bd40ff2ca50c363,needProcess
spain/Decisions,c48e0bc97990f11a3e96e5a606bd11a3,needProcess
spain/Decisions,54ff3013beda5f346f127ad182f6d562,needProcess
spain/Decisions,943a62df3fa75a91eb09a774ade23d04,GDPR
spain/Decisions,f0e16bdd795d90e6a7a90fe2b1965e85,GDPR
spain/Decisions,b9b7a5dc3fb334b9619f0e00a122f267,GDPR
spain/Decisions,63cf72d1e4e5fb7a5375dad793cd8008,needProcess
spain/Decisions,dfe578c5d4cc0f51442ee5c630c31814,GDPR
spain/Decisions,529edbeefc233d508ced3010bd162474,needProcess
spain/Decisions,4822a4546ebdb3659d7f33c3df511af6,GDPR
spain/Decisions,b54d17b20c2e0bb5baf377f722a05824,GDPR
sweden/Decisions & judgements,576f3f5b98cb1a2143297054a8dc5f41,GDPR
sweden/Decisions & judgements,6c63a63badc4cefa9dd82487a0d5624a,GDPR
sweden/Decisions & judgements,2486ff19a5fadf57034fc65d735e6445,needProcess
sweden/Decisions & judgements,684a62556b9250ae40817b858302968c,non-GDPR
sweden/Decisions & judgements,b48f59af6853ef73b6639dd72ae73126,non-GDPR
sweden/Decisions & judgements,bbc7fcaf7c22ff3fcf6b353acf1bc00d,non-GDPR
sweden/Decisions & judgements,5d12026abec11187aa2c4feab8637715,GDPR
sweden/Decisions & judgements,01458ac632b91e4fe367d6fb3f949cf7,GDPR
sweden/Decisions & judgements,5a95d61107d8cf570285e5897f977525,non-GDPR
sweden/Decisions & judgements,3fad6b9fb1217f45762ff63607eefce3,GDPR
sweden/Decisions & judgements,b603e99adc2b13d937da6cc407040fb9,GDPR
sweden/Decisions & judgements,616ab2c386247163020f815d3fcfd029,GDPR
sweden/Decisions & judgements,b18e84e8b3417bfea5be7df732b125df,needProcess
sweden/Decisions & judgements,3412be8939a8ee6e0474cebda7fcacdb,GDPR
sweden/Decisions & judgements,caa7a0e7b48dff7341845333d65a16e0,needProcess
sweden/Decisions & judgements,785a9e859d6a8acc6007b65d51ba8ac6,needProcess
sweden/Decisions & judgements,1cd67e425316fc11a98857364ab98fd1,GDPR
sweden/Decisions & judgements,ebee75261240608159a05a1def833a3b,GDPR
sweden/Decisions & judgements,36a549863a349b697d4656b3e9acd585,needProcess
sweden/Decisions & judgements,5553c0172fa4c8dbce36e012c98ad32f,GDPR
sweden/Decisions & judgements,94a9f0b63a0969ca14244ce562ac80a1,non-GDPR
sweden/Decisions & judgements,2472f0371d3b0a47b59263e9795cc235,non-GDPR
sweden/Decisions & judgements,295bb1d54f1ef63dfde10342a7984ddf,needProcess
sweden/Decisions & judgements,900ff4d6573b6211c3145010c6cad702,needProcess
sweden/Decisions & judgements,daeed3a899edb469d7c1163619b505e2,non-GDPR
sweden/Decisions & judgements,85244eb676ee5e775ae92ad07b4ddbed,non-GDPR
sweden/Decisions & judgements,77408d31f62daf4fcfe8bfb1f7e53068,non-GDPR
sweden/Decisions & judgements,91684a1964d19f6780117a5642b90283,GDPR
sweden/Decisions & judgements,4aa4e535795b623f199c5f7c1afabb41,GDPR
sweden/Decisions & judgements,7bb3efa93f613f43385fdd2921c375ac,GDPR
sweden/Decisions & judgements,0dad43567b61f64c710c5a70d02e9fe2,GDPR
sweden/Decisions & judgements,74216aa02abb39d9c3898fa2a6a59632,GDPR
sweden/Decisions & judgements,eeea35b443d6ef59a5c3a10e2a0fdc81,needProcess
sweden/Decisions & judgements,edad16428f0ff957acc4ce08bab91bde,GDPR
sweden/Decisions & judgements,b42cd24552eb3f813a8b446a23e666ff,GDPR
sweden/Decisions & judgements,c7d773297ce2e0e3d9c3de897f908feb,needProcess
sweden/Decisions & judgements,7a0a06f53b24546a74e256809ed79e20,GDPR
sweden/Decisions & judgements,c365da0578de1ce35b2ccdc467ecf94f,GDPR
sweden/Decisions & judgements,7cab72c2addfac700602cfd09ad1d3fc,GDPR
sweden/Decisions & judgements,67721c16e70ef0bd704e19f30c6abd34,needProcess
sweden/Decisions & judgements,bc8196d4ab0e38d2981d55a3e21c538b,non-GDPR
sweden/Decisions & judgements,9999f23512ba82f8dff463d3c7b867c0,GDPR
sweden/Decisions & judgements,621da7d8bd14fb703b703f1ec2040fd0,non-GDPR
sweden/Decisions & judgements,4d6bfe74609f620604675bcd2c7262fa,needProcess
sweden/Decisions & judgements,9df5785961ae23813b4ba2b6de293877,GDPR
sweden/Decisions & judgements,f9ea508b6533b4b592e0d74610d48984,GDPR
sweden/Decisions & judgements,e70f7039e6179c7602d688533eeb9b14,needProcess
sweden/Decisions & judgements,e4f4fe6c810318e718d029755ba4a2dc,needProcess
sweden/Decisions & judgements,b30894364970e9012c0eed6de80cd4e9,non-GDPR
sweden/Decisions & judgements,5bc3c87c22f62b746f5e38aad1a8903b,non-GDPR
sweden/Decisions & judgements,e2d6bdc6e6fe32a69bf5d265ec10748a,needProcess
sweden/Decisions & judgements,04579a8ead8f6963fdc8228af43867c3,non-GDPR
sweden/Decisions & judgements,8b36e9207c24c76e6719268e49201d94,GDPR
sweden/Decisions & judgements,0ea2ebfa3cdb4908454260fbed27ac2b,needProcess
sweden/Decisions & judgements,89dae92837cf561fb326ce92a90a17ec,needProcess
sweden/Decisions & judgements,d7a445b6d8cd3c373726c4f8847c9481,non-GDPR
sweden/Decisions & judgements,257aa93ecde425a02a5a01270ac00aae,non-GDPR
sweden/Decisions & judgements,2c664c63d7e0b63bc1a0e2a1f4a9cee7,GDPR
sweden/Decisions & judgements,be61c4ab6dcec50d75167340a0fc59b1,GDPR
sweden/Decisions & judgements,be7bfe54de1115e3689effceaac2a21f,non-GDPR
sweden/Decisions & judgements,272f8f430769dcedc94312bbdafd144f,GDPR
sweden/Decisions & judgements,cae6a7cfe966ff2836bd96c7a78a2919,non-GDPR
sweden/Decisions & judgements,8e6c327b42cb1b718cbacd2fea4ccc01,GDPR
sweden/Decisions & judgements,3a022a17703a47b73c2d0c41e53ad94c,GDPR
sweden/Decisions & judgements,f5c541e05b8a4365aba39288b9a35ce1,non-GDPR
sweden/Decisions & judgements,a3ada828e9914f96df1bab271b085332,needProcess
sweden/Decisions & judgements,9de518046e016f4b4e95859a67ddeeeb,non-GDPR
sweden/Decisions & judgements,eb58bd87b6c1fb241f6bde56a13dd4f7,GDPR
sweden/Decisions & judgements,706f7ba71e57428dc15ef63651bb73e0,GDPR
sweden/Decisions & judgements,dc8c7270a8b5b1e642ed4dbe9a518128,needProcess
sweden/Decisions & judgements,a1680a5b623cd73210027f7469426928,non-GDPR
sweden/Decisions & judgements,f721a9832b242506f8df7b4822726c72,GDPR
sweden/Decisions & judgements,dc2f0eed0d030a9a61257a6e071c5fef,GDPR
sweden/Decisions & judgements,537bcc9413f07a1fae88e01374a29ebe,needProcess
sweden/Decisions & judgements,78c6e534c468de3e2593a4fdeacbb03d,GDPR
sweden/Decisions & judgements,447307e7841fd2971019fbc43380912b,GDPR
sweden/Decisions & judgements,c4f2a0f1a5148aea12746871bbe50529,GDPR
sweden/Decisions & judgements,dfe2f7a09b51900959823a83b5e886fb,non-GDPR
sweden/Decisions & judgements,69bde7cb6a59c6f726fd23b556b43207,GDPR
sweden/Decisions & judgements,777d42c3c1eb7d41f7854a5620bde6cc,non-GDPR
sweden/Decisions & judgements,a5e163a731dff87525fab4bb3302db46,GDPR
sweden/Decisions & judgements,8cbf37ca8ec46334766ca7575e336a4a,needProcess
sweden/Decisions & judgements,9695f1f327303ecac1da05f5ee7e2b26,needProcess
sweden/Decisions & judgements,dc45469992c5549e63c101a54e78e2f9,needProcess
sweden/Decisions & judgements,ae82a4190e8212c1c7a8b74654f0d7dd,non-GDPR
sweden/Decisions & judgements,c54e3ca30b5669d8c89a2e1138ec976d,needProcess
sweden/Decisions & judgements,26aeabfb10ec780445411583cc166afd,needProcess
sweden/Decisions & judgements,96d9730a61a8c4ecf0dab741c7e9c1e9,GDPR
sweden/Decisions & judgements,b099d71f0e7bba5bb841677226a745ac,GDPR
sweden/Decisions & judgements,2d1edda74d08e9054b7accec95affa26,GDPR
sweden/Decisions & judgements,2409a2f6e059321f307932d29d84970b,GDPR
sweden/Decisions & judgements,696aa7a5dc3ccc951da93e3b554ef8e0,needProcess
sweden/Decisions & judgements,784693aca41527f44d090af4b7820ae3,GDPR
sweden/Decisions & judgements,92d00d465c716aabb35eb724681bdc8f,needProcess
sweden/Decisions & judgements,d002c2cb16e4d2679733d429fbf7d103,non-GDPR
sweden/Decisions & judgements,6885ac64b61d589b263f0b13a325b29f,GDPR
sweden/Decisions & judgements,49e4d128e666fb1c87366baa01876c6d,GDPR
sweden/Decisions & judgements,68004d4d9e4981bbf9d90bf91f5f1286,non-GDPR
united_kingdom/Enforcements,6910c0984bc343de108763a860aa6aab,non-GDPR
united_kingdom/Enforcements,4e8862a66ecea562312845f1c1952ccb,GDPR
united_kingdom/Enforcements,80decce76e6800d71f80a612be307673,needProcess
united_kingdom/Enforcements,ea0315e93d03dd24bfa396455c33d5e3,non-GDPR
united_kingdom/Enforcements,34f4e7996749c3f189e51ac2c741b2c8,non-GDPR
united_kingdom/Enforcements,e1e42b804e813c099211351a6ba608fa,needProcess
united_kingdom/Enforcements,85fc311df96bd755f22d22e6fe672e45,non-GDPR
united_kingdom/Enforcements,8f68b28256477bf6dd5cda746a53a821,non-GDPR
united_kingdom/Enforcements,c01e3146e630c2cde70918ef57bf3724,GDPR
united_kingdom/Enforcements,f5e252383d1a3ef85d14c0630a3758ee,needProcess
united_kingdom/Enforcements,a311cbcad1e1d02ee0cbd91874e1913d,non-GDPR
united_kingdom/Enforcements,10537b04575040473a7c9ff1c3d124ca,non-GDPR
united_kingdom/Enforcements,f601ddd09aa3bfa76586caa2eb6fd742 -02,needProcess
united_kingdom/Enforcements,55e1e30c4a6254b2087176e9815393dd -02,needProcess
united_kingdom/Enforcements,fd393429545aacdc3164b034058fafb6,non-GDPR
united_kingdom/Enforcements,be45e7e2bc2dbf2fd256dd5eaa29eab6 -02,needProcess
united_kingdom/Enforcements,51876c7c4d77526f8aaab6fa60f101e6 -02,needProcess
united_kingdom/Enforcements,0c68abff4ac0edffc74567b13f0e19a0,GDPR
united_kingdom/Enforcements,98ad9c230cf1caeba724e8b69dd4fea6,non-GDPR
united_kingdom/Enforcements,12c50092d3867a30caa6366a0935a074,needProcess
united_kingdom/Enforcements,acc59c30a75c4ce8908488f37e534d50 -02,needProcess
united_kingdom/Enforcements,7e637298063288906e8870c67b565528,needProcess
united_kingdom/Enforcements,1264190b6f21f544043307048a540215 -02,needProcess
united_kingdom/Enforcements,1f500fd58d4154606d2b4da6b9d84615,non-GDPR
united_kingdom/Enforcements,985a34a2b838fa690b94b101a3d7ae68 -02,needProcess
united_kingdom/Enforcements,22e5cd46f2a1ab42a93438a9ffceee2e,non-GDPR
united_kingdom/Enforcements,6c055040ba6be8dd5e6a1c50476f2845,needProcess
united_kingdom/Enforcements,f601ddd09aa3bfa76586caa2eb6fd742,non-GDPR
united_kingdom/Enforcements,6d5bf079c84b93c9c9ab64f66334da42,non-GDPR
united_kingdom/Enforcements,55e1e30c4a6254b2087176e9815393dd,non-GDPR
united_kingdom/Enforcements,36d3493428d2946728fa85845f4d9605 -02,needProcess
united_kingdom/Enforcements,2930dafcbf41fd02dbf2d4ef0fcfed95 -02,needProcess
united_kingdom/Enforcements,fc54444da3aebf973b927459292fb594,non-GDPR
united_kingdom/Enforcements,a3b1e998a747fc9b5cd35ac1552eb2fb,needProcess
united_kingdom/Enforcements,d011ce20d08bd4d8a3fd21f828b28b5d -02,needProcess
united_kingdom/Enforcements,69aa4f6a87d0b3fc6ec93846f78ee2cf -02,needProcess
united_kingdom/Enforcements,85d9fd2e1b5aecb0a1951928199d20f2 -02,needProcess
united_kingdom/Enforcements,73158059012b24adad8934b1971b0709,needProcess
united_kingdom/Enforcements,d53a2c3ed1712ff1056b7c6c3dab82d9,non-GDPR
united_kingdom/Enforcements,d01a410ebbd865734a3e722d75673122,needProcess
united_kingdom/Enforcements,dcc354a01714ff313d1233479ba7f8b3,GDPR
united_kingdom/Enforcements,b8c620fa34412e539da81e7e8be5836f,needProcess
united_kingdom/Enforcements,1523e5499f14a8fb77303f0f97c3a37d,non-GDPR
united_kingdom/Enforcements,03084934c1b0cc1f26a592bb658d2777,GDPR
united_kingdom/Enforcements,985a34a2b838fa690b94b101a3d7ae68,needProcess
united_kingdom/Enforcements,93e20794ff2234772b81c6ffe78a717f -02,needProcess
united_kingdom/Enforcements,bf22fde3a8a829703c8d81d21297e4fb,non-GDPR
united_kingdom/Enforcements,d3036f88ac0d3c075e8a1b13584239c6,GDPR
united_kingdom/Enforcements,adc8314cebdad8e5a5b2f02a52eb9d5e,needProcess
united_kingdom/Enforcements,eadb1c25410c5abc22bde5b5a5168342,non-GDPR
united_kingdom/Enforcements,aa4be65e1105d28139223628974a3c69,non-GDPR
united_kingdom/Enforcements,ad40d1f07fd643a12c4e592be0148750,GDPR
united_kingdom/Enforcements,10f5bfdc61fa9e065a6fd507b0d0d67b -02,needProcess
united_kingdom/Enforcements,696663963ce1d4921f2364eb674eab0c -02,needProcess
united_kingdom/Enforcements,45d93950f73ac767b0f616bf70059c32,needProcess
united_kingdom/Enforcements,ebadfdc85da2bd6a74a1d2d13f485dd7,GDPR
united_kingdom/Enforcements,6f8c17d941e8ac1c7f6286aafdc716c1,non-GDPR
united_kingdom/Enforcements,be45e7e2bc2dbf2fd256dd5eaa29eab6,non-GDPR
united_kingdom/Enforcements,b539aaf86f2b9ce84bdb2cd1735a70ec -02,needProcess
united_kingdom/Enforcements,2a7fc573eb53b8c87edfce71acb66c1f,needProcess
united_kingdom/Enforcements,e57234bd909d8ff713c514e087919633,non-GDPR
united_kingdom/Enforcements,ff95da79eeabacafd7071906b96230ec -02,needProcess
united_kingdom/Enforcements,64c099b9dac8fe4c315973749bf571fe,needProcess
united_kingdom/Enforcements,1394ea28419d2c68976bd17c456fa329,needProcess
united_kingdom/Enforcements,d8379f5491ef0fe8b7215f65cac08c0a,non-GDPR
united_kingdom/Enforcements,f40243fd1e7f9062d6552a4ebd8fac6f,non-GDPR
united_kingdom/Enforcements,a85e4af52514cceef7aa024fdffa2067,non-GDPR
united_kingdom/Enforcements,826ed6a55ffc8467e51d7398f4265c21,needProcess
united_kingdom/Enforcements,426e138dd55c31bce2b6768ae0fd5db9,non-GDPR
united_kingdom/Enforcements,6dc6bf2339c292b569453f1295f285ec,non-GDPR
united_kingdom/Enforcements,5f55f6695d2bf9bb3decb9e28c59d962,non-GDPR
united_kingdom/Enforcements,007d3d7df0d896c99597d09958051feb,needProcess
united_kingdom/Enforcements,80decce76e6800d71f80a612be307673 -02,needProcess
united_kingdom/Enforcements,61f9df8e09019488c06435b983bdc139,GDPR
united_kingdom/Enforcements,7a6700088a1e38b1e33df965871e9e0f,non-GDPR
united_kingdom/Enforcements,ff95da79eeabacafd7071906b96230ec,non-GDPR
united_kingdom/Enforcements,d555aae5692709ea1894b6531f03fe7b -02,needProcess
united_kingdom/Enforcements,3339ea2e18cb31a3161047a271eaf458,GDPR
united_kingdom/Enforcements,299d8a886114a787b4d1245633509b3b,needProcess
united_kingdom/Enforcements,4ccc9c0ed9fbd5f720096143a6833f48,non-GDPR
united_kingdom/Enforcements,f093d753af5c78ff853af1f0ad4973f6,non-GDPR
united_kingdom/Enforcements,16c43ce3a36b8862a71d038cb074d153 -02,needProcess
united_kingdom/Enforcements,70a24894cf63273dd4306597841fb4de,non-GDPR
united_kingdom/Enforcements,c84c2bfcea8887fd27f5c9afc8ef61ac,needProcess
united_kingdom/Enforcements,9a9a74c2ccfb7b97f157f856d53102a7 -02,needProcess
united_kingdom/Enforcements,d9a4783c464bf7476ff0bd68aa34a8fc,non-GDPR
united_kingdom/Enforcements,2abccf0bbcc0cd48116c1f91c22cf3eb -02,needProcess
united_kingdom/Enforcements,d01a410ebbd865734a3e722d75673122 -02,needProcess
united_kingdom/Enforcements,ce766cae6f9d5c58eaf7a199729cc0a5,needProcess
united_kingdom/Enforcements,a87714f69ee74efe452bcec388feca20,non-GDPR
united_kingdom/Enforcements,7a42b60557ccfb7cdf4945d42ca50ee8,GDPR
united_kingdom/Enforcements,16fe47be95a54817e07941095b68bc8f,needProcess
united_kingdom/Enforcements,f80cff6f1feca3737c1cf1d2aa51cab0,non-GDPR
united_kingdom/Enforcements,b781359d8bdddec93b71324053e11181,needProcess
united_kingdom/Enforcements,108c816d4c92c7683f6443f3ac1747be,non-GDPR
united_kingdom/Enforcements,bc7f8533fc60ea830d4af1599ae2c171,non-GDPR
united_kingdom/Enforcements,5d3fd5e2c4043b10a40d1521afd77926,GDPR
united_kingdom/Enforcements,ee4bc2d8061c3612a7deda5d73868037,non-GDPR
united_kingdom/Enforcements,ae146b8ed51058561cfe1b5c9eae7a87 -02,needProcess
united_kingdom/Enforcements,4335c7c12ace5eef364dcfa84bb42413,non-GDPR
united_kingdom/Enforcements,64ff7b5770d447dbb5c78a90b54d242b,needProcess
united_kingdom/Enforcements,07343bc619769d73dc6dfca15acadbd4,needProcess
united_kingdom/Enforcements,3ce2574c5f6ae841706c43297a7d06fb,needProcess
united_kingdom/Enforcements,5b5066d1afcf78c137ea699591d33156,needProcess
united_kingdom/Enforcements,3935ae6526b8729a6f1a216d8aa6a972,non-GDPR
united_kingdom/Enforcements,79242497fe5fe52c830bb50dd691b93b,non-GDPR
united_kingdom/Enforcements,2c0e5fd0d8b43e9b08410e8defd6fdbb,non-GDPR
united_kingdom/Enforcements,79ae113b35a2abaaa80fabef78a5b554,non-GDPR
united_kingdom/Enforcements,9bc49dea245d70d205756c4742848dc2,non-GDPR
united_kingdom/Enforcements,8e3976289a69b34f5dcd8a55e3f1193b,non-GDPR
united_kingdom/Enforcements,cc90e45d6dcc2e79e453a10891abbb69 -02,needProcess
united_kingdom/Enforcements,e124393ada0c313e137e1bfa9816224e,needProcess
united_kingdom/Enforcements,1523e5499f14a8fb77303f0f97c3a37d -02,needProcess
united_kingdom/Enforcements,d508f7ac419000d203739486159331ae,GDPR
united_kingdom/Enforcements,d53a2c3ed1712ff1056b7c6c3dab82d9 -02,needProcess
united_kingdom/Enforcements,5a82506a2bad5035010476e8a0b03677,GDPR
united_kingdom/Enforcements,9464ff98a304da92fe7155a82d1dec67 -02,needProcess
united_kingdom/Enforcements,cc90e45d6dcc2e79e453a10891abbb69,non-GDPR
united_kingdom/Enforcements,a0cdd155b98d859ada084951b1f9633f,non-GDPR
united_kingdom/Enforcements,588e0878ac9f2c201282aef6c25c1487,GDPR
united_kingdom/Enforcements,71a458e8c33a598ff3f88a2af64d77e0,needProcess
united_kingdom/Enforcements,19d59e7b2ab7f683f5cc5d6c01b41817,non-GDPR
united_kingdom/Enforcements,3e43d2709cc3eb87839438ef05f14033,needProcess
united_kingdom/Enforcements,d011ce20d08bd4d8a3fd21f828b28b5d,needProcess
united_kingdom/Enforcements,465f2f67e97d51e1e8bf2d1f7b802039 -02,needProcess
united_kingdom/Enforcements,6ea38eac5181d1862a4cb0e9c3e4d388,non-GDPR
united_kingdom/Enforcements,7d669c41bfac8451a31c641f5f4780aa,needProcess
united_kingdom/Enforcements,b6b40c5170ec2968de56be634685c321,GDPR
united_kingdom/Enforcements,465f2f67e97d51e1e8bf2d1f7b802039,needProcess
united_kingdom/Enforcements,9176c6dc40ebac037838abe0f0e00439 -02,needProcess
united_kingdom/Enforcements,fab9397882eabf8cbb055cf0569962f2,GDPR
united_kingdom/Enforcements,b539aaf86f2b9ce84bdb2cd1735a70ec,non-GDPR
united_kingdom/Enforcements,2318abf4f09f1ac7722a2750c89054aa,GDPR
united_kingdom/Enforcements,9775dd0022c6b7bf82b12a3ed36d80c6,non-GDPR
united_kingdom/Enforcements,1ee1f9075fecfb91c2d08938fda890d7,GDPR
united_kingdom/Enforcements,69aa4f6a87d0b3fc6ec93846f78ee2cf,non-GDPR
united_kingdom/Enforcements,2abccf0bbcc0cd48116c1f91c22cf3eb,non-GDPR
united_kingdom/Enforcements,6910c0984bc343de108763a860aa6aab -02,needProcess
united_kingdom/Enforcements,1cb8c901705b9a6fdd8666c4922617f7,needProcess
united_kingdom/Enforcements,87ad4c89d8d2c57188de2efc9fd14aac,GDPR
united_kingdom/Enforcements,8e3976289a69b34f5dcd8a55e3f1193b -02,needProcess
united_kingdom/Enforcements,3bc766f54db22a220b5e233173b29629,non-GDPR
united_kingdom/Enforcements,37f785bb50bc4c6e94aa99f00ae3fb88,needProcess
united_kingdom/Enforcements,aab2b504d27c9e1c7c483a53c657b1df,GDPR
united_kingdom/Enforcements,a9da6e69c32e0ba67a687170184bd56a,non-GDPR
united_kingdom/Enforcements,22325952a2b065d103bc646abb42f0bb,non-GDPR
united_kingdom/Enforcements,8f70ab300712dbfc09c3820aaf573617,needProcess
united_kingdom/Enforcements,37f785bb50bc4c6e94aa99f00ae3fb88 -02,needProcess
united_kingdom/Enforcements,d45be37ecd69c0d0f066a5a47b54731c,needProcess
united_kingdom/Enforcements,23c1fc08af24b4e300868c6940abe72f,GDPR
united_kingdom/Enforcements,b4ef3a4fa2893cf7cb19794e2306dce0,non-GDPR
united_kingdom/Enforcements,8ee0d08e4134ab2f8b0c7589b056dc9c,needProcess
united_kingdom/Enforcements,3935ae6526b8729a6f1a216d8aa6a972 -02,needProcess
united_kingdom/Enforcements,3e43d2709cc3eb87839438ef05f14033 -02,needProcess
united_kingdom/Enforcements,e0442441ef966e2714abf2355d4cf652,needProcess
united_kingdom/Enforcements,79ae3187a0af57bb5f9e169bb204c760,GDPR
united_kingdom/Enforcements,862cc3e50047f3ae86ce0600ad5ee303,non-GDPR
united_kingdom/Enforcements,49bfaeb43cf0dcfbbb94a9290f4167f3,non-GDPR
united_kingdom/Enforcements,696663963ce1d4921f2364eb674eab0c,needProcess
united_kingdom/Enforcements,746a748576517e93dcfce03d09f1ff83 -02,needProcess
united_kingdom/Enforcements,ea8c0b06d153fa77a07a062f816d855c,non-GDPR
united_kingdom/Enforcements,c3ce514c8842baa32785792c0f7691ff,GDPR
united_kingdom/Enforcements,1663894d7ebe7094b733cc0f447abed9 -02,needProcess
united_kingdom/Enforcements,746a748576517e93dcfce03d09f1ff83,needProcess
united_kingdom/Enforcements,ecf3569cf2bca193081fadecc57b296e,non-GDPR
united_kingdom/Enforcements,1a2efbf1de0f8c766ffe39d11210990a,non-GDPR
united_kingdom/Enforcements,2930dafcbf41fd02dbf2d4ef0fcfed95,needProcess
united_kingdom/Enforcements,3f629dd008e33cf26d43ab0c4a2b015a,non-GDPR
united_kingdom/Enforcements,030a3891b56bf62a70810c74f30656bc,needProcess
united_kingdom/Enforcements,501112cb542e4f1e0fcede8cfd3a0454,non-GDPR
united_kingdom/Enforcements,e0448bfe292dca1c37eec5c248569cfc,non-GDPR
united_kingdom/Enforcements,22325952a2b065d103bc646abb42f0bb -02,needProcess
united_kingdom/Enforcements,ffbf6a8b7c56ae7af8ceb4a8f3e9639d -02,needProcess
united_kingdom/Enforcements,32feb6f3b7f036f749493fb13355b0d1,non-GDPR
united_kingdom/Enforcements,9176c6dc40ebac037838abe0f0e00439,non-GDPR
united_kingdom/Enforcements,0eb042aa3748bc1aa9c55e81717c6b2c,non-GDPR
united_kingdom/Enforcements,1220c506188f86b6fcd4816613e05d00,non-GDPR
united_kingdom/Enforcements,d555aae5692709ea1894b6531f03fe7b,non-GDPR
united_kingdom/Enforcements,9a9a74c2ccfb7b97f157f856d53102a7,needProcess
united_kingdom/Enforcements,23c1fc08af24b4e300868c6940abe72f -02,needProcess
united_kingdom/Enforcements,eadb1c25410c5abc22bde5b5a5168342 -02,needProcess
united_kingdom/Enforcements,03fb9223964d58d89d96914f6247c464 -02,needProcess
united_kingdom/Enforcements,4eaf4edf806422efc25f25e345b3d506,non-GDPR
united_kingdom/Enforcements,1264190b6f21f544043307048a540215,needProcess
united_kingdom/Enforcements,7638d7af63109927dbc2c11777abc9f5,needProcess
united_kingdom/Enforcements,3db44d5d88ca6c17af5a55dbcf67d7fc,non-GDPR
united_kingdom/Enforcements,9bc49dea245d70d205756c4742848dc2 -02,needProcess
united_kingdom/Enforcements,49bfaeb43cf0dcfbbb94a9290f4167f3 -02,needProcess
united_kingdom/Enforcements,0a0a545d35c70bf1175c6b4a7e076b6a,GDPR
united_kingdom/Enforcements,36d3493428d2946728fa85845f4d9605,GDPR
united_kingdom/Enforcements,754670c0edebeafee79f9e97511b765e,GDPR
united_kingdom/Enforcements,34b9db63ecf6821f8b5ab89579f9b227 -02,needProcess
united_kingdom/Enforcements,953f76f40119791c32c8ee94f7d7ac6e,needProcess
united_kingdom/Enforcements,ebd3405d962aa93beff5141de0da0653,needProcess
united_kingdom/Enforcements,51de9f0c589c851a3d49843277f4205a,non-GDPR
united_kingdom/Enforcements,a637e7ee02465a757694f67a15af09b3,needProcess
united_kingdom/Enforcements,03fb9223964d58d89d96914f6247c464,non-GDPR
united_kingdom/Enforcements,d9a4783c464bf7476ff0bd68aa34a8fc -02,needProcess
united_kingdom/Enforcements,4b9c895036eb85ba1fb2943ce7bae6b9,non-GDPR
united_kingdom/Enforcements,41ab7f1e9587219d2c9968e0529dcd89,GDPR
united_kingdom/Enforcements,e2c2f39ae3a6ce9e8731c305db87ab49,needProcess
united_kingdom/Enforcements,ed81f940bfd71b39b0a3e1904eb198d6,needProcess
united_kingdom/Enforcements,722da614a039c2b8d8a53886e0dd6990,GDPR
united_kingdom/Enforcements,acc22bf7e0073ae7486be938f508f874,needProcess
united_kingdom/Enforcements,49438bac105edabfd3590c1c48bc201d,GDPR
united_kingdom/Enforcements,37f2c955b51a68c2a8fb4cbf8abe9efc,needProcess
united_kingdom/Enforcements,6863d988180959cdf2f4466f5bf6d149,non-GDPR
united_kingdom/Enforcements,4eaf4edf806422efc25f25e345b3d506 -02,needProcess
united_kingdom/Enforcements,fd393429545aacdc3164b034058fafb6 -02,needProcess
united_kingdom/Enforcements,fe98418e9e7e78dda4a4c597edf255f3,needProcess
united_kingdom/Enforcements,9464ff98a304da92fe7155a82d1dec67,needProcess
united_kingdom/Enforcements,16c43ce3a36b8862a71d038cb074d153,non-GDPR
united_kingdom/Enforcements,065dee3659e0789fa084275ed4db6cff,non-GDPR
united_kingdom/Enforcements,16c0479d01b56107315a4a36c5109984,GDPR
united_kingdom/Enforcements,09134607cbf96d3fae6515ca58cebdbc -02,needProcess
united_kingdom/Enforcements,80d127d2c42ef47f8fbb6b041e28a370,needProcess
united_kingdom/Enforcements,2a01c7931d2ebfb2a938ef2e0f65a202,non-GDPR
united_kingdom/Enforcements,77c6e4b8d5f4ce37af37b1952c0d9695,needProcess
united_kingdom/Enforcements,32feb6f3b7f036f749493fb13355b0d1 -02,needProcess
united_kingdom/Enforcements,6ea38eac5181d1862a4cb0e9c3e4d388 -02,needProcess
united_kingdom/Enforcements,1deb797e96d944fe5c189b2873b02139,GDPR
united_kingdom/Enforcements,acc59c30a75c4ce8908488f37e534d50,non-GDPR
united_kingdom/Enforcements,252b1d6687cb8c2003e8dd9c1cc961e9,non-GDPR
united_kingdom/Enforcements,fe98418e9e7e78dda4a4c597edf255f3 -02,needProcess
united_kingdom/Enforcements,7cd02f4b282a704cef745fad2fb34865,non-GDPR
united_kingdom/Enforcements,d55a7ebc4209eadf42549a9222f7616b,GDPR
united_kingdom/Enforcements,125afde58459cb2cf5757e0bc9864e2c,needProcess
united_kingdom/Enforcements,62df76c84098bdf5327cbd74e1fa4113,GDPR
united_kingdom/Enforcements,6aec38c11dcd3e795854d4788ed91198,needProcess
united_kingdom/Enforcements,d0b9b271c7b9abc42c7441ad0abb8b7a -02,needProcess
united_kingdom/Enforcements,100fa83df289621b75281a81a36f89f6,GDPR
united_kingdom/Enforcements,2f5b03f118590e78f836c8f312a19501,non-GDPR
united_kingdom/Enforcements,6d25fd64185d74060eb1a9e5d5c48724,non-GDPR
united_kingdom/Enforcements,4ee35ac7d7bb5de4822d1fafe59e36aa,non-GDPR
united_kingdom/Enforcements,34b9db63ecf6821f8b5ab89579f9b227,non-GDPR
united_kingdom/Enforcements,f433ee8c46943511098a60c286e78142,needProcess
united_kingdom/Enforcements,4abfb6fe0b95780f0b562c8311272330,GDPR
united_kingdom/Enforcements,0f02fef03ac7167fc43de9249174a425,non-GDPR
united_kingdom/Enforcements,10f5bfdc61fa9e065a6fd507b0d0d67b,non-GDPR
united_kingdom/Enforcements,e0442441ef966e2714abf2355d4cf652 -02,needProcess
united_kingdom/Enforcements,9b96b18d70e3aa17aa966abadb215788,needProcess
united_kingdom/Enforcements,f093d753af5c78ff853af1f0ad4973f6 -02,needProcess
united_kingdom/Enforcements,a3b1e998a747fc9b5cd35ac1552eb2fb -02,needProcess
united_kingdom/Enforcements,d0b9b271c7b9abc42c7441ad0abb8b7a,needProcess
united_kingdom/Enforcements,09134607cbf96d3fae6515ca58cebdbc,needProcess
united_kingdom/Enforcements,3e8c580485c43d17db155fd30630bbe5,non-GDPR
united_kingdom/Enforcements,1663894d7ebe7094b733cc0f447abed9,non-GDPR
united_kingdom/Enforcements,6863d988180959cdf2f4466f5bf6d149 -02,needProcess
united_kingdom/Enforcements,e3e5f3b290ceff59714c7839baa4211d,non-GDPR
united_kingdom/Enforcements,31e3e70b59a9ae3e2107b86c36471941,non-GDPR
united_kingdom/Enforcements,85d9fd2e1b5aecb0a1951928199d20f2,non-GDPR
united_kingdom/Enforcements,78b09a40e43a48f5103e22c56ef5f470,non-GDPR
united_kingdom/Enforcements,7c0528ab6f933e04e88c2d4fde763fc7,non-GDPR
united_kingdom/Enforcements,a9da6e69c32e0ba67a687170184bd56a -02,needProcess
united_kingdom/Enforcements,142ae218c8e5b6e714bc71f8298df5a1,GDPR
united_kingdom/Enforcements,fea49a64f5cf97d50121d8f54d105a15,needProcess
united_kingdom/Enforcements,66dd57178208e5a89ce4dae0abc05718,needProcess
united_kingdom/Enforcements,c30af0d7c730774958966dd054e605c3,needProcess
united_kingdom/Enforcements,ffbf6a8b7c56ae7af8ceb4a8f3e9639d,needProcess
united_kingdom/Enforcements,df1ecc2c39f30c55a978d4fe72a94eef,needProcess
united_kingdom/Enforcements,93e20794ff2234772b81c6ffe78a717f,non-GDPR
united_kingdom/Enforcements,0d9d6fdcab98fb1b52d0e2388709335e,non-GDPR
united_kingdom/Enforcements,85bd281cdb8881659da0034760391d4e,non-GDPR
united_kingdom/Enforcements,bc7f8533fc60ea830d4af1599ae2c171 -02,needProcess
united_kingdom/Enforcements,1394ea28419d2c68976bd17c456fa329 -02,needProcess
united_kingdom/Enforcements,a9409d9171101f473fba6f3058fab42a,non-GDPR
united_kingdom/Enforcements,501112cb542e4f1e0fcede8cfd3a0454 -02,needProcess
united_kingdom/Enforcements,45d93950f73ac767b0f616bf70059c32 -02,needProcess
united_kingdom/Enforcements,fbd4ac958a505e2e62eb31cadccb8be4,non-GDPR
united_kingdom/Enforcements,6f969f33498a96f9c782c77c4406c64f,non-GDPR
united_kingdom/Enforcements,c9ba4050dcc32c1210c21bf4f3f6be2f,needProcess
united_kingdom/Enforcements,ae146b8ed51058561cfe1b5c9eae7a87,GDPR
united_kingdom/Enforcements,ae146b8ed51058561cfe1b5c9eae7a87,non-GDPR
united_kingdom/Enforcements,8caff13c3abed2ca61bfe7869ddabd38,needProcess
united_kingdom/Enforcements,b9306ab4af53a19ce0f47968d3ca7aef,non-GDPR
united_kingdom/Enforcements,a85e4af52514cceef7aa024fdffa2067 -02,needProcess
united_kingdom/Enforcements,64b39c4c25a2b09bf34072b664fa80d8,needProcess
united_kingdom/Enforcements,51876c7c4d77526f8aaab6fa60f101e6,needProcess
united_kingdom/Enforcements,1c14202502396cf5ac603b16c98092ea -02,needProcess
united_kingdom/Enforcements,065dee3659e0789fa084275ed4db6cff -02,needProcess
united_kingdom/Enforcements,68dc09e095dfc5049c030336b47f65cb,non-GDPR
united_kingdom/Enforcements,acb7524e6a9deff6634beb5686ba1928,needProcess
united_kingdom/Enforcements,438a3c878543275aea35ef54c618a0bd,needProcess
united_kingdom/Enforcements,19a08b54400f98830173e6ba588edca9,needProcess
united_kingdom/Enforcements,7c0528ab6f933e04e88c2d4fde763fc7 -02,needProcess
united_kingdom/Enforcements,e0eaf9f2c03bebeb377d4a21527704d5,needProcess
united_kingdom/Enforcements,a2f13f53cad3609f7c3e644084ad8284,needProcess
united_kingdom/Enforcements,7503267e0f638cb3d5763baaa09dcd50,non-GDPR
united_kingdom/Enforcements,4335c7c12ace5eef364dcfa84bb42413 -02,needProcess
united_kingdom/Enforcements,1a2efbf1de0f8c766ffe39d11210990a -02,needProcess
united_kingdom/Enforcements,4ccc9c0ed9fbd5f720096143a6833f48 -02,needProcess
united_kingdom/Enforcements,e2c2f39ae3a6ce9e8731c305db87ab49 -02,needProcess
united_kingdom/Enforcements,1c14202502396cf5ac603b16c98092ea,needProcess
united_kingdom/Enforcements,0eb042aa3748bc1aa9c55e81717c6b2c -02,needProcess
